gps_cell_offset_km,gps_wifi_offset_km,implied_max_speed_kmh,accelerometer_mag,accel_gps_delta,ip_gps_mismatch,timezone_mismatch,shared_device_count,rooted_device,claim_cluster_10min,claims_last_7_days,seconds_since_trigger,gps_zone_offset_km,platform_login_match,cross_city_claim,label
1.6678951287341455,3.6465147839694176,85.0,0.18545232812645346,15.879555492909883,0,1,7,1,18,9,12.814376015567037,4.812573697168495,1,0.0,1
0.19277930925913433,0.08887868598098934,30.092360667407185,7.553785173278955,2.8181755254714744,0,0,1,0,1,2,66.31859428192361,0.9,1,0.0,0
3.8456476503634036,3.5493512583489513,0.0,0.0932280389633103,20.618027906273717,1,1,6,1,32,7,8.855087854628279,4.63482870908295,0,0.0,1
0.050862532892727165,0.04141591497577602,16.003529767261885,5.415614211625554,2.99109287659804,0,0,1,0,1,2,256.8079127868662,0.41431220464817814,1,0.0,0
0.3756265699690622,0.018390111759976166,15.32069548968329,9.056771390641766,0.09442664702746972,0,0,2,0,1,3,155.4159648639404,0.23663037408232396,1,0.0,0
0.009199365114534591,0.03196412254172096,16.44870402467903,7.640334353704293,0.26867542112368503,0,0,1,0,1,1,147.27181323101178,0.2608244278766438,1,0.0,0
0.03921397790119584,0.07588122172606623,29.548410040954174,6.9484280213748,4.338822941528244,0,0,1,0,0,2,156.16181996743597,0.34451901530981727,1,0.0,0
0.06803818951931315,0.14751602207319994,16.468274786754584,7.3990962546215755,2.6727269777566898,0,0,1,0,1,0,30.0,0.031192940974724012,1,0.0,0
0.12140456220805454,0.01677266067125546,22.27014611854053,7.819960418753086,1.4193647202472937,0,0,1,0,1,2,250.140981911055,0.17933957817547821,1,0.0,0
0.22879981359939364,0.11310614529186022,26.723673973484665,8.005298145702174,3.132405540709269,0,0,1,1,2,0,46.483942800870864,0.6246899904880214,1,0.0,0
0.6315376718387153,0.0696719153980561,22.46186953242531,7.4733738219886785,2.923153350505044,0,0,1,0,1,3,253.37464156871522,0.18747522896782248,1,0.0,0
0.17635775285348823,0.0504469415630964,30.505681271157435,11.191750006355434,2.8471112074394025,0,0,1,0,1,2,680.8281591969893,0.20880934551141703,1,0.0,0
0.08926608929682728,0.08590197299793241,17.86774089876512,11.083431215042479,0.007934935178627534,0,0,1,0,1,1,30.0,0.17858070222262878,1,0.0,0
0.019036604096263298,0.03949879013186001,19.350030075362135,6.782827548740029,3.454664291385046,0,0,2,0,3,0,408.8398263639954,0.18014365426815043,1,0.0,0
3.1433519983722884,3.029855201395824,0.05,0.2149578989454079,11.26749479972325,1,0,8,1,18,10,14.75893554038628,3.2057433063882237,0,0.0,1
0.13063137126955954,0.02991746715712325,18.813026557503136,9.255236812840186,4.126441827526385,0,0,1,0,3,1,532.3788614415726,0.12849362467675116,1,0.0,0
0.23296193438105264,0.430910933479764,18.607219015690394,8.69379575206863,1.1540663598970315,0,0,2,0,0,0,86.38324887655594,0.10425636811989787,1,0.0,0
0.166921683488101,0.006669005494560632,24.237549282515346,6.89921779140662,1.6384880275495308,0,0,1,0,4,0,248.73542177131068,0.16766770030442904,1,0.0,0
0.0835425262819187,0.04843544577640017,28.5784640268868,7.279558614924293,3.4378969933684322,0,0,1,0,5,0,30.0,0.3067544122523521,1,0.0,0
0.09708941869283864,0.056808164712001376,39.27822123510457,8.273658703419873,1.0950220080991908,0,0,1,0,1,1,120.78533986377377,0.4508844902534095,1,0.0,0
0.2386235485989867,0.006227915565430582,19.497514622774887,5.937170040443947,2.8543173391737833,0,0,1,0,1,0,284.9876039878925,0.0016350728621519314,1,0.0,0
0.1816140766437085,0.005430286960702888,30.41857049880248,10.930131211183276,0.8449701595919816,0,0,1,0,3,0,413.59825363426165,0.5609687804087508,1,0.0,0
0.16568935485208774,0.06387688003066344,15.81807016328693,7.659471937682342,2.473649777413474,0,0,1,0,0,4,269.88169495493815,0.42914843875398506,1,0.0,0
0.06698636962705223,0.0028633773959389347,19.60578994257444,7.838378960955456,1.30549683861519,0,0,2,0,1,2,133.792990129604,0.11140779776040527,1,0.0,0
0.015321646985477617,0.008391491176467456,35.879498032219374,8.832677731901311,2.971088338382202,0,0,2,0,1,1,44.589834352153645,0.20333129550771029,1,0.0,0
0.007731064083082122,0.027166784590253762,36.71129936657593,9.918059550636608,1.5543232600985906,0,0,1,0,2,0,72.52711830634786,0.11575150385969318,0,0.0,0
0.10850320655562201,0.17036126208879046,23.403482274746324,8.054869858457174,0.4178248885567928,0,0,2,0,3,0,247.58615750342963,0.05956111240193693,1,0.0,0
2.4502350956384213,3.580564136609005,220.0,0.1712087183771331,13.817273940078282,1,0,5,1,32,10,6.893905723258236,1.5557741231249929,1,0.0,1
0.37302696756267595,0.014400106072794442,14.79173160831899,6.83398348832112,1.2877989751493724,0,0,1,0,2,1,282.3308750755206,0.5501476995415979,1,0.0,0
1.4664322529324796,5.073400814088763,220.0,0.19041862156705155,12.963433933444382,0,1,5,0,18,8,3.7342432063382978,6.073694159783874,1,0.0,1
0.09411388586133161,0.3127838280668648,24.456038418128802,4.411339047597851,2.2223777489305565,0,0,1,0,1,1,133.90427709972508,0.3958484316008726,1,0.0,0
2.137462976231987,1.7635272285515564,85.0,0.24573276860290955,18.594918318215758,1,0,6,1,25,12,20.391945835951248,2.6733344823773293,1,0.0,1
0.05572405970409344,0.005793778517894759,35.967292560727955,8.169834675258029,3.008752071684044,0,0,1,0,2,0,30.0,0.16232399034555411,1,0.0,0
0.07450693310651012,0.04610654872335212,23.732638027488548,5.739294129173629,0.4269914573504996,0,0,1,0,2,2,283.0918727935627,0.046520189747423564,1,0.0,0
0.001240529614089414,0.13117945246791732,30.642913668851346,12.962992670404933,0.4756409298028228,0,0,2,0,1,2,64.52837660918249,0.12473710620962858,1,0.0,0
0.019799715150036454,0.19095014062906757,26.29079288394726,10.392487343230629,1.9284859907270178,0,0,1,0,3,0,40.94896301486577,0.5220942572529282,1,0.0,0
0.05536317767648657,0.043364596925539366,29.407894482772438,11.825827309974885,2.891578456695117,0,0,1,0,1,1,266.73545004882163,0.32575496110284474,1,0.0,0
0.7021834513988375,0.0042066286860252605,28.943756941328484,4.048129164083845,0.7555639522513047,0,0,1,0,0,0,71.13541761129036,0.37860100467219776,1,0.0,0
0.15051360431010916,0.15852884815805002,27.489082848342495,8.807527659089413,2.0863330187871627,0,1,1,0,1,4,67.23014011983719,0.0063799892503444006,1,0.0,0
0.132547151841814,0.019031582632630915,30.408176600861168,11.199092627667486,1.802471395708785,0,0,1,0,0,1,79.71607771238061,0.19673194495803434,1,0.0,0
0.43377810435345304,0.011173310289082479,21.973694852495385,6.51827849196657,2.172812279771284,0,0,1,0,0,1,30.0,0.020253624142239836,1,0.0,0
0.13575849809412674,0.032869001405343205,29.88779202456218,6.068913575897886,2.1123320683872047,0,0,1,0,0,1,137.08755133526793,0.014974831642790554,1,0.0,0
0.16346490491624632,0.14425603304157913,29.214129211849908,10.275245926760793,2.4596260372158683,0,0,1,0,0,0,168.0316478780131,0.040343996791501566,1,0.0,0
0.02097461868879641,0.015293852357687186,20.038679318693042,8.146649814583515,2.2707565235498435,0,0,2,0,1,0,229.74668885150632,0.09097779643411918,1,0.0,0
3.882385579712926,2.9355390100968126,0.05,0.046827366223600175,8.62125585976397,0,1,6,1,60,8,15.221297235162275,2.243164538251996,0,1.0,1
0.04449405956591563,0.0057188215984095726,29.77965630528572,9.28096858774867,3.524676742847567,0,0,1,0,1,0,112.67903780889804,0.23860327298844897,1,0.0,0
0.021533358787194083,0.1378404513485232,16.705409285643984,7.00398102679893,1.9643614390683313,1,0,1,0,4,3,150.83530302555303,0.17743710457773176,1,0.0,0
0.4026965169383891,0.013653825324418528,28.533399895113686,8.094063313704229,1.0252648180875794,0,0,1,0,0,0,31.536769901188492,0.0692062594783664,1,0.0,0
0.06536953782542602,0.04761524762706533,21.46643070535368,5.780063572655452,0.5711433861065649,0,0,2,0,2,1,657.955684813141,0.28453544794083857,1,0.0,0
0.03609269081715413,0.026801434321951007,21.243885105575753,11.470433168294235,2.34460932059411,0,0,1,0,1,3,71.89338473116419,0.3117648899366585,1,0.0,0
0.040867604212385014,0.047532470951163745,22.9461587747398,8.834005843391477,1.281966917827726,0,0,2,0,2,1,30.0,0.512154926083246,1,0.0,0
0.10278138967346183,0.10800621156233402,16.373954255717877,9.483756301157776,1.7008048498306785,0,0,1,0,5,2,30.0,0.22978410280161002,0,0.0,0
2.323190792857984,2.591884939481991,0.0,0.0009552298703769668,13.489295117264072,0,0,7,1,60,6,3.4381347029511646,2.2732007228972373,1,0.0,1
0.14651023174352162,0.03777809260866624,21.444444414520778,5.420748611588079,2.223030257585134,0,0,1,0,2,1,313.90604829805187,0.23411271901110717,1,0.0,0
0.13095567165435984,0.02153582958994783,22.129531886346363,9.83815050899273,2.0818613410817557,0,0,1,0,3,0,164.79565855172143,0.15586770698089047,1,0.0,0
0.11411763288933587,0.07118501883106179,25.444225330301542,7.3565228355496215,2.6069137102870483,0,0,1,0,1,2,139.986948474249,0.4308107088399168,1,0.0,0
0.018102109264559664,0.0186377191599557,21.595363656288065,7.937611975605141,2.1549720185564727,0,0,1,0,1,0,30.0,0.06180037768132636,1,0.0,0
2.0769601874053123,2.742506976253447,220.0,0.018409830015440276,10.843150884324888,0,1,8,0,32,6,18.304831074583475,4.500827428044996,0,0.0,1
0.03983722180784717,0.03543356715586938,31.563309657303538,8.323479539729917,1.246879049567338,0,0,2,0,4,0,160.97244219980809,0.02419926021638072,1,0.0,0
0.2172706545909647,0.2319573252279051,26.056467315877953,9.285814718028783,3.3743116206542387,0,0,2,0,0,0,174.75000293954798,0.336592384078183,1,0.0,0
0.028737779219213215,0.4850287073361184,10.865773900507929,8.906552442114926,1.6721846897606418,0,0,1,0,2,3,30.0,0.011825325106832457,1,0.0,0
0.024468437386693444,0.06966076641210728,20.591541772428297,8.927193149128632,2.1395631528213372,0,0,1,0,0,0,80.96680940694075,0.1584012431527596,1,0.0,0
0.023982428126656647,0.08852722219589784,26.801332411731455,8.992695905896998,4.465927331461365,0,0,1,0,1,0,37.62409501259262,0.13715200398937213,1,0.0,0
0.040792388019946134,0.06510674869692766,24.598483334558406,11.235302607871944,2.8693971750787908,0,0,2,0,2,2,247.69470442815225,0.043739464053555284,1,0.0,0
2.476316139446732,5.153005762188282,190.0,0.06487959402912985,15.108688358883523,1,0,5,1,25,13,24.107281312539016,2.3126627780606004,0,0.0,1
0.11598047026711023,0.01888575895388272,20.354432596820924,10.150448838363252,2.8212011497518232,0,0,1,0,1,4,30.0,0.22686208512521233,1,0.0,0
0.09216941212945079,0.004201671717818032,34.15493617794746,6.544491197915903,0.2646892964072285,0,0,1,0,1,2,195.53609310891963,0.29338084033896167,1,0.0,0
0.033231820186596164,0.02879461390911366,14.746510826337623,9.760215991167465,2.7848253685484936,0,0,2,0,0,0,270.4390978886928,0.5773094523936734,1,0.0,0
0.002208101349924003,0.1283887311912258,23.167530359713375,7.469212403769158,2.294454597301972,0,0,1,0,1,2,85.85490710380219,0.13394951474917036,1,0.0,0
3.96863550258775,3.4402776063946674,0.05,0.10124246149872557,15.181394748750714,0,1,7,1,18,12,14.931365148981238,4.040171960270426,0,1.0,1
0.17176705351244723,0.11315142656701427,22.99673926335134,5.861609894464401,3.0625720057333625,0,0,1,0,1,0,60.16879288780172,0.04798310185390073,1,0.0,0
0.22762186699876089,0.23295494566733063,14.552968109499131,9.486508352386064,1.1287910209669876,0,0,1,0,1,0,95.01419461261315,0.07618989726257497,1,0.0,0
0.059681895559402176,0.0760929311980059,30.58888050801917,8.803695099283141,1.5645910293819139,0,0,1,0,2,0,270.4959894680424,0.45620108059816933,1,0.0,0
0.18512888614597436,0.014104394049255294,30.820989211883386,7.620767693965988,2.6389230223745517,0,1,2,0,1,1,511.0036904868794,0.09762881597119571,1,0.0,0
0.33428715623807437,0.023900990141809336,30.39655087830174,4.987539531040847,2.300416099551269,0,0,1,0,1,2,30.0,0.3409305170738027,1,0.0,0
0.05020273079869334,0.018869714248299262,37.23974570657718,12.164239215154602,1.5315223492680876,0,0,2,0,3,4,130.49194031128175,0.39641981190916664,1,0.0,0
0.007752922627639695,0.16837431343277837,26.12761697995982,9.931834280971131,1.4371956687021088,0,0,1,0,0,1,134.9504035426645,0.03964423543875685,1,0.0,0
0.4172501059832129,0.10260768754725728,33.513888916873114,8.078330562690839,1.5394765788386862,0,0,2,0,3,0,86.4873233224192,0.10662815582999195,1,0.0,0
0.07965266411979233,0.04391623767322469,32.53396068133105,11.951996004188674,2.328208968428764,0,0,2,0,4,1,30.0,0.00030886075533677945,1,0.0,0
0.2617359083275936,0.03918035394722278,29.048824232946547,8.69825158495232,1.3995530344113254,0,0,1,0,2,1,200.57801571304813,0.06567799677057255,1,0.0,0
0.13638260016262765,0.056216105880664106,23.842966593828038,4.55855743630886,2.434578500965418,0,0,1,0,0,1,223.90196545501573,0.3486923089291711,1,0.0,0
0.21431490849654722,0.11247815308578162,26.583417456825643,6.569207681636599,1.9792128161090987,0,0,1,0,2,0,198.15332173587655,0.40082092270897035,1,0.0,0
3.989017189782515,4.292687397617651,0.05,0.2451671290856659,15.371668854401449,1,0,12,0,32,8,3.2507388976452134,4.318912434830606,0,0.0,1
0.3717724198267568,0.004522775838898683,32.44718087811695,10.588772103753158,2.415922659057591,0,0,1,0,1,1,427.13188347828964,0.04012266564077136,1,0.0,0
0.03317532637942025,0.03564588164809199,18.8722226900759,11.167277123719655,2.159036264731735,0,0,1,0,3,0,160.38831730005532,0.04093769547498366,1,0.0,0
0.1084189730551451,0.012126630018700155,36.387231076374334,8.622687328481728,4.503636642288333,1,0,1,0,2,1,30.0,0.23259729727930184,1,0.0,0
0.17912373786675104,0.00458791915763227,17.729033946283113,12.281459697188058,1.8035307754484746,0,0,1,0,1,0,275.39702306219175,0.01638244384371398,1,0.0,0
0.04361824336772675,0.07566903191947963,26.863933934506726,7.244490026485021,1.7868862459072108,0,0,1,0,0,1,266.6567371066172,0.24232412168672793,1,0.0,0
0.41507442831675784,0.04055133451428862,24.940217556410136,9.758476360590482,2.5992628254007983,1,0,1,0,3,0,30.0,0.3307115114783239,1,0.0,0
4.227110555843301,6.184596772672123,85.0,0.22198922894308698,15.725028530220492,0,1,5,1,18,10,23.074053709620895,3.109623043278325,0,1.0,1
0.007685342925371803,0.08030824491053017,24.16011650376325,11.838766919095294,0.6355594411487393,0,0,1,0,1,1,30.0,0.24416379086690912,1,0.0,0
0.003957768250626365,0.04599808314622538,22.477855366675502,8.99081948354268,2.7508321093468155,0,0,2,0,0,2,199.4549708776745,0.44331931650024886,1,0.0,0
0.1338186012356752,0.016271663458553028,26.553334615051956,7.753882664672169,1.6112312495704182,0,0,1,1,3,1,522.622405621475,0.2149969395605993,1,0.0,0
0.01619734286172303,0.04903654057674423,29.036247801726734,10.049546780148715,2.487786017510898,0,0,2,0,4,0,189.8297430649694,0.2460363699933173,1,0.0,0
0.28507284898833335,0.050044364944000955,28.063814824467862,7.633431652744291,2.5558564515518563,0,0,1,0,0,1,30.0,0.16343909561868347,1,0.0,0
0.08801980145154978,0.0945771276859366,28.84963268379182,7.942410040456894,2.1680256017595316,0,0,1,0,2,0,371.12814820705705,0.06420318041639479,1,0.0,0
0.055534213202924364,0.1374097502587781,22.535248143765095,11.055753042083944,0.9241414381621333,0,0,1,1,0,1,57.37330911238669,0.09001251474394367,0,0.0,0
0.09118930130259796,0.011784154117802615,21.592840376953415,8.45559955312935,3.7564932816753194,0,0,1,0,2,1,101.19692607538181,0.07775967185254995,1,0.0,0
0.2901961310398953,0.05611577716620658,40.36451317995355,5.489868286192591,3.3227428318797863,0,0,1,0,0,4,30.0,0.04719884059727152,1,0.0,0
0.08492670045256141,0.05008059333855536,23.15722750083618,7.553633787385773,1.8767580611488663,0,0,2,0,2,0,79.25971036548239,0.0679391851717197,1,0.0,0
0.1558189708104257,0.025715177187000372,27.24388632053168,8.91301125029166,2.341830321846106,0,0,1,0,2,4,180.82167251631878,0.01976545362275538,1,0.0,0
0.2464842668402878,0.06312854934101202,32.57270024764396,10.34606687447146,2.5506793226250375,0,0,1,0,0,1,102.25525304814317,0.005918517929022364,1,0.0,0
2.6246079011028565,3.4608733911821554,85.0,0.16020477977587233,6.274470522354091,1,0,6,0,45,6,6.86025934814785,6.073314954931529,0,0.0,1
2.4744944563916715,1.8678904689525415,220.0,0.009626424335145378,17.224245617225115,1,0,8,1,18,13,19.456490793497267,1.5,0,1.0,1
0.09718462948171389,0.05414064833719574,21.864271563359996,9.834710568909356,1.8369387202730252,0,0,1,0,2,0,321.03359102660016,0.09580723952961319,1,0.0,0
0.032107017518120215,0.015450522664401159,23.825595321141837,9.25966691007417,0.0,0,0,2,0,1,2,87.80098097706271,0.010507923562948555,0,0.0,0
2.44362600561402,2.1473150766278772,190.0,0.10808869402601282,13.11080306993338,0,1,15,1,18,13,9.855313538832544,4.630141505488971,0,1.0,1
0.09351524629671129,0.5,16.871977755143533,11.47230265028669,1.1888559852495364,1,0,1,0,1,1,71.72022671758178,0.25589176631857913,1,0.0,0
0.08892703737425321,0.0830872788067413,40.15521870061165,7.0032336386179335,2.9600608747015222,0,0,2,1,4,1,358.4740644053428,0.2190724528190554,1,0.0,0
0.13350252530414827,0.0342451617215496,22.55763371140658,9.193565109188393,1.6456776597509013,0,0,1,0,0,0,108.51896844578214,0.3942351401931814,1,0.0,0
0.0006089324462156402,0.16293120856667262,33.7474216303703,7.406323089610435,1.7238679135188348,0,0,1,0,4,2,177.58504422137082,0.6346169834622801,1,0.0,0
0.046543735686869946,0.0128229653919677,22.520785165338637,10.666784287166704,1.0169670132802464,0,0,1,0,1,1,150.24853900464288,0.391847887752023,1,0.0,0
0.027121812808039925,0.12141636004629022,11.852983753866296,6.081351064443173,0.7528100078870712,0,0,1,0,0,4,233.9959302413452,0.033979779096778455,1,0.0,0
0.16496102332276208,0.11250024137871323,23.893452949209067,6.361791417668074,3.2511489130189024,0,0,1,0,0,1,203.0306090682665,0.5631850032358912,1,0.0,0
0.07915826370645511,0.14412382960067466,29.133873864765082,9.206787594917914,3.4746939853456826,0,0,1,0,0,1,263.8003407294506,0.7534856228316498,1,0.0,0
0.1413473565979546,0.023208368567968516,23.180166000676373,7.147897823422825,1.3668136606347665,0,0,1,0,2,0,108.86138328957584,0.11198442104974965,1,0.0,0
0.4196865397348078,0.14728779541122608,31.247886150114084,9.00317583599769,1.402734626726494,0,0,1,0,0,0,438.70094642323164,0.5022993259023079,1,0.0,0
0.0071501868074980894,6.318583369924285e-05,23.677548597595145,3.4795557179191743,1.1006267986581033,0,0,1,0,2,0,374.307735743628,0.0500314031876705,1,0.0,0
0.17607064013164528,0.25192390997249375,27.115752384433556,7.84716474770381,1.7892895194238283,0,0,1,0,2,1,244.80999456104573,0.1639778729585899,1,0.0,0
0.13972630602695627,0.12410678543508993,40.248720197037166,11.245499332497747,2.140425867444834,0,0,1,0,2,1,190.92664129362123,0.14968642300576512,1,0.0,0
0.02666782651072781,0.04197199517747523,32.59133309486044,11.012442688882718,3.031018217042444,0,0,2,0,2,0,416.37472264654366,0.15572351486683245,1,0.0,0
0.23085090186878435,0.1409482049169451,32.08321892871588,9.872577083463627,0.9891863288826832,0,0,1,0,3,1,30.0,0.0053610729065093135,1,0.0,0
0.23072119227233737,0.23167107122830943,14.959401403563495,10.751359864246924,2.754465828935119,0,0,1,0,1,1,30.0,0.164807658983525,1,0.0,0
0.021441215094546683,0.04099553152086182,33.43517213312062,8.028039802266107,2.0314174734665507,0,0,1,1,5,1,298.025591188462,0.37178608681083136,1,0.0,0
3.0681253544775404,1.7099922687157874,0.0,0.18723667327252755,10.888348067289385,1,1,6,1,25,9,24.75252399146753,3.9565750221930687,0,0.0,1
0.020849894447421993,0.05330353810314107,18.194116161355588,5.863197235053067,3.3627595622962554,0,0,2,0,3,3,104.00982265542861,0.24157716862241296,0,0.0,0
0.42650124466338135,0.08725444101916133,36.469002155376984,8.13718793056562,0.663730363448646,0,0,1,0,1,3,65.13403799944824,0.19456155264919955,1,0.0,0
0.0025798636992313577,0.22011383762545925,29.91879914179642,9.637539390678898,2.209354330187615,0,0,1,0,3,2,30.192873567798767,0.033370266518220934,1,0.0,0
0.0042345682250435595,0.027023834301175602,27.77578488008668,6.236551622800681,2.1776609964689895,0,0,1,0,1,0,65.25316168581766,0.551774120604707,1,0.0,0
2.836728422174715,3.9755856020519516,85.0,0.12844941893918926,18.717439688563,1,0,7,0,25,6,21.040711615849865,1.5,0,0.0,1
0.0496481314226359,0.04552374459020475,34.84477307557556,5.0862748756139,0.9423710697651939,0,0,1,0,1,0,312.63042388378403,0.05325366054727862,1,0.0,0
0.01672334386005669,0.006022923695718088,22.500902758464775,8.961083173701459,2.0851959299707876,0,0,1,0,5,0,30.0,0.01194081560429088,1,0.0,0
0.00811079225873692,0.01084741717534739,29.335011167019875,10.916646571894466,3.2882104710660833,0,0,1,0,1,2,156.51852638696704,0.3491954966377988,1,0.0,0
0.16093521430231902,0.13893461731319093,25.650628368711867,6.9624663428786135,2.179398039180446,0,0,2,0,3,1,191.69195248423082,0.06575251662050206,1,0.0,0
0.1145816917128856,0.013544683358030054,26.828311532287415,10.219390102595531,0.39931689098401435,0,0,1,1,0,1,133.50433716382872,0.3698624434723045,1,0.0,0
0.047671571233092354,0.23455739668281797,24.696962467240457,10.489036232056954,1.1230654181254738,0,0,1,0,1,2,645.5390145412761,0.036269370169670606,1,0.0,0
0.15209510968197337,0.1256904625003686,35.21075288011356,10.724121360066315,2.397266335621498,0,0,1,0,4,0,449.78413494306795,0.24790936029457772,1,0.0,0
0.06572384416248298,0.04902937747377453,18.328904324408978,10.95745611045784,1.4621716301349776,1,0,1,0,2,0,169.54986215906177,0.2576571492476755,1,0.0,0
0.038086221078503374,0.03454177290577022,32.79341921729366,5.570586636764866,2.5304897985298727,0,1,1,0,1,1,141.3511478869043,0.35689717956025374,1,0.0,0
0.3098698405626811,0.15512074946162918,18.385759272524325,8.457335236737825,0.5943231922959982,0,0,1,0,1,2,190.1211820950948,0.08623591218434082,0,0.0,0
0.134049064012777,0.4419729504836061,35.21441386263663,8.661427453452893,1.4573391010259336,0,0,1,0,1,4,35.61080399416318,0.19936358232305604,1,0.0,0
2.282926432240301,3.6108589161623845,0.05,0.08101639856754075,9.191181419570949,1,0,7,0,32,7,9.56160829862033,2.726988594645447,0,1.0,1
0.09488023141737274,0.08252538058843907,26.1350361626176,8.933582555208986,1.177997479885092,0,0,1,0,1,1,98.4547549101477,0.017417499779444418,1,0.0,0
0.3630065414926257,0.15037125345388352,20.303304506497494,11.293195692446355,1.489501441236404,0,0,1,0,2,0,130.64957160713686,0.09158398684073384,1,0.0,0
0.04560307332681444,0.3563372834338173,22.857641288808956,6.26121824050818,3.15423480489976,0,0,2,0,1,2,420.49542672928436,0.06646360260740428,1,0.0,0
2.122071982860856,1.8187678291323166,0.05,0.09073330193412926,17.00973028528298,1,1,15,0,18,8,6.852956415289987,4.519593169080029,0,1.0,1
0.08765943899778045,0.004492644715261113,25.845789492381417,9.763800678315626,0.0,0,0,1,0,2,1,401.14250456202313,0.028164646873812378,1,0.0,0
0.1325215966609101,0.024933319932582108,22.36116097992342,6.295830870447869,0.1918770460583763,0,0,1,0,4,3,30.0,0.01901693525884863,1,0.0,0
0.0064044582814809636,0.053128516703621655,22.56571436181343,5.843296416974265,1.6201087913124164,0,0,1,0,1,2,197.98497321880438,0.12002487461148609,1,0.0,0
0.23492360843470236,0.03788906507752724,27.657019847184753,7.727525822577265,0.9268925859013231,0,0,1,0,0,0,148.84256511686633,0.7428527155668955,1,0.0,0
0.037338983600347916,0.0011974063965372026,24.808433456201744,10.937330421577842,2.5577388289323713,0,0,1,0,0,2,135.32380409491023,0.1929352408809922,1,0.0,0
0.07102833217306963,0.016487669221069833,16.775401735237182,6.831611812252435,3.23779650381161,0,0,2,0,0,1,275.3654110856365,0.11699887891452394,1,0.0,0
3.2855548938196724,2.7691564091194922,0.0,0.20095095089352535,8.711643080170738,1,0,8,1,45,7,22.753180964581503,1.5,0,0.0,1
0.09569535788344714,0.0687446403347267,37.640520130328866,11.528495199961775,2.5980922727774547,0,0,1,0,3,0,264.2857628371954,0.9,1,0.0,0
0.006233849173750801,0.07516380529064884,23.255665521330197,7.914967612901316,0.8236181454844869,0,0,2,0,1,1,290.1410817030384,0.1697190274544863,1,0.0,0
0.14472158470138755,0.13465053113241504,11.859605098337422,2.984292740905264,1.756097051399158,0,0,1,0,1,1,30.0,0.33971823162307585,1,0.0,0
2.197271945101572,3.8285175858924454,85.0,0.16525591687105176,12.571295838795493,1,0,8,1,18,6,13.6504970823589,4.150081219890188,1,0.0,1
2.667126169911283,1.0666492013949185,0.0,0.17626255657608847,9.769352305507557,1,0,5,1,25,12,6.638357170825953,1.5,0,0.0,1
0.03115773251567003,0.038390985894983305,12.15130558398841,9.694945867793523,0.1953970906107767,0,0,2,0,2,0,194.72891218888466,0.13889251402236177,1,0.0,0
0.01424316256683415,0.034737687134494495,19.328716756446052,7.257336552956041,1.219739274521202,0,0,1,0,0,1,72.6562896165056,0.04395386276510943,1,0.0,0
0.11856923147217914,0.009056105898735624,29.939981363199912,11.185912663262453,1.3242884698413078,0,0,1,0,0,1,199.1782022458921,0.16699173578387735,0,0.0,0
0.046695602702330426,0.18092753085813346,16.05055038277017,9.898900181213083,4.317353765614861,0,0,1,1,0,0,96.85326944773294,0.05033355909536472,1,0.0,0
0.045442324974883624,0.0901959582490647,25.594936885499614,11.185495206633531,1.8722927928513649,1,0,1,0,2,1,740.3182181694868,0.05439909281100992,1,0.0,0
0.6519895430417779,0.04305807949639017,26.21098462920624,10.431147117586367,1.8906309335895417,0,0,1,0,0,3,179.04896210658052,0.07686454772376475,1,0.0,0
0.39538355661695107,0.054628180703127985,36.039239255642286,7.671578438144935,1.5371694765696295,0,0,1,0,0,1,296.8470819596255,0.08282951234519127,1,0.0,0
0.09758811993422253,0.07685165241004849,18.5067222988595,9.749213289788557,1.5075586160787375,0,0,2,0,0,3,30.0,0.059773025925039386,1,0.0,0
0.17136794673938502,0.014785920912091915,22.786778287747698,8.638007001474122,1.3970421911185817,0,0,2,0,3,2,296.50869789063375,0.38119742974145143,1,0.0,0
0.3793444112754402,0.06226626983471189,41.202618671776214,10.874102301332764,3.7107757776943866,0,0,2,0,0,0,31.009350598256447,0.22739524945218031,1,0.0,0
0.15681363446619032,0.1252352416274592,32.55307515889747,8.637500113527144,3.0949695696960795,0,0,1,0,1,1,184.12054022141217,0.04409462640867763,1,0.0,0
0.3475406019449323,0.008813148393554023,27.053321491417307,10.83458143476756,1.1749881015938133,0,0,1,0,1,0,187.7779542726867,0.45072200653213135,1,0.0,0
3.2814703012294633,3.55744712228383,0.0,0.01042280636316173,10.688110963244647,1,1,7,0,45,11,16.67219419097211,3.8167943547231036,0,0.0,1
0.23979493403198637,0.029526717880034307,20.422531371315774,7.9382615084046835,0.0,0,0,1,0,3,2,43.91225581366943,0.11120747353783485,1,0.0,0
2.0915722126383094,1.214395108868009,220.0,0.10598354201888907,11.621244945887744,1,1,6,1,60,6,15.551206692264522,3.1058493218429506,0,0.0,1
0.36173745439046473,0.04999266141274601,23.254392720591834,9.079339624276281,2.457212636211986,0,0,1,0,0,0,171.10714333180573,0.07256522351991986,1,0.0,0
2.3066065307953996,3.0614741966654546,0.0,0.11966099366506733,11.637856351273358,1,0,5,1,32,12,15.55630371118107,2.8214338549339764,0,0.0,1
0.06457416317291705,0.051870705074846535,24.482210648444998,8.693732064951751,3.568199690527486,0,0,2,0,1,0,85.24953213961116,0.035527559850511856,1,0.0,0
1.6975233553762519,2.121455203916823,0.0,0.03007202565411715,14.58309646006914,1,0,12,1,25,12,21.33787339899951,3.0924081693788352,0,1.0,1
2.211652606567207,3.035934178917466,85.0,0.18516882435331483,12.680357596485834,1,1,7,1,25,12,18.266861196436928,5.100152771849731,0,0.0,1
0.00858543738352464,0.001123777642844098,27.31917517500498,2.9325675524038024,0.8163823368036041,0,0,1,0,1,1,112.07134679721597,0.09708196206594093,1,0.0,0
4.096262986428894,1.861572096559937,0.05,0.23075100524840136,14.810092432396704,0,0,15,1,18,13,14.835325117433744,4.065935381921473,1,0.0,1
0.14673214468433532,0.026978814169821824,21.89313787866689,11.899485484397285,1.1393508680852698,0,0,1,0,1,0,99.1355518789658,0.23837134161859122,1,0.0,0
0.055237507560042136,0.14849298183370424,18.612730889852784,9.913910019841085,0.8671171866457268,0,0,2,0,1,2,30.0,0.016165122910971937,1,0.0,0
0.2089803798248582,0.04117259353493987,21.996500176610972,8.09561932922476,1.9716334955704047,0,0,1,0,1,1,281.9165372107306,0.06366737276192855,1,0.0,0
0.0020078013285139834,0.1595702800507199,25.23805962451587,9.15312603172611,2.8614183598762573,0,0,1,0,1,0,201.00425788903823,0.009234239512953981,1,0.0,0
0.008722437453591735,0.034491760352497416,18.420116297921595,10.190560609213696,1.8623431215273227,0,0,2,0,2,0,187.57528685112416,0.0018196001247662357,1,0.0,0
0.8,1.7108118297381545,220.0,0.2091552144269125,11.78276703338657,0,1,7,1,25,12,23.527199526482384,4.129324037214533,0,0.0,1
0.02177613548479617,0.02607432862978149,24.213689799400015,9.980666845112957,1.1065809141607144,0,0,2,0,0,0,30.0,0.681024602992613,1,0.0,0
0.012333277800300748,0.28004305652227707,42.931444455194246,9.94197830686184,2.5617110279184434,0,0,1,0,1,2,68.37742930697797,0.25974729793760404,1,0.0,0
0.014778012552533958,0.04485023287089292,13.990041769533093,6.743002418060991,3.0708575979124824,0,0,1,0,0,3,68.13141832713623,0.04351878310407186,0,0.0,0
0.024771852792906782,0.01117344370666283,32.479737303997084,9.5621702619519,2.569029537259759,0,0,2,0,0,1,157.62783906974718,0.03239866551920569,1,0.0,0
2.587369169730958,3.2336322452997908,85.0,0.14643832613664529,12.238097295022454,1,1,8,1,45,7,2.7367126480954296,2.2474381564336934,0,1.0,1
3.3512302872699804,0.8,190.0,0.2302736814150925,13.534378539229468,0,0,15,1,45,11,2.8368694355151485,1.5,0,0.0,1
3.293604153747874,4.999601105459918,220.0,0.05853301675295153,15.739167744386787,0,0,8,1,18,10,10.168079833732188,4.147078577656584,0,0.0,1
0.012895845929255221,0.04759570785630298,32.762977626027336,12.267622062369604,2.0582443606593808,0,1,1,0,2,2,188.22664163505658,0.03665395391538075,1,0.0,0
0.00839981587772799,0.11031747658535651,25.2806277695868,12.937486715061699,0.5760196661790329,0,0,1,0,3,4,72.69057598692372,0.5098823666002348,1,0.0,0
0.11639954285698016,0.22178300207916807,34.96867057466086,7.700354632809065,0.0,0,0,1,0,3,0,69.04381702054414,0.05554079758582933,1,0.0,0
0.14760571822124785,0.17791685814019068,30.709297510395952,8.600942107366922,1.2502241249681894,0,0,1,0,0,0,132.22790952268318,0.15040530141519806,1,0.0,0
0.12097374432490944,0.001143869656760731,26.139968403444936,13.750611160537822,1.0984345046964838,0,0,1,0,1,1,247.90952463288377,0.01815350112289946,1,0.0,0
0.06146947913748268,0.13704044857270187,35.6609725720796,10.680488567316129,1.9210733242254443,0,1,1,0,1,2,54.90721878906878,0.5925061340814282,1,0.0,0
1.7829940302258123,3.020346250847763,220.0,0.07930375698008954,13.052324055647572,0,0,12,1,25,7,7.942565893754062,4.810248456729049,0,1.0,1
1.725671489550417,2.6473967037050237,85.0,0.06255697653102782,12.369309833719162,1,1,6,1,25,6,9.264216125859418,2.8425812667559356,0,1.0,1
0.16570679135016964,0.0694435872062187,31.444145330734983,11.825554578358938,2.881818280200665,0,0,1,0,1,4,266.0436903861853,0.3251182018506995,1,0.0,0
0.27941348170411584,0.2722581011605572,22.64024750101454,8.637361419301076,1.121863681914593,0,0,1,0,0,0,30.0,0.03517305492652478,1,0.0,0
0.03819740906496552,0.0007311857997926058,21.541864680554966,8.987972375995293,1.6542960943729241,0,0,1,0,1,0,247.75478364619173,0.0233835460846571,1,0.0,0
0.2096448192124219,0.09304305512854079,33.69624639976957,9.47602697275202,2.2345700199365335,0,0,2,0,1,2,272.9762046507416,0.3582144980681838,1,0.0,0
0.06830379068654853,0.0038861283937536547,31.286294816627603,7.575001693600061,1.477640074145885,0,0,1,0,1,1,34.92341935051035,0.2040738840051735,1,0.0,0
0.04710751140164453,0.18895012035542125,34.91990581114059,10.104665555768932,1.8806906881969752,0,0,1,0,1,4,46.16109845583954,0.053087877438568166,1,0.0,0
0.016555668888450677,0.028668461257983814,26.26287153662394,7.056607091969115,1.0551194988759844,0,0,1,0,1,0,230.09623055574184,0.2195927573451579,1,0.0,0
0.18161102761553585,0.06596888123184418,23.64949842714175,7.632976357592933,3.2281152937809283,0,0,1,0,1,1,102.62565006962551,0.014808204554355223,1,0.0,0
0.15555764227335428,0.012945006176336989,15.045182745907544,7.800602509282499,0.0,0,0,1,0,1,4,173.42386306371026,0.1295326032967515,1,0.0,0
0.060495863510613646,0.17639964851028564,30.510719174767274,8.192429669707616,0.3800801968115666,0,0,1,0,2,1,233.5642844242951,0.08517082214866445,0,0.0,0
1.6803235837500017,4.314123773419908,190.0,0.22160663498776595,14.57904322309477,0,0,8,1,32,13,10.357803646649222,2.8902343944303253,1,1.0,1
3.3880307595375774,4.300859888803517,0.05,0.23412235043788626,15.736971963210218,1,0,15,1,45,13,22.072063958000395,2.307814360905459,0,1.0,1
0.41913685592834715,0.017607447264120044,16.091331531604055,9.807785220542048,3.140962932365408,0,0,1,0,1,0,352.09565859335623,0.14972064909438396,1,0.0,0
0.04605955284481907,0.0446252524820014,24.982554043802804,2.592353029198751,1.612239077183776,0,0,1,0,1,2,136.96780780801794,0.4832719935100916,1,0.0,0
0.14829228752845316,0.10919509922846503,22.9562557099372,9.30086398771256,1.626833761497858,1,0,1,0,3,1,42.087686536657586,0.06245457184326025,1,0.0,0
0.2816594140510088,0.07317607005689276,28.570398591427715,8.659576862864647,3.1316785370012177,1,0,1,0,1,1,38.981466495127655,0.20099513888478612,1,0.0,0
0.0813952120010032,0.042309873249732136,38.827928682492086,8.496970994103908,3.078651945959726,0,0,1,0,0,4,52.095006893541246,0.0037383131003417185,1,0.0,0
0.08105944242767694,0.03610260520051706,23.710485983953493,9.000295432070713,3.370316500139314,0,0,1,0,4,1,31.400617802002657,0.22540555420203337,0,0.0,0
0.03053403357034264,0.02169391299894099,20.901695121047815,7.119325875103309,2.783040907286443,0,0,1,0,2,1,30.0,0.3787996568171938,1,0.0,0
2.6228794968424767,2.2603037915385578,85.0,0.046291079937939655,13.057809054608777,1,1,7,1,32,9,15.409841177796537,3.9408544542455717,0,0.0,1
0.07926009509848574,0.04370192884553026,17.393533896043387,5.402833932757215,2.4881542645388235,0,0,1,0,2,0,30.0,0.04701213076834635,1,0.0,0
0.050608099337695216,0.03998463519026483,20.239926765014154,9.0813329862261,3.2254210614586665,0,0,1,0,4,0,62.15654799899904,0.23679129292481185,1,0.0,0
0.02751166017445061,0.07807740445253655,31.91691307929467,11.087978426583335,1.1188586911222376,0,0,1,0,1,2,305.1083119877942,0.13231605350762662,1,0.0,0
3.700402485529218,3.7224899631185195,85.0,0.07785079965573985,20.41708247156113,1,1,6,1,18,13,10.838756792881691,2.038983823003838,0,0.0,1
0.03727777747212849,0.12228765267662803,23.88931592961457,8.749735220390958,2.0984376239245837,0,0,2,0,1,1,214.26396160618452,0.5307426124912161,1,0.0,0
0.05979752996369339,0.07926692261717576,34.92278694775641,7.42567147522336,2.4427533213091044,0,0,1,0,3,1,116.94299329939656,0.5175362488312057,1,0.0,0
0.1463124778443787,0.008495788720158532,34.47116266755723,7.711819042038846,2.311408351189331,0,0,1,0,2,1,348.9352103517092,0.2252586200997139,1,0.0,0
0.20430837368350155,0.05594490724488343,0.0,7.697653656505222,0.8258956196238287,0,0,1,0,2,0,100.91820509046076,0.2008665184243774,1,0.0,0
0.14740769440710216,0.028468094072373797,37.14417429003258,7.12889085703299,0.40517414509917926,0,0,1,0,4,1,102.77048727743934,0.30882524980031856,1,0.0,0
0.015977515166047607,0.13756210440302902,17.824942848958027,10.099329030695149,1.426244449595624,0,0,2,0,0,4,144.81693555753935,0.04665334167576278,1,0.0,0
0.05080962413927554,0.044320433917860544,14.342307532313002,9.271642972864447,2.2376364030107445,0,0,1,0,0,0,33.75268367048359,0.12559098929777754,1,0.0,0
0.018144036922130888,0.15974379498203767,24.172938930793805,7.457822075738168,0.8221636449236964,0,0,1,0,2,4,158.29296021988287,0.14434231402088452,1,0.0,0
2.163531471300269,5.169174967044369,220.0,0.24533361931630565,13.275654562708601,1,0,8,1,32,8,10.776820153415866,2.9286145305566413,0,1.0,1
0.01894184379076505,0.006542560331449596,28.953781750034203,8.854594426294616,0.15460567477709586,0,0,1,0,0,0,361.1901668188586,0.019964057146384703,1,0.0,0
0.2605633990469124,0.09641064854174186,19.083980273979414,6.766858891149007,2.004529291051558,0,0,1,0,1,2,30.0,0.19287919026640105,1,0.0,0
0.05019273662028384,0.1204008163019754,25.792178467998152,6.655893905645146,3.107311669340774,0,0,1,0,2,4,136.08084096046395,0.12032924192377817,1,0.0,0
0.05631372957057978,0.39884114596036724,21.321492852063777,8.34234824105309,1.6702568411301322,0,0,1,0,2,0,161.8436973371447,0.01772135013508188,1,0.0,0
0.03167870620701059,0.11440458944240173,25.5110369227145,6.600799511869992,1.8991390769209753,0,0,1,0,2,1,475.9812925918433,0.1842344921719891,1,0.0,0
0.01093452121398907,0.14317810949570337,36.612813262485304,9.485218973626106,2.0471202718109236,0,0,2,0,0,2,663.106945206154,0.3912878686950658,1,0.0,0
0.01712731252200502,0.20806694569876938,24.233525626063766,7.742031851883618,0.6454003389273577,0,0,1,0,3,0,73.32051828990883,0.38402335469723825,1,0.0,0
0.3963444127502293,0.03566242363903203,27.65230144677059,8.187612199805608,2.441625067814217,0,0,1,0,2,0,30.0,0.22924477871269794,1,0.0,0
0.10651046406857617,0.06776720920199565,28.358322847836313,9.41167535677628,0.0,0,0,1,0,2,1,180.6430550087413,0.34501569939506166,1,0.0,0
3.4452998731457325,1.4014237773489984,220.0,0.17541715324397517,9.761659773747843,1,0,15,1,32,12,10.14017904489999,4.50377740738697,1,0.0,1
0.12900194464098225,0.050291166166655236,13.62360296577922,7.758604169567636,2.71716997461329,0,0,1,0,4,0,95.5233847433155,0.04906477491364162,1,0.0,0
0.09886649938629945,0.010042562060909874,32.35615863775334,3.890285654807423,2.31537289612739,0,0,2,0,2,1,224.29226840459566,0.1542734467653726,1,0.0,0
0.19005903032260796,0.08742772457775777,24.08895276384191,8.452764041163087,1.6129469737662725,0,0,1,0,0,1,244.1399365210406,0.286462752368522,1,0.0,0
0.25687265284107275,0.06787141428422803,38.561673938745486,8.079023938925934,3.8209672252662306,0,0,1,0,1,2,30.0,0.2297739774411921,1,0.0,0
0.05475326618650164,0.10162188723994467,35.02442135984811,3.3434142997189396,1.3568460027988882,0,0,2,0,0,1,108.69801283355427,0.2095147205090882,1,0.0,0
0.023957166570618946,0.03304364529648844,34.94904470576,10.395641552824934,3.6259779600063986,0,0,1,0,3,1,179.0667583756243,0.04065280032292001,1,0.0,0
0.12540335303816996,0.07692283817761537,12.610040526565195,8.083554580774495,0.3119781554031247,0,0,1,0,1,1,197.61706286186453,0.044288050029823306,1,0.0,0
0.17125673518989493,0.03826223957739193,28.457639041737146,10.012175761390012,1.4768562535584735,1,0,2,0,2,0,30.0,0.10548983759020406,1,0.0,0
0.14255010749045563,0.05089614307569484,24.865565285742232,8.510170792256469,1.4051796895459239,0,0,2,0,2,1,108.67776628038467,0.4442606185103348,1,0.0,0
2.1999001643854754,2.8884735388602034,220.0,0.11461135268727157,19.80317378015294,0,0,8,0,18,9,12.587641378283752,4.833013531691337,0,0.0,1
0.023392028426978722,0.03674093621680811,28.424188971574207,8.211024317111141,3.6003972988892943,0,0,2,0,0,1,192.04069454193584,0.11349707619986615,1,0.0,0
0.286884153886159,0.044271154933498105,33.77474378837864,11.602755442018987,1.486622512485351,0,0,2,0,1,0,171.15237455857113,0.19365009807261324,1,0.0,0
3.7673397011611014,1.798902949702015,190.0,0.15707024534405511,14.10608271965627,1,0,5,1,32,13,17.80899344479832,3.7907439040455624,0,1.0,1
0.04845037488754651,0.01304816307053158,24.188649116893348,10.885212409954633,1.7040724597912364,0,0,1,0,0,1,404.35083738540226,0.08584679356360746,1,0.0,0
0.030369848127822403,0.14907629423744176,37.38501514226201,8.121639329682159,1.4754632609999019,0,0,1,0,2,0,69.66200176857716,0.17899951946349635,1,0.0,0
3.918021374029223,4.005055217258244,85.0,0.05481346593743314,21.492499334296102,1,0,15,1,25,14,15.101050487259279,2.5372744447495084,0,1.0,1
0.07185921928798374,0.06009418816857925,25.831096226815188,10.368623475341542,2.239796833741989,0,0,2,0,1,0,59.43975748108025,0.05854959103311459,1,0.0,0
2.445596343260507,2.5489888119708812,0.05,0.09284040226514112,10.172531686875661,1,0,7,1,18,6,18.052701105250854,4.42902432356032,0,1.0,1
0.03194367692210472,0.2206257425054864,23.17407596201465,8.52562860913299,1.5334924726498829,0,0,1,0,3,2,74.95270813319325,0.3519199845189083,1,0.0,0
0.2786613299012439,0.02416048123749841,24.051828208863967,5.3824754937237165,1.915092676464646,0,0,1,1,0,2,78.63590496437929,0.5288818065007844,0,0.0,0
0.3153185464568105,0.18908170161655627,12.40251616326761,10.118621807862601,1.423974829523332,0,0,1,0,3,1,266.56010690814054,0.539450343763625,1,0.0,0
0.0050072655261078364,0.10051181222533925,33.449194916387306,8.0946934743557,1.9136150156485014,0,0,1,0,2,1,40.74789808529293,0.04855218293518224,1,0.0,0
2.265315478412355,4.117908080227104,220.0,0.1436687213809769,15.869334651332943,1,0,8,1,25,9,21.690782837129866,2.8558626287396,0,0.0,1
3.852318678909379,4.772039545342612,220.0,0.12410674646343203,14.367653744805187,1,1,15,1,18,12,6.575812309199121,3.830489965689131,0,1.0,1
0.11552045216916859,0.07869166183719996,27.316513498942413,14.87314982362211,1.1035305622497997,0,0,1,0,0,1,82.77497982467133,0.4918937710052662,1,0.0,0
0.028407211656601525,0.14976498725957574,31.891425790355527,8.177144203934366,0.0,0,1,2,0,0,0,31.770995263453823,0.029861509156643193,1,0.0,0
0.24235447658646359,0.23377905882969302,32.27758132423265,6.579106092032237,2.5789130237728997,0,0,2,0,0,3,62.712857269984376,0.03893121624665291,1,0.0,0
2.4994131762776592,3.2136210810100585,220.0,0.21494157100290345,19.509253630322004,1,0,6,1,18,10,5.593878467326992,1.6879356967637649,1,1.0,1
0.02447096855404211,0.14789407373209912,28.251091782609294,10.547404673180196,1.8828109659354615,0,1,1,0,1,0,33.939097189775985,0.28134017056640637,1,0.0,0
0.15019174335234403,0.006165707076840942,20.583535947765395,8.72338826021335,2.2025208827339364,0,0,1,0,2,1,383.76860470260556,0.15122445178163874,1,0.0,0
2.757939743801408,4.3825545409312285,220.0,0.027840189742714905,14.351458082116126,1,1,8,1,60,9,14.75288205940082,2.1501807288528205,0,0.0,1
0.18669921790203806,0.04123831925179765,28.740858226820656,4.125238170047914,1.3285024860525139,0,0,1,0,0,1,30.0,0.03704926851480436,1,0.0,0
0.08797925920891791,0.0015903607952493174,32.77949161837413,10.402042672356309,1.2918179371009881,0,0,2,0,0,1,227.79827329790754,0.4933289640731473,1,0.0,0
0.18198231549509383,0.016248931855849663,25.32651416571595,8.782957905869347,2.445643504490099,0,0,1,0,1,0,73.87619241673612,0.10782330804112335,1,0.0,0
2.3385259670447027,2.659819043715601,85.0,0.0066385030358938335,16.75693565672542,0,0,12,1,32,8,10.854539997248995,5.479559442634531,0,1.0,1
0.011663999488633198,0.13552468912582727,17.75274218866006,10.258614585417952,4.511132547690009,0,0,2,1,1,1,140.85630477209676,0.05899270008552854,1,0.0,0
0.19817828520905761,0.08676961240684145,32.409576629808406,8.002553151834935,1.934689288327605,0,0,1,0,3,0,51.82131393756561,0.0016579866223606693,1,0.0,0
0.05331385468912016,0.1043373903867957,25.907018377286864,6.863049827739664,0.8278269529735618,0,0,1,0,3,1,226.03560855209685,0.15865212461114053,1,0.0,0
0.05810846043418958,0.08220242072511581,18.487668081530654,8.046613460202561,0.6645347065518812,0,0,1,0,3,1,30.0,0.0914908854031386,1,0.0,0
0.2792413598697006,0.024440117234193055,26.053712353250543,6.963353012606744,1.6990822867546507,0,0,1,0,0,2,398.754394560436,0.030347232526780926,1,0.0,0
2.8539360379751693,3.759718166604015,0.0,0.054405776859416166,14.959691244843025,0,1,5,0,60,14,20.200411718371228,4.009331743770951,0,0.0,1
0.11975736767826217,0.031909327486716973,18.00609750515123,8.142835460971549,1.89256024516304,0,0,1,0,0,1,122.7112794790702,0.029047364758264596,1,0.0,0
0.38667260333378384,0.030292231657348602,34.905389879750686,8.646208508761486,2.3842319165190897,0,0,2,0,3,1,62.33012009549663,0.008792562041564351,1,0.0,0
0.024081478649959603,0.017500949887629822,23.634855571683353,7.942830552486571,1.3299094261819664,0,0,1,0,2,1,264.805736730724,0.0012913878350333738,1,0.0,0
0.11463436026575541,0.005447734143423013,29.208225573878092,8.102795689293032,0.48314158349168146,0,0,2,0,2,0,276.844928028391,0.0034016848132088413,1,0.0,0
0.05131450338672674,0.04956296670383442,14.226218512102125,4.350080638209394,3.1087766603072327,0,0,1,0,1,1,866.917076794108,0.34467607859136645,1,0.0,0
0.12379668020641064,0.21673982586538493,34.415743023528194,7.713527181674309,1.6016613773112474,0,1,1,0,2,0,67.97174685212624,0.27405453404806623,1,0.0,0
2.5163396721075455,4.332831292603612,220.0,0.016727712665207117,12.113957825035268,1,0,6,1,18,10,21.885446988097804,2.6385625072488033,0,1.0,1
0.15424269023472711,0.01770590253480403,22.73366722277048,7.531960753607443,2.9506278731265123,0,0,1,0,1,1,39.125802188143545,0.14033298089108273,1,0.0,0
0.019089825517780316,0.08402856230462226,27.067681180283316,7.795900687935417,2.6855583632171838,0,0,1,0,4,0,145.47190593543735,0.18739756949769953,1,0.0,0
0.020414488988742496,0.012328056236890768,24.454898701291434,8.25899788355335,1.8294073352099312,0,0,1,0,1,1,354.29733893548087,0.13927775227349373,1,0.0,0
3.4821055567873196,2.306793556926032,0.0,0.1727988269988246,22.7337305295108,1,0,6,0,32,12,2.2530749607668303,2.259198227294325,0,1.0,1
0.04013495959964905,0.47688845579503747,34.73112555465274,10.706166556586734,2.174923467441964,0,0,1,0,1,2,30.0,0.015884595744840704,1,0.0,0
0.22337127279588945,0.01104011726067277,23.8990984922026,4.303625073457597,1.5548594873686583,1,0,2,0,4,0,70.64177929405182,0.07502039855937577,1,0.0,0
3.8837852376353337,2.928380227079345,220.0,0.019813576299804736,15.78642628817947,1,1,12,1,45,11,12.147208203011466,3.400785458506209,0,0.0,1
0.32594503846511935,0.056274479169094484,18.31269531355295,11.275691940691946,2.3429829673663183,1,0,1,0,0,2,30.0,0.30671458252741024,1,0.0,0
0.3629040624149679,0.03252982048431177,24.78518907707029,8.163720707901666,2.518512833602655,0,0,1,0,5,3,75.97583812108913,0.2096060910090361,1,0.0,0
3.7794700988480745,4.3973797369706356,190.0,0.1925841630671382,13.49274233326586,0,0,7,0,18,7,2.836472625216489,3.998979295866665,0,1.0,1
0.023398276401749123,0.00842278610884531,22.966546114408317,10.884954805015143,3.3187796851467892,0,0,1,0,2,0,57.830798754529624,0.3689360013523413,0,0.0,0
0.057548665743714165,0.03908518265622816,24.90447318853553,10.728164872270877,2.013872072175976,0,0,1,0,0,1,522.4042116863499,0.01987716628747667,1,0.0,0
0.0052942798342202274,0.005027136951938105,27.747266207467984,8.934878161451685,2.7582447761547977,0,0,1,0,0,0,152.2639699315613,0.010554554741080111,1,0.0,0
0.3452506843070995,0.3435208089800613,23.04961901983546,6.6027561975820666,0.26436912414498126,0,0,1,0,3,3,232.5804527479368,0.045712118666020235,1,0.0,0
0.1620041098024404,0.05749611317208759,46.949673990424486,6.868424549662856,2.8166247432622287,0,0,1,0,1,1,50.74975507124782,0.8522067052180115,1,0.0,0
0.05637558935043206,0.05640556567524956,28.461636484818413,10.634935702141371,1.3673517485599809,0,0,1,0,3,2,128.5079031664008,0.16126805896320048,1,0.0,0
0.06352529188002927,0.004351083056774115,26.366609381092978,10.475668842615987,2.429006848016388,1,0,2,0,0,1,35.86532198768997,0.06867062130283938,1,0.0,0
2.4395814970357157,3.241217729078501,220.0,0.009858665577230058,17.153976158047236,1,0,7,1,60,11,24.198639613616805,3.0461647772043996,0,0.0,1
0.11170130952070027,0.01955083324999199,17.083138724060568,6.543851474672895,3.2124909440819795,0,0,2,0,5,1,145.5932603308509,0.2285622816364199,1,0.0,0
0.6674012683378047,0.09741987656000017,17.390818192994217,11.407268301749895,2.5159062303140285,0,0,1,0,0,0,97.00748161441847,0.036295828484701635,1,0.0,0
0.14289544829056047,0.017450509137083584,28.13605585112481,6.880866395820855,2.7984613389778827,0,0,1,0,2,4,474.36613441647387,0.18765589945706285,1,0.0,0
0.024949575879832018,0.020581241457414644,26.07958936158946,7.7806146685983535,2.423323381515124,0,0,1,0,1,2,96.97439241679594,0.17289152282076742,0,0.0,0
4.3141149309950615,3.6172147376033545,85.0,0.2376241245768068,15.318019432433479,1,1,8,1,18,7,1.926054602699713,5.6515343448367155,1,0.0,1
0.1102775713290316,0.29794681244976806,26.064588950968282,12.083564547226718,0.05830595250705484,0,0,1,0,3,4,301.78206809825485,0.06218549128374449,1,0.0,0
0.0868341669140792,0.0272652490701063,35.26338645742956,6.866773940358026,2.337606222472972,0,0,1,0,1,2,367.04820517616554,0.0792026633429872,1,0.0,0
0.11410713891755164,0.36238040803128363,21.918140180729914,9.374035244146837,0.6308673376183034,0,0,1,0,3,1,30.0,0.6794273376710659,1,0.0,0
0.2152350325927568,0.07783512590743245,27.697151264450735,7.9865323930398935,2.1997762218350947,0,0,1,0,1,1,82.59546735730494,0.275744408922896,1,0.0,0
0.051790087068045804,0.017965219173786115,25.674523932114095,7.345558087235773,2.5262858686819794,0,0,1,0,1,1,154.18183334356706,0.7561299830350497,1,0.0,0
2.57139977721829,1.5868582159438336,190.0,0.21293934569166717,12.858278046877604,1,0,15,0,60,11,23.069258534151643,4.865463101684435,0,0.0,1
0.11494746577811961,0.07934961521184632,22.234392235668018,9.485430838922802,2.1601348969828726,0,0,1,0,1,1,312.8914943688934,0.024336219610205843,1,0.0,0
0.11422091830289262,0.0340043852623096,28.051061650810585,6.90773698891409,1.787955687633009,0,0,1,1,0,2,71.59336634839697,0.035417624662055856,1,0.0,0
0.012728289131770609,0.025215070409287842,18.268837205015025,8.097824128799264,2.573433791687982,0,0,1,0,1,1,226.97366508260956,0.09430924352158156,1,0.0,0
2.121617847949152,3.111381335783252,85.0,0.10771226420966076,14.62682151194034,1,0,8,1,18,11,8.617804565814932,4.843334487708439,0,1.0,1
0.04469860204924245,0.01734889330075059,27.6671991429774,10.129070919390648,3.0945732912205672,0,0,1,0,0,2,347.3135240255418,0.3944593570546687,1,0.0,0
0.07828252698182993,0.006676042168496585,23.24654212623989,5.906174773456035,1.85102833523564,0,0,2,0,0,0,309.78685413550795,0.04643008702774959,1,0.0,0
0.043751774633712257,0.030919801173929524,31.13765334854967,11.132198903700964,2.669044742470532,0,0,1,0,2,1,213.95308277226778,0.4823555943518857,1,0.0,0
0.09437772346018843,0.054495461946465165,30.81434693993238,8.52013401704516,1.490070754634258,0,0,2,0,0,1,206.4138260149811,0.4339228710591292,1,0.0,0
0.20214366074231502,0.13284954701832688,19.95000316641625,6.84171302911319,0.7404372711302587,0,0,1,0,1,0,30.0,0.18705412096663926,1,0.0,0
0.0964897083689883,0.10325335573102155,18.384748915235193,8.171572431917012,0.0,0,0,2,0,1,1,30.0,0.22697519067273345,1,0.0,0
0.11719049805681693,0.19610028731468643,27.717042198458547,7.362588586805893,4.003311880382046,1,0,1,0,0,3,104.14253423856002,0.12159312906987602,0,0.0,0
0.08842105112349588,0.050705003416410654,22.22399144355107,9.828550408514252,2.4122539740346842,0,0,1,0,3,2,65.10677105621942,0.11820150277292758,1,0.0,0
0.0574645398818605,0.32434414185865806,35.090853036953966,6.0749561058326425,1.1889947605361124,0,0,2,0,0,1,60.81028877099763,0.34023021243555573,1,0.0,0
0.0765427972854326,0.04824746113754655,27.531027862990413,6.389958489245631,2.139681965285232,0,0,1,0,4,0,137.03391832946008,0.155614245054887,1,0.0,0
0.1321518603846444,0.09552523397386026,36.03543526172514,12.05007404225493,2.926520184346445,0,0,1,0,1,0,203.0957846076496,0.4953585615869364,1,0.0,0
0.06893620115913715,0.10390113391754112,30.793003978349248,7.924831704815806,1.3599003482830931,0,0,2,0,2,0,54.70329293835487,0.029722362552063387,1,0.0,0
1.0426268459085732,2.7805543939679414,0.05,0.1939332142413521,14.989981178643866,0,1,12,1,18,10,3.826454587823691,2.090866483915655,0,0.0,1
0.12945152868526974,0.22687213053142405,27.64594709556332,7.655988206581839,1.7956927913998342,0,0,1,0,1,0,30.0,0.12491650890115649,1,0.0,0
0.1155486815697642,0.09037660824378303,27.050949577693423,9.477691779625976,1.1438991725627696,0,0,1,0,0,0,39.993579207642384,0.1918512422258321,1,0.0,0
2.4951921839374966,5.473436624029859,0.0,0.0443409017738805,18.43050850201748,1,1,7,1,32,10,22.973924437843085,2.937762529875976,0,1.0,1
0.031884299954838435,0.05076693462768581,24.008427869625447,8.985805081422503,2.0291040671484115,0,0,1,0,0,1,30.0,0.007274240140403794,1,0.0,0
2.8513228472588508,2.7706479388317597,85.0,0.23957798023392918,14.747186561937365,1,0,15,1,18,7,9.593452484800551,4.6950847460626814,0,1.0,1
0.1806229933720661,0.03929923781872912,31.429727097309826,7.687286297259153,2.068167100386586,0,0,1,0,1,1,284.40470894042187,0.7522737844462446,1,0.0,0
0.19262839269830007,0.10072024676430137,25.684688650813925,9.897150961724039,1.7458912884016413,0,0,2,0,0,3,105.7278215660252,0.01872305313647299,1,0.0,0
0.04412468247975472,0.06538525073658098,26.669252808788045,8.884737854075022,1.1871895104382135,0,0,1,0,2,4,53.13854259610968,0.1367698666799225,1,0.0,0
0.002193141648779668,0.05591318572810734,25.758050321093375,6.796057509900051,1.6808819103020967,0,0,2,0,0,0,79.42973599324259,0.34847803247120407,1,0.0,0
0.1610032504542565,0.16381533938404533,22.64332503757751,4.9087735587153665,0.6116954916865063,0,0,2,0,3,3,108.9685214782047,0.1759945403593367,1,0.0,0
0.1367849150074638,0.005197860536582306,23.653831187415307,6.621893712596059,2.514640239981159,0,0,1,0,0,2,139.32834493849842,0.2822579551587778,1,0.0,0
2.7696218968304116,2.588118086822504,190.0,0.044507514596565406,12.440314501819394,0,1,15,1,25,9,13.468699205854712,3.352587094415918,0,1.0,1
2.473366054279851,3.192219586769867,0.0,0.20965404577419822,15.177049489885658,1,1,5,1,25,7,5.5646853393538125,4.877208722983603,0,0.0,1
0.3411113166633409,0.0574897072899216,37.35311623449536,9.571308102704949,1.2001193344866534,0,0,1,0,1,1,30.0,0.33171526839272253,1,0.0,0
2.951009875011999,3.179792395030452,0.05,0.17799232371901128,13.164551358181363,1,1,12,1,32,6,17.235441899172272,4.387635235231374,0,1.0,1
3.1377636904063135,4.221511845671094,85.0,0.11619464226000822,10.404030711975706,1,0,7,1,60,14,3.425093108107246,3.3493645434274346,0,1.0,1
0.004773206492973976,0.01605270561893693,14.319002963577091,8.0074197147824,3.195185402403098,0,0,1,0,2,2,291.42394841264,0.31406401095494574,1,0.0,0
0.057189078678564854,0.052687850797614,10.476736438935896,5.5444557844933655,1.0731151677138198,0,0,1,0,2,0,31.652234200912652,0.14066950128033545,1,0.0,0
0.3802222011978266,0.07840250852000917,25.946281554208475,10.301582348056604,3.4413991103217594,0,0,2,0,1,1,32.77808474522057,0.35057125862949295,1,0.0,0
0.11230335574117081,0.03539273656494135,42.099783870705316,12.349676724159732,4.021193599580755,0,0,1,0,0,2,30.0,0.14273474612389334,0,0.0,0
0.06238857078480136,0.0836514202562375,26.364144553077338,8.095113651633328,1.9491203483560189,0,0,1,0,2,0,194.17585738942697,0.10312742222103229,1,0.0,0
0.03136279829175074,0.08605640448372374,22.51841326801816,9.120351654365676,1.911167859155087,0,0,1,0,1,0,210.82994975510434,0.10709569856102819,1,0.0,0
0.08994061375902038,0.014156481914726644,22.210906335264323,11.988020468151465,2.4664696909363064,0,0,1,0,1,1,120.70151320586893,0.08602988104215915,0,0.0,0
0.26712662534982273,0.013165721635930898,24.72487591299453,5.8365050312036475,2.144627633789544,0,0,1,0,2,3,62.37697898265632,0.6889335693888576,1,0.0,0
0.2115591619726044,0.010160485472808265,33.194031241456734,9.673030315236,2.252398206652049,0,0,1,0,0,2,63.91025032355992,0.9,1,0.0,0
0.3976482571356246,0.048835188071411864,27.84628909375803,7.341742325986248,3.277633349807809,0,0,1,0,4,0,455.66665079553445,0.23496138538472572,1,0.0,0
0.17975454040123043,0.06999381631432343,41.33291900831896,9.951180350964643,2.274215035130167,0,0,1,0,1,1,153.89454155651202,0.28039256660192163,1,0.0,0
0.09362901457074152,0.006249287791090549,11.988057987921266,7.117330277674447,2.297287094759973,0,0,1,0,1,2,34.47920191951149,0.0047044601188835945,1,0.0,0
0.015389593399909572,0.011915141797028277,39.50488997634898,6.48159369512522,2.2150358121372298,1,0,1,0,1,1,307.5143644695057,0.10731209511113865,1,0.0,0
1.8035766939010514,1.8375575733139071,190.0,0.1586483970600867,20.537888886437432,0,0,7,1,25,14,12.997886411611761,1.9162029455559162,0,0.0,1
0.16884511134444585,0.14994235584862606,16.831876179426576,6.448113320601143,2.4839801619661905,0,0,2,0,2,1,132.81689540374353,0.2572288505618099,1,0.0,0
0.03136514894367428,0.1244391576129081,26.15645388476456,6.993622174423067,1.2798370963201808,0,0,1,0,1,1,60.98746955628927,0.026490026868487133,0,0.0,0
0.1034751411059191,0.0190318268403224,37.612087861187305,7.849807057058149,1.5998639366974399,0,0,2,0,0,1,112.6460061179322,0.022474784044373714,1,0.0,0
0.10459728177001959,0.0327777731517782,23.69141220067912,11.809026561730066,1.643544213444098,0,0,2,0,4,0,317.227294015099,0.0978433059625357,0,0.0,0
3.698153471266753,2.972157786522357,0.05,0.2258643867149123,17.602674568589688,1,0,5,1,45,14,23.999792776214527,1.5,0,0.0,1
0.03468217707345274,0.054499333950893174,19.410329597025143,10.37597920058268,1.0307200202612028,0,0,1,0,0,1,252.47598499890725,0.05259887157157489,1,0.0,0
0.0043486803493790385,0.15278291330427976,24.34889974826426,9.432643298366584,1.81239085535572,0,0,1,0,0,0,123.0323597552652,0.10948888965993478,1,0.0,0
0.08139939434275528,0.028085598494918807,23.28757935711217,10.922530992986026,0.3948295575584675,0,0,1,0,2,0,156.39099475070557,0.08348500259234864,1,0.0,0
2.491207098745063,3.570151679462109,85.0,0.22004155205577083,15.493913017615991,0,0,15,1,60,8,19.00103290681063,3.7199497486594657,0,1.0,1
0.029035233239105993,0.1417719293641028,34.98348204101744,8.522416306391799,2.6765487604029503,0,0,1,0,1,2,177.7665439541126,0.3124683932344853,1,0.0,0
3.1560088218200155,2.195919944861373,85.0,0.21536137555171497,12.575944262533259,1,1,12,1,60,8,1.8283150382685252,3.875090176564835,0,1.0,1
0.009583674883574953,0.013698994491961618,37.44505016011993,7.598663644863985,2.9207504681638694,0,0,1,0,1,1,153.1993764650796,0.030229231182563893,1,0.0,0
0.010458483040038881,0.09436135743877012,20.996349187059707,6.5201693739529025,1.0412962708564162,0,0,1,0,0,0,30.0,0.6723196667245852,1,0.0,0
0.022286233955490575,0.1589983740986072,32.48380243759075,5.103098863199499,0.8906924675020051,0,0,1,0,1,1,367.6568294903052,0.03717591583420029,1,0.0,0
0.3235729230477485,0.055944218593596017,23.620113943539366,7.882476417613234,3.8338247289999745,0,0,1,0,1,2,143.52972707931485,0.1230649828467684,1,0.0,0
0.03089381617560634,0.5,15.724572756528394,9.958739590259501,0.8670219053087327,1,0,2,0,1,0,433.4125468944707,0.22736612252678223,1,0.0,0
0.08927133970330253,0.031096608434905616,22.799470224765628,7.9806262731178625,2.186161955581734,1,0,1,0,2,1,353.20048597377786,0.024414699409008242,1,0.0,0
0.013192470004878649,0.1541511040545386,28.74719212929364,9.804160474709816,2.1601441649153745,0,0,2,0,1,0,523.06805301702,0.2578536335149254,1,0.0,0
0.10080531667047088,0.051443284306172496,17.73837786059741,6.397356371521541,1.8406414252435357,0,0,1,0,1,0,336.9227510273968,0.26898303091202463,0,0.0,0
0.06087297286372151,0.04258550589974353,25.368299829917746,6.599916239468367,0.9356275895658004,0,0,1,0,1,2,379.79919464823263,0.07306384948727361,1,0.0,0
0.01629072629938047,0.0018262632405630953,30.50845446070056,11.595281547190542,2.9686237857058373,0,0,1,0,2,0,74.7007074386738,0.34730445203238813,1,0.0,0
0.09388884998492951,0.0029923060732285818,22.77785266197946,7.250454834444769,1.0008130970383418,0,0,2,0,3,1,220.4972174072966,0.292463978312214,1,0.0,0
0.3275065765841125,0.19710124066931392,30.90680625892776,9.207132293480926,0.8644819548110052,0,0,1,0,3,2,437.79224650028044,0.048620560540952706,1,0.0,0
0.06826064070519555,0.013685433226805321,12.755764992600309,3.936675855158845,2.819999135917259,0,0,1,0,0,2,30.0,0.029341089772681562,1,0.0,0
0.17206651514873553,0.11299499887593757,23.982907786422174,6.329716913675334,0.7381225566415148,0,0,1,0,1,1,30.0,0.07936062066687544,1,0.0,0
0.031064887900380027,0.11450534085005613,31.444583416144006,7.16443521142342,1.4147094686836301,0,0,1,0,3,1,225.57261833991723,0.23895133271127347,1,0.0,0
0.013360725385444309,0.03236006741604191,27.288835788297188,3.8815919571823025,2.145522492210362,0,0,1,0,1,2,50.99358036997071,0.16337341509296702,1,0.0,0
0.007242035557432105,0.00738032647088556,16.239915748569075,9.308098333065939,2.3177267012095966,0,0,1,0,0,1,316.6530480475224,0.08031943123445563,1,0.0,0
0.03157912893600974,0.019294426467947125,20.10392998260952,8.350437406697383,2.6882409508253398,0,0,1,0,2,1,30.0,0.3910063710495211,1,0.0,0
0.11355774227642379,0.1359061908622448,31.725944694801356,11.42398566173664,2.1793185011598033,0,0,2,0,4,4,93.58730781473788,0.1298504994278007,1,0.0,0
0.020905231024642902,0.1254790618031652,32.96712030370456,11.89691740475113,0.1013786543121804,1,0,1,0,1,0,85.02629964650872,0.2818303898792361,1,0.0,0
0.32423302005206106,0.026155081919376703,21.58395542521614,12.263242578715541,2.5179733762901657,0,1,1,0,0,2,163.67946583935654,0.1774458390568303,1,0.0,0
0.07532394673754154,0.03875402840248938,34.21077389414986,8.20137315625665,1.7962124305832488,0,0,1,0,0,0,226.14523618597298,0.22807045791685426,1,0.0,0
0.15873723874311338,0.009614784054487725,28.618434616917305,8.950341864453872,0.03803314932168411,0,0,1,0,0,1,164.33220332632203,0.2775924476710739,1,0.0,0
0.05516388650066416,0.1481946085428789,22.280120192031024,9.627633118773009,0.20016046461156245,0,0,1,0,1,0,247.0914217304263,0.2289300809920877,1,0.0,0
7.177412058154627e-05,0.06169269357295913,30.533241877969495,8.247716900245363,2.0674080850608196,0,0,1,0,3,1,289.6776247603376,0.028690822141043522,1,0.0,0
0.03615820158608265,0.054393459692103185,22.353749672673658,7.931720890622065,2.7466848560946793,0,0,1,0,0,3,106.58418289657898,0.08120571179158742,1,0.0,0
0.16001883646600704,0.007404052372798032,30.64518507992534,10.804427326137336,3.3173839179398215,0,0,1,0,3,1,157.74855311828534,0.10356804675686349,1,0.0,0
0.11467265723789691,0.1191467991043434,24.510960581483566,5.361287314549612,1.9338604479535266,0,0,1,0,1,1,126.1196746809623,0.12041653580932768,1,0.0,0
3.2113045160182154,3.333697635753392,190.0,0.2174951947869296,14.031715521775798,1,1,7,1,25,6,21.356855065459907,5.795903520980831,1,1.0,1
0.0637805006259194,0.05426413048822161,23.531848320549148,6.91865272015481,2.110107585756329,0,0,1,1,1,2,30.835454991964646,0.026532678327828036,1,0.0,0
0.2192966409485776,0.09821512444523216,27.293380551743166,6.954653218679086,1.0895823258302761,1,0,2,0,3,0,151.07157557078537,0.0595236556409721,0,0.0,0
0.02243535023728997,0.06082349624513551,35.421545054868204,7.249785158612695,1.9063786809293886,0,0,1,0,1,1,74.73639104311714,0.13293723403256186,1,0.0,0
3.305495271860557,3.4948447377762752,190.0,0.0438782519661825,7.151919036350334,1,0,6,0,32,12,7.748678869976698,3.015820845542629,0,1.0,1
1.138884463553499,0.9052727683442794,220.0,0.0175603524614919,8.51652073896267,1,0,12,1,45,12,9.460357871740811,4.255483812743884,0,1.0,1
0.029933823534381114,0.13003339730593502,32.37661082687633,9.27204923741712,1.5718477469120855,0,0,2,0,1,0,104.21849488516085,0.15958190341922823,1,0.0,0
1.5245978832410305,3.501057850019146,220.0,0.08830699305702899,17.547469323649217,1,0,8,1,32,14,1.4573507714789073,2.760706701253346,0,1.0,1
0.11939047888260261,0.06112341915465318,36.11040388385962,11.069959429524337,3.9359140507224124,0,0,1,0,0,1,145.9244842233529,0.021240262593719642,1,0.0,0
0.1053779653647698,0.08281856481909733,24.42724068859091,6.728528798732491,1.4463766858743576,0,0,1,0,0,3,434.3045610140372,0.0798149582748014,1,0.0,0
0.21908617329821314,0.3425125393969619,22.831168960433267,6.397341963953442,2.7769218547601917,0,0,1,0,2,2,30.0,0.08084886800597496,1,0.0,0
2.1670731576330526,4.062072884207873,220.0,0.22418346650806162,10.146913967540614,1,1,6,1,18,11,8.044604879510203,3.3905514759952036,0,1.0,1
0.044140597972584315,0.007811705493441233,32.61848113261576,8.146199819018314,3.5686819188413574,1,0,2,0,2,2,96.80299049393707,0.09391189097822505,1,0.0,0
0.011006836868685315,0.02188864212475386,22.98700610839499,7.4846144596398165,0.6223743439364395,0,0,1,0,1,1,30.0,0.12612526575816554,1,0.0,0
0.05867504411773221,0.007255844509676263,33.95333962249779,12.209974714961312,2.7978518254783005,0,0,1,0,0,0,102.370561044933,0.013375136703571478,1,0.0,0
0.03501912388542174,0.17250247143733108,31.63459801546143,8.134153403174817,2.5627098375725614,0,0,2,0,0,2,39.2530156656968,0.18836469733866593,1,0.0,0
3.5050845727123554,4.594302362908224,0.05,0.15612171128829339,12.123719462774588,1,1,6,0,18,11,9.208795025908945,3.792522512379292,0,1.0,1
0.1673745189670168,0.02053908838559793,36.90030642663731,12.528227446719487,2.0194940232768563,0,0,1,0,1,0,331.79881716717085,0.11016352615676633,1,0.0,0
0.16468290619989487,0.10849844701738302,28.37283125567783,8.377267919800174,2.443375982102375,0,0,1,0,0,1,108.35813931996884,0.19129551558040614,1,0.0,0
0.04069940046838632,0.04756134288681192,28.40518274624751,7.893478444666588,1.867193697923305,0,0,1,0,3,0,192.6308213351628,0.07518288236334267,1,0.0,0
0.04245473368962069,0.09110928687643174,21.56452093862596,12.293208137147857,0.6764056079865632,0,0,1,0,1,1,928.522182424131,0.22016916030411046,1,0.0,0
2.614216662815767,3.8881947533655854,220.0,0.2152384559363787,14.931759653848017,1,1,15,1,60,14,17.44944392079387,2.5536451657234434,0,1.0,1
0.11385638019699515,0.0023540366238669038,19.516326211880145,7.265430861489563,0.18451808668068792,0,0,2,0,2,0,69.4614872689147,0.17941053682506575,1,0.0,0
1.725032994535471,2.598234832731573,0.05,0.07195879539527711,17.878663974757107,1,0,7,1,25,12,10.21345911671884,4.041218355486767,0,1.0,1
0.022604701947147324,0.08855060690050831,32.288117847823244,7.95898939180765,1.049761278854768,0,0,2,0,1,2,30.0,0.08909237646948076,1,0.0,0
0.0006393170862567844,0.10986813687389989,25.10988982187581,6.405631289503543,2.288609651298493,0,0,2,1,1,1,30.0,0.016276575297958337,1,0.0,0
0.03880856895697224,0.00833721582355776,18.507756159437136,10.701599610845435,2.141776560799489,0,0,2,0,3,3,116.41428036040384,0.0810254797691741,1,0.0,0
0.1172477818346077,0.18011149813586777,22.017861173618417,8.92276130929193,2.396271563586086,0,0,1,0,1,4,84.17259862344429,0.022511828403261255,0,0.0,0
0.04278712747496089,0.044042696245671406,17.95180981242475,5.376242856551139,3.012635254401941,0,0,2,0,2,0,234.54497153007577,0.5113081759435983,1,0.0,0
3.5071202311663283,3.419456045612379,0.05,0.11372146014654683,14.64222643292921,1,1,5,0,32,14,22.807785048525695,1.5,0,1.0,1
1.794087710408143,3.376885532253074,220.0,0.07390102991890113,7.6720276601708175,1,0,7,1,18,9,16.53042692209403,5.1644222914926,0,0.0,1
0.0196517139833581,0.09826898010839948,16.044358489451884,7.912866326818228,1.5808662064110952,0,0,1,0,2,0,30.0,0.15166329958634808,1,0.0,0
0.10889966365354894,0.1933480656748577,24.296154676434163,5.835742090738198,1.1062547178823467,0,0,1,0,0,0,120.52062722001455,0.03996220397520541,1,0.0,0
3.214202196746884,2.3491701011343538,0.05,0.09402320598051953,12.28117469040023,0,0,5,1,18,11,14.689983123508718,2.6002764873013895,0,0.0,1
0.23487900081665136,0.010868654746607536,29.654144445775366,8.632549474688469,3.215470542079787,0,0,1,0,2,2,97.94820244965452,0.05457620326453863,1,0.0,0
0.06345485004380125,0.10124999299911915,24.45447595145562,4.547567871219377,1.992225055547025,0,0,1,0,3,0,616.054457755136,0.22181794408274907,1,0.0,0
0.004995571175321424,0.018205754760305462,26.240333719981848,6.514681969096838,2.1315227300781565,0,0,2,0,0,0,289.2976979516022,0.023458092609438926,1,0.0,0
0.32263931706822613,0.2808369377026037,28.116260302437926,7.259954101846577,1.8949984970958784,0,0,1,0,2,3,157.20340665671785,0.3378220441350968,1,0.0,0
3.735569285832921,2.339411394805978,85.0,0.14197975268246374,14.927095524555751,1,0,5,0,18,7,7.19247869581855,4.665793749008489,0,0.0,1
0.05811980908304535,0.08974070689286952,10.57960652755997,8.544135401873728,1.8896000959009565,0,0,2,0,2,0,280.7268991813394,0.22486893091510401,1,0.0,0
0.008472883524493225,0.10803811037022526,22.839882267725464,4.906016705441198,1.0061747111427288,0,0,1,0,0,4,1020.5342780916515,0.048953829757418015,1,0.0,0
0.027843319189572367,0.06381349739067846,20.811861319556193,7.691443511575843,1.5666445588293623,0,0,1,0,3,3,554.6118801548549,0.22936523285727933,1,0.0,0
4.053222265149871,4.435601691193997,190.0,0.17362810993137995,17.09202195721622,0,1,6,1,32,14,5.424659806933298,5.04574459048102,0,0.0,1
0.03456071869519003,0.06936759029541595,16.671250912823574,5.725426973138267,2.4074180346519753,0,0,1,0,1,0,66.84881559146831,0.17466995622919693,1,0.0,0
0.24737357197387114,0.11800762382674171,18.233811111876463,8.287735984775368,1.801384277121536,0,0,1,0,0,0,85.06848551982154,0.22179552995680019,1,0.0,0
1.900485421429912,3.548791867714506,0.0,0.005018152982383006,13.00292710029494,1,0,15,1,60,7,3.439245440781991,3.007128959350022,0,0.0,1
0.010036285511040018,0.08183155581954106,28.872682937508245,8.658405857379288,1.1628936732530883,0,0,1,0,0,0,134.0571975318185,0.2013021868592788,1,0.0,0
0.10010490499803142,0.07045187044249188,33.58283243406013,3.4138136210504424,3.511141160012673,0,0,1,0,1,3,125.41380675531812,0.3131366810829068,1,0.0,0
0.11978432986366568,0.1551939198550885,24.136509347154558,10.557754883357887,1.2127903122149366,1,0,1,0,2,1,122.59872541802915,0.03517784506919712,1,0.0,0
0.24654039865715224,0.011699807875520923,15.62438003425884,12.800621586662423,4.354711397744092,0,0,1,0,2,1,81.23943292952441,0.05774011042278968,1,0.0,0
0.0375480657331784,0.11998262275366296,18.43010633482499,10.806339396909689,2.8930559267110363,0,0,1,0,2,2,165.90280455953973,0.1107938862304422,1,0.0,0
0.22532579983496295,0.04439518071468716,34.969683786865446,13.55402083665721,0.0,0,0,2,0,1,1,438.85290769711855,0.25453896017876904,1,0.0,0
0.1758339708247513,0.01426838196638079,23.982948163042387,5.966922342110056,1.6080063752122848,0,0,1,0,3,2,545.3476090804379,0.11111783737401287,1,0.0,0
0.06035466400592485,0.19920817482401046,12.523164511887602,6.728074864000222,3.7021079341016403,0,0,1,0,1,2,41.334785524462674,0.018362008673804265,1,0.0,0
0.022110928342727897,0.06616880864717156,15.533616888877912,9.674084848135667,2.0720508501866557,0,1,1,0,0,0,131.7348117155325,0.3237273517355853,1,0.0,0
0.012676008176249597,0.02892962548217375,26.499945828067652,9.166004258898079,2.147279855767479,0,0,1,0,2,1,416.3229321176189,0.1677413744447087,1,0.0,0
2.690316371957828,2.691824823562092,0.05,0.1616127894511557,16.282967929547063,1,0,6,0,60,6,21.28971064286562,3.5404092245306082,0,1.0,1
0.02763336227470842,0.052657195110392456,23.72766227921441,10.252425158643327,2.549751221645085,0,0,1,0,2,0,51.89130136141385,0.4870971470850287,1,0.0,0
0.04551032287922121,0.03352465605577573,37.405229622091284,6.041657932963366,1.4793109044808557,0,0,1,0,2,1,261.49236587202176,0.23301841222326203,1,0.0,0
0.1916768748038354,0.15259365343076492,25.28595603910917,7.874845149210619,2.315309626770591,0,0,1,0,1,3,136.68727755372862,0.3677931137101312,1,0.0,0
0.163279056379289,0.037256339406814935,20.483466222674302,7.010487686431222,1.2197828518623584,0,0,1,0,3,0,76.08338050805148,0.18013282175155373,1,0.0,0
0.3950069966923676,0.05692336839340313,26.624387376288,7.419428944208634,0.6993662952515527,0,0,1,0,0,0,94.6261112362212,0.006494875737913242,1,0.0,0
3.3480654380276027,4.448532735270104,85.0,0.1299308122011866,10.323373701123623,1,0,15,0,45,12,17.311114015482474,1.6736176382561936,0,1.0,1
0.11615196344867726,0.1114810405851582,25.179795965179373,8.83536266689848,3.175454012339135,0,0,1,0,3,1,959.307426564746,0.01441832797328786,1,0.0,0
0.09202914995278128,0.012932651081525038,25.768523990467624,11.062539290802686,1.965691643427541,0,0,1,0,3,1,122.16636545040507,0.1500680652862467,1,0.0,0
3.1884228361515423,3.677834311832125,190.0,0.17349625453814577,7.947744845728413,1,0,8,1,32,13,2.8352318435686703,2.643952418661599,0,0.0,1
1.4074624068486223,4.696768561823347,0.05,0.18388990124537155,10.309784160867665,1,0,8,1,60,14,1.8062419177558349,5.0292632400105735,1,0.0,1
0.09317964081332056,0.05989408081942556,36.79964741638777,7.490569076329697,1.958392504629606,0,0,2,0,0,1,86.87545949260803,0.3286031760666267,1,0.0,0
0.2453139183919942,0.1955373875335835,17.058402065145675,7.341389382841914,3.5325330906092764,0,0,2,0,1,0,67.81909598169351,0.14320619068019147,1,0.0,0
3.1793784964799174,1.000695605703405,220.0,0.0981827086713897,15.222866385564496,1,1,5,1,32,6,20.639268943277926,4.818515722740448,0,1.0,1
3.3350216520618057,2.6002760755075136,0.0,0.016167949963104805,7.020752588611061,0,1,5,1,60,14,13.693305729572092,5.7566975991976586,0,1.0,1
0.13541484693885047,0.2359440230477828,41.1586501654459,5.733065375088028,1.8777978489592566,0,0,1,0,1,0,776.7448439754272,0.4783433021604885,1,0.0,0
2.8637087045999756,1.8178886390862825,0.05,0.031723228339171294,15.102202086395494,1,0,8,1,60,8,19.647898200964516,2.30273678226078,0,0.0,1
0.278458154819972,0.006194596079714387,31.777902184761594,8.486642853894656,1.6412937592338332,0,0,1,0,1,1,389.41186938623434,0.23731969348122883,1,0.0,0
0.17881394396779804,0.1286318726474577,20.337252749519397,11.803828673734756,1.3913717125339349,0,0,1,0,0,2,294.52401686337487,0.08385053942970572,1,0.0,0
0.0775631744028314,0.13968241777190257,16.437201433464203,9.84753766867252,1.4310951469105753,0,0,1,0,2,0,177.5658364301416,0.6673697976688362,1,0.0,0
0.16348416742420938,0.015368545483215777,37.6479039586567,4.112704147482253,1.8300208137890694,0,0,2,0,2,3,30.0,0.244748760794536,1,0.0,0
0.05961607193471177,0.07643326681859933,18.374601536015255,8.984925943445422,3.729787387456243,0,0,1,0,0,4,461.0718320619707,0.41137580632337517,1,0.0,0
0.1702781514897974,0.004215910652649736,27.086722364407954,7.016121092487048,2.488661537260477,0,0,2,0,4,2,279.153053787218,0.5848155549793742,1,0.0,0
3.936623396785132,3.0728297607131,220.0,0.2201715867827491,11.762726987587945,1,1,12,1,32,13,11.098144005703237,4.763812447935394,0,1.0,1
0.05373719706957864,0.005996263853088784,18.137634643872357,9.428527486471586,1.4587055108615714,0,0,1,0,4,0,76.41764999272878,0.054882007008706796,1,0.0,0
0.28527061106341084,0.05330562648378555,18.026569446685542,7.359849321630692,1.207377169628817,0,0,2,0,1,3,30.0,0.1173644110083159,1,0.0,0
0.08570794898953268,0.009580030593313178,22.30642356675164,8.891281056624631,0.6906060545667227,0,0,1,0,0,0,118.78352457712712,0.9,1,0.0,0
0.20702230245702977,0.14742165966094353,16.52993877725173,7.299591550828744,3.8304684749987743,0,0,1,0,3,0,89.84742234280635,0.28926236292768,1,0.0,0
0.5521441573674389,0.024705436508624876,33.964437464680636,10.091374040244773,1.7709098966168464,0,0,1,0,2,2,41.96088761718084,0.14071943431381642,0,0.0,0
0.017433244000749058,0.053400856189045484,22.54980561331397,9.254121819256799,1.0508823717200118,0,0,1,0,1,1,67.75472758502355,0.14045848676223405,1,0.0,0
0.06511786227567552,0.07406751325449037,26.32646156596176,8.428484711252972,3.0112954479729197,0,0,1,0,2,4,150.1591720930444,0.8173668770849819,1,0.0,0
3.73276556717153,2.6020143952369037,85.0,0.07465538436053137,16.545803432103767,0,1,6,1,32,9,1.1472932336682948,3.6802695574073834,0,1.0,1
0.009804546654579733,0.07265052669617304,22.072644035844124,7.899363714869055,1.7988138298490828,0,0,1,0,2,1,490.44699971664926,0.07590863827540317,1,0.0,0
0.15067411243017453,0.15653377901169588,35.40999202664217,9.204049657578562,2.0818966752007912,0,1,1,0,1,1,249.9515154423366,0.09273178462514792,1,0.0,0
0.40878921826832987,0.00404450948160779,27.50448175343694,7.694485420187165,1.9246955792591651,0,0,1,0,4,0,218.71590760710055,0.49835792907036586,1,0.0,0
0.09764401180667494,0.2542334652067069,23.831085690451488,8.06904656767132,3.353612109546766,0,0,1,0,1,0,350.82209612008586,0.5363215868819176,1,0.0,0
0.012267383681918745,0.16813458259516942,20.666411333054413,10.804501303745496,1.9180877042743918,0,0,2,0,2,1,30.0,0.01391119426637711,1,0.0,0
0.020467940314068126,0.08906035077762355,30.053431008862695,4.565810874187692,1.2137025946251416,1,0,1,0,1,3,30.0,0.13128888520735524,1,0.0,0
0.17432532296968536,0.03823309576371156,16.32761568002607,9.96443614618199,1.8628994776097778,0,0,1,0,0,1,377.3200942301222,0.04350885706462296,1,0.0,0
0.17175036801931484,0.0030813478227316986,42.13945786157032,4.35945291097321,2.6288138283327616,0,0,1,0,2,1,45.07725303322637,0.0881940883695152,1,0.0,0
0.02476001562654602,0.15313730102438988,37.11913023368078,7.72888204007503,2.0219815526436022,0,0,1,0,2,1,141.15102441889587,0.4686766141425868,1,0.0,0
0.010155779619383394,0.21698318745790218,16.08223530435567,7.522445910173186,2.104286322232199,0,0,1,0,1,2,50.38358198001542,0.10790355074542149,1,0.0,0
0.06669841499874862,0.1256185783092687,12.84713338672321,8.864269742022353,1.8732107483340588,0,0,1,0,3,2,74.24682988677303,0.08515250823619908,1,0.0,0
0.2618702294881818,0.06879432898513069,28.27330767673479,7.574741446814219,1.2838054863866735,0,0,2,0,0,4,114.47709953892077,0.037883164491495924,1,0.0,0
0.017060185051987132,0.09476804090901622,34.04641154807258,6.533100473044057,4.785911913994056,1,0,2,0,4,0,82.57540259240325,0.036451142223706316,1,0.0,0
0.22362312481167324,0.06873404499951344,43.21910389520566,7.88151218473454,1.450455409189955,0,0,2,0,0,1,193.21977213736503,0.10748855084112757,1,0.0,0
0.2934181031447775,0.0034493424240329106,32.96065111694433,9.16825249467647,3.167390678701151,0,0,1,0,1,1,56.46896778495983,0.2956899129474933,1,0.0,0
0.0029157433777026076,0.02456597032182177,28.9221292408756,8.660319520975108,2.690782326480633,0,0,1,0,3,4,30.0,0.030430719629209985,1,0.0,0
0.19027847756792235,0.17473051884106425,18.45595477945879,8.783978901151185,1.7371509338396272,0,0,1,0,5,0,91.47217872335976,0.07032828477115294,1,0.0,0
0.13035069582779762,0.07379862314377529,19.410177816985826,10.164184036747892,0.8529344002809232,0,0,1,0,0,3,475.0765886904229,0.2766041611039262,1,0.0,0
0.34746739237449986,0.022320734640822144,24.422539604690602,9.353967367724199,2.2894510728506585,0,0,1,0,1,0,710.3229191887943,0.21711752660436182,1,0.0,0
0.03940947136667951,0.5,29.146034611630835,8.172732658285017,2.252927204213126,0,0,1,0,0,0,30.0,0.6546888509476925,1,0.0,0
0.015426745619202303,0.0032488552923484204,16.393131837070854,9.935692457992534,3.1312990502497464,0,0,1,0,3,0,264.00959961523165,0.027016830116530378,1,0.0,0
0.12827397875853525,0.02890279247674286,28.278395786272323,10.651868245401598,3.0604042110786525,0,0,2,0,1,1,367.3943673427244,0.29983930388428653,1,0.0,0
0.06907811899643507,0.017885473434224117,20.044520759602925,7.059223282399056,1.8945146328422235,0,0,1,0,2,0,38.29626872327431,0.06195857900014649,0,0.0,0
2.0979915205515653,2.9852643438416155,85.0,0.16281052094355491,15.545428072959401,0,1,6,1,45,8,16.021682848472533,1.5,0,0.0,1
4.467053269967072,4.682507570694821,0.0,0.08253951195216866,17.052535734985998,1,0,6,1,60,8,6.728729560941356,3.5539537175706117,0,0.0,1
0.06329658614036747,0.04082866543422025,29.30847834093008,7.75548695974859,3.4094494831021676,0,0,1,0,0,2,43.49100710260474,0.097935075335618,1,0.0,0
0.26829238071445405,0.21325513913986804,27.355632351617594,10.53559193807192,2.216356534591288,0,0,1,0,1,2,222.66686058666946,0.17342680574263356,1,0.0,0
2.0874247620465005,3.0284269419371364,190.0,0.08173026929933444,18.412843158912533,0,1,5,1,45,7,8.977067073449017,3.937231657183351,0,1.0,1
0.15639810936980225,0.0577370167389397,32.22899866249846,7.293124331022785,1.5753566710840894,0,0,1,0,1,0,389.47965955734674,0.049347456130093274,1,0.0,0
0.020857378381818004,0.0569878472241456,24.67983619596758,10.343873202570713,2.176212705638623,0,0,1,0,3,1,115.43033039549259,0.029575898934824818,1,0.0,0
0.08332757961256723,0.1331131533280036,37.74337809509294,9.574924173450404,1.1332697666662823,0,0,2,0,1,2,197.08687880632647,0.017844544033765074,1,0.0,0
0.06405910865708946,0.029882825218914857,28.251568617141103,9.66945069407188,3.3701389048045565,0,0,1,0,1,4,192.67534795954057,0.34665406675640986,1,0.0,0
0.024757293215195462,0.08794629642286823,26.073415878717128,10.217326878155149,2.213080395971555,0,0,1,0,1,4,112.71408688340671,0.03267741531577024,1,0.0,0
3.8734441288408203,3.1181147957472732,0.05,0.07588182306822988,22.153582240841565,1,1,15,0,45,7,17.723266763978977,2.2713313375371014,0,1.0,1
0.1351166254524315,0.03260562498923036,17.907108429942774,10.51250159886543,1.103224755492848,0,0,1,0,3,4,185.71149861830668,0.22248201755521238,1,0.0,0
0.046158436006204666,0.09312101131570044,19.68141948008526,7.323319885384628,1.2972729345727072,0,0,1,0,0,1,172.9762367080954,0.25631890243226696,1,0.0,0
0.08202566737609801,0.0716635713107255,28.016198578138425,9.28408900773701,1.1269474403227726,0,0,1,0,0,0,168.99085442453503,0.5812905630853287,1,0.0,0
0.04246754988039178,0.04783048588764366,16.243276464880562,6.97568307394756,2.4408810113944757,0,0,1,0,3,2,39.9793768370274,0.24912378954355457,1,0.0,0
0.09532732748803507,0.031362104834907666,23.705434608857757,11.219543786656628,3.1537685390885666,0,0,2,0,0,2,30.0,0.40481630548906733,1,0.0,0
0.034298837585583754,0.23572068582524705,23.668721569827568,9.634043665806454,2.2585749007371416,0,0,1,0,1,0,49.39192738535245,0.16022101008782824,1,0.0,0
0.03428844717429226,0.3245095372818945,24.899345255800135,6.447863834517685,2.5465049536084137,0,0,1,0,1,0,420.56324823743944,0.15470764054284403,1,0.0,0
0.08327397527860204,0.017866906716583836,32.32464478662451,8.481834411808627,2.0584770684681395,0,0,1,0,2,1,316.88203178248875,0.2603696304911528,1,0.0,0
0.04130675910647298,0.15611759794085123,29.273830727012196,6.330064025039046,2.849456255104331,0,0,1,0,2,2,610.064597797849,0.346590887269072,1,0.0,0
0.054772147515502335,0.05407653214788653,28.566243729096634,9.010656343490089,0.0,0,0,1,0,0,1,309.7182150698521,0.05770990916154235,1,0.0,0
0.09067987532237669,0.13332493423219724,23.903154121605656,13.108179567098379,0.5430624544792702,0,0,2,0,0,1,60.411916146816274,0.033418951760084546,1,0.0,0
0.02018590162357164,0.03692954983637267,33.62490572851769,5.085548010858895,2.9002056534504943,0,0,1,0,2,0,147.71035990350944,0.04245501578823413,1,0.0,0
0.002964409649298627,0.056440232359685115,27.29378923535158,9.890332035236511,1.962782141336226,0,0,1,0,1,0,103.56420368286243,0.003502707399761678,1,0.0,0
0.18162746303170837,0.02658818998421189,27.16539690804003,8.578711509988391,2.372767224276402,0,0,1,0,1,1,42.64932080896864,0.00249503428801842,1,0.0,0
3.2374262584232634,3.422442608165871,190.0,0.00517847297929544,17.664169800584993,0,1,15,1,45,13,24.811789319849698,3.400450076720582,0,0.0,1
0.1577824277367594,0.04680286627200648,21.718763976567907,8.79199182862528,0.9542827260376716,0,0,2,0,1,3,64.67552989373412,0.0037073855434885485,1,0.0,0
0.03052756654451327,0.27541699942092435,28.84265813194067,6.831681906566838,1.7758336705090705,0,0,1,1,4,1,71.98430621007287,0.5178587455264239,1,0.0,0
2.0633048160991594,2.588409146078199,0.0,0.013048451370460984,12.064416289582622,1,0,7,1,25,7,12.802129908724002,1.9551420462538258,0,0.0,1
2.3628810858701477,3.9791390211826463,85.0,0.10094404547707,21.392008035393065,1,0,7,1,45,6,11.27515135675095,1.5,0,0.0,1
0.13987577262231896,0.04415751577949042,26.6931011464108,8.454711739727252,0.4161044089121506,0,0,1,0,2,1,123.9964726286597,0.010957716983523273,1,0.0,0
0.006335433371972962,0.012992973944847573,17.4291845506691,8.541180354469358,0.866993434218603,0,0,1,0,4,0,345.7474678940533,0.35528567286392826,1,0.0,0
0.11015036691997201,0.1663608913642918,24.59600173540962,9.764303259381546,1.7617556981015459,0,0,1,0,1,3,30.0,0.05333662277215945,1,0.0,0
3.8079615575828116,4.647096969444905,190.0,0.12191584121208307,10.767814403076231,0,0,15,1,25,11,2.815903265882894,4.304903607989142,0,1.0,1
0.12140754611130593,0.0689466811589634,22.474448177370824,9.554877303719994,1.2186423043830539,0,0,1,0,3,0,83.07933970151602,0.1504975271126678,1,0.0,0
2.6474554196066773,4.023284932734146,190.0,0.06840201484781736,8.8523524242818,1,0,6,1,60,14,22.303607736446363,3.469054330951695,0,1.0,1
0.03610232448261915,0.0061569552739053355,25.798283788879637,6.65656432703617,0.5571462459326646,0,0,1,0,1,2,465.8923115113217,0.35832206140845074,1,0.0,0
0.1293478936892131,0.13316251472382123,36.90844972099384,7.408547918727612,0.9965234392158044,0,0,1,0,5,1,30.0,0.0521769492708537,1,0.0,0
0.33141677435029426,0.2566984917434886,13.967487109323072,8.424226597956316,0.21497416093029798,0,0,1,0,2,1,125.55268645477256,0.22999880906928458,1,0.0,0
0.1367740783619013,0.08647610757093327,27.366134329992725,10.25852781033312,2.0838023596113406,0,0,1,0,1,2,38.248103743415534,0.10313887326524583,1,0.0,0
0.24757701531384704,0.16470498416335283,19.163657788955106,8.406501092194596,2.5529431891981056,0,0,1,0,1,1,30.0,0.3385175578588615,1,0.0,0
0.015479858839694076,0.08495985449137654,15.459765396050834,7.398285059342676,2.574906040915037,0,0,1,0,2,0,113.07252815539947,0.16939980321709167,1,0.0,0
0.14233414960010507,0.06036931241814696,20.61233513692028,9.14690472852078,1.3500557046923096,0,1,1,0,3,0,93.10153453711908,0.060940090528103355,1,0.0,0
0.018266174705558736,0.03666599718373882,20.425968677055366,2.9870744058185776,0.6312454644039704,0,0,1,0,1,2,212.8302086967476,0.0006010433799644046,1,0.0,0
0.057988244329101366,0.029754802715595132,33.03451205847519,7.405563119468054,1.7859422293679825,0,0,1,0,1,1,237.4077718692264,0.01513550384843255,1,0.0,0
0.022194621333086615,0.01791314497439054,34.11066916338911,6.423001324771548,2.3949712816904656,0,0,1,1,1,1,77.02415927374705,0.031733687376709105,1,0.0,0
0.18892001318609689,0.07181380915321507,35.10771444116865,6.680695948333923,2.3878273420089586,0,0,1,0,2,1,65.41002852620582,0.23924915361417792,0,0.0,0
1.6296321204388915,2.458255607002547,0.05,0.143231852807725,13.759500514338228,0,0,8,1,32,13,19.995076292486985,3.889953435224907,0,1.0,1
1.692981164700194,3.229526129134618,220.0,0.19221591370981664,15.137101340424564,1,1,6,1,60,13,19.169765003827855,3.0546060724636774,1,0.0,1
0.11247705870799195,0.00495625963385501,21.861972190520724,5.523483574353935,2.845271029445867,0,0,1,0,3,1,30.0,0.5416775548138401,1,0.0,0
0.10361487872349921,0.01502919888363547,39.744869834806714,6.695170558511749,2.2984278994828182,0,0,1,0,0,0,42.82143832677515,0.00858945421484939,1,0.0,0
0.05093629578136334,0.12213492829190742,17.904113480528643,5.517544337219075,2.5763560176138087,0,0,2,0,2,0,214.52899702378144,0.19733648442385354,1,0.0,0
0.06442811815084473,0.07294057104108868,38.78652955518356,7.4887588281616235,3.0063782748037804,0,0,1,0,1,0,138.390779821679,0.1848569393958922,1,0.0,0
0.15664945552925882,0.0421017638035939,33.122719967514385,8.827902961789622,2.1757536516880855,0,0,1,0,2,1,45.415157014922606,0.07023341171483137,1,0.0,0
4.371904597222985,0.8345582296506264,0.05,0.23728395746126285,13.558957264553472,1,0,12,1,45,8,18.735314138727702,1.5606034059430747,0,1.0,1
0.09569553198697474,0.027930718163474408,23.730761972715513,9.399425214993016,2.5469684731271998,0,0,1,0,1,0,30.0,0.017960439824325596,1,0.0,0
0.325717332569035,0.2022555205397422,17.421256944495685,11.653699651178433,2.519502814193426,0,0,1,0,0,2,126.80170377977258,0.5577073487894959,1,0.0,0
0.3410418893941857,0.2320116404597005,31.14098096966767,7.438839288705582,2.512583152688558,0,0,1,0,1,1,68.46967764913785,0.27906883405761435,1,0.0,0
0.10696768507979335,0.001996252902597199,23.332036123286066,11.1350816380348,1.7208941436400536,0,0,1,0,0,0,558.5093554522255,0.022476078685319017,1,0.0,0
0.010020773970979517,0.035924313128210594,15.841415907691891,8.204022504954294,2.1754136418264114,0,0,1,0,0,2,154.09701363301963,0.03740099831681966,1,0.0,0
0.23736913989711247,0.031128585311460375,19.315916428911464,9.136510493166854,1.8626114005832242,0,0,1,0,1,0,100.11685364980563,0.5786005913787674,0,0.0,0
0.1778951311787616,0.025976283444025364,28.51193650875243,5.48089675506009,2.1093369035973457,0,0,1,0,0,1,30.0,0.015598457137616296,0,0.0,0
0.2829488756354944,0.030970384031085887,21.511845494222047,11.489462014538608,3.053069717594912,0,0,1,0,1,1,152.94716066658674,0.007826435113274431,1,0.0,0
3.466414531386318,4.010608838927611,0.05,0.06366357842701059,22.15623948505602,0,1,7,1,60,13,23.16781797466956,4.463690746766094,0,0.0,1
0.16068208858502717,0.06912277754255283,22.641967722637048,15.357820956016427,0.9092462841777535,0,0,1,0,2,0,125.6863309315357,0.14948024601187906,1,0.0,0
0.17490303109337493,0.05107794985897843,17.85942709202961,5.64146624065771,2.2614045025472107,0,0,1,0,2,1,171.94250624635137,0.038270170857050506,1,0.0,0
0.040361835389781955,0.04984131686223167,26.726804645228885,9.820977964691394,1.2267239148888023,0,0,2,0,1,1,187.68799865146033,0.45583075363930603,1,0.0,0
0.058888664404217944,0.04656773517662053,33.02356124910402,8.122037510974751,3.2631891230180328,0,0,1,0,1,1,47.19387177814473,0.1913504630299606,1,0.0,0
0.29912398122451694,0.05596870735342508,29.71240031169406,10.852451413517059,3.3170586779673643,0,0,1,0,3,1,94.72099197570107,0.07381208670724423,1,0.0,0
0.21330670155497078,0.054162374953570264,22.85982188823616,10.610706134942088,1.927935789499486,0,0,1,0,1,2,438.8847629393496,0.13386689680129776,1,0.0,0
3.075303400128012,4.756932418141823,0.05,0.20936171866074121,23.38392416434985,1,0,12,1,45,11,7.3239298004701245,3.4229140806921006,0,1.0,1
0.0061064944740838525,0.011688373960969977,24.228392112901226,9.541355534160147,2.8963101857786597,0,0,1,0,2,1,216.01871676704258,0.3961916245732253,1,0.0,0
0.09841961485654496,0.046771222679755475,22.813797512323653,6.214418610007199,1.4108564545156104,0,0,1,0,1,1,137.00381486736674,0.21156852964942,1,0.0,0
0.1406669958954395,0.10826065547451862,22.130744490535747,11.891031638499713,1.2933782440437016,0,0,1,0,1,1,212.85413056127044,0.22940971269153818,1,0.0,0
0.002647805922600184,0.03525481778121823,24.690597384684363,8.379438501944037,2.061252710340387,0,0,1,0,2,1,109.7738101337751,0.15485286928793462,1,0.0,0
0.18915598151087457,0.02426930006722116,34.380249720233394,7.0055653830265125,0.5099173244233819,0,0,1,0,2,1,389.6424995878638,0.0378115213326099,1,0.0,0
1.9642078450123241,4.243151829985173,0.0,0.19625066926520596,14.058418170874,1,1,7,0,18,9,20.045863789312527,2.114466288622934,1,0.0,1
0.0022067865416680443,0.034089223084301574,33.40460705279343,8.136709722187533,4.239965192231448,0,0,1,0,3,0,77.21176148079219,0.14053909723344046,1,0.0,0
0.16556871686037014,0.004825584469007323,22.19758949736564,10.069777374988371,0.7763307279392291,0,0,2,0,0,1,358.79863705938214,0.6706264014386323,1,0.0,0
0.10803855165139413,5.7369261811446945e-05,18.461318213854376,8.086491193141457,0.7812888992306346,0,0,2,0,3,0,33.364748789868216,0.09642893541234458,1,0.0,0
0.05402449379340121,0.10202732382212759,6.5192769735974565,7.837671468288358,2.696042313407891,0,0,1,0,1,0,47.68469441759978,0.1705628849171587,1,0.0,0
1.7170401837865217,2.5504679020685783,0.0,0.06973438683212549,17.62222558539416,1,0,6,1,18,9,15.189927204572545,2.1686618256973835,0,1.0,1
0.038933021097645716,0.024616226733119976,16.298513338208274,6.831247376490524,2.8752814266351763,0,0,1,0,2,0,241.65116707071735,0.25062743173147606,1,0.0,0
0.02111725042089059,0.017113065745875847,26.382282480370492,6.076463585021271,0.7303477338986988,0,0,1,0,0,1,165.69448061262966,0.06996970161576947,1,0.0,0
0.03799719229303278,0.018797729630129996,15.588378875172161,12.388035300000883,3.1392418183632884,0,0,1,0,0,1,796.415920097424,0.16542253098719395,1,0.0,0
0.07077162809067312,0.18207428120977281,22.291626058538714,7.033149666365523,2.31162882372473,0,0,1,0,2,3,30.0,0.13265660419305322,1,0.0,0
3.473649800825273,3.0313237748254442,0.05,0.1351589086517458,12.868891765856583,1,0,5,1,45,13,4.59996051991792,4.043077982162951,0,0.0,1
0.06972077909656464,0.04453634731403966,36.27163191829375,3.955716688858786,3.5603668175048813,0,0,1,0,3,2,94.11499686765532,0.003075073224886446,1,0.0,0
0.029617927624502445,0.013599644882432732,39.09097084974914,8.370381492877739,2.8331303283983447,0,0,1,0,2,1,176.19033044879544,0.13147443324579228,1,0.0,0
0.007459188232646476,0.020460011522701264,28.04504189483159,8.772622591127336,0.7356626982376431,0,0,2,0,0,0,30.0,0.003029545448973707,1,0.0,0
0.042766802869344846,0.2465583806783679,28.060932843788336,9.79674555541958,1.52095002646284,0,0,1,0,1,2,47.46307785599203,0.3391301620776316,1,0.0,0
2.8212622516625223,4.566045558237132,0.05,0.07651024655348526,15.339547766790945,1,1,5,1,60,12,8.886546104771107,2.9687482615176624,1,1.0,1
3.761082717944717,3.7757584871709255,0.05,0.09465103490983423,16.575950560416974,0,0,6,0,45,9,12.623015799745046,2.8727996474345106,0,0.0,1
5.012155403653413,3.3908612370566535,190.0,0.12996801518471612,11.320487241145145,1,1,12,1,18,8,5.831460923740876,2.752305439107115,0,1.0,1
0.2738577946593544,0.06076312741958777,27.99524319469553,8.26229503595846,2.6918418040088565,0,0,1,0,1,1,228.85508546068695,0.016865948070949915,1,0.0,0
0.045927685970198216,0.0046293393236661335,13.31607463706562,8.140940332048158,1.4906549036692915,0,0,1,0,2,0,74.0334067109767,0.05068978125736129,1,0.0,0
0.008400821565292965,0.011055046008614781,25.15285278293305,8.844117844732517,2.9595758923851347,0,0,1,0,5,0,108.34432276124296,0.12460705593301141,1,0.0,0
0.03780601280462027,0.06150044515219557,26.98780147693915,7.7174645701849185,1.2341159316793795,0,0,1,0,1,0,137.00395074034955,0.5575684254516049,1,0.0,0
0.043201646979473596,0.09846582535948754,21.286100323080895,9.974045711112627,2.357065374460384,0,0,1,0,1,1,424.6386178248718,0.09882993168947593,1,0.0,0
0.06073709873701061,0.017086728379822037,24.069120280724803,8.921270890430117,2.988095983576687,0,1,1,0,1,1,30.0,0.1566172707165919,0,0.0,0
0.18960016748163203,0.03860930134722902,17.780583929958972,7.866793114193852,1.7085936386511067,1,0,1,0,1,1,341.22348140346304,0.2124341847272458,1,0.0,0
0.10904193650644058,0.08911712381212615,32.05074048184665,8.880620250794113,1.9348232330777477,0,0,1,0,1,1,113.17482318006043,0.09706341699365892,1,0.0,0
0.035793010024020556,0.0545561365198522,21.672774705298817,6.6403041032146986,2.6727204878601407,0,0,1,0,1,2,490.8503698074851,0.363064366117525,1,0.0,0
0.010181850069637448,0.14853603189873385,24.80120586622546,7.523452550606624,1.6462949577444177,0,0,1,0,1,2,123.68272727319714,0.0006137659683220419,1,0.0,0
3.321995780589032,2.6809888438413547,0.05,0.13819772870392905,9.5883564832796,0,1,12,1,32,6,22.672520033738248,4.898280559834138,0,1.0,1
0.07381945931003078,0.009578443472048346,27.309749700875642,9.336182855013202,0.5178816295659869,0,0,1,0,2,2,165.39515370737405,0.04723907179095075,1,0.0,0
0.0021642723398338872,0.049394626135020374,35.3005248808125,7.213699179754689,1.4843659659196728,0,0,1,0,0,0,393.10104617813715,0.454579478334306,1,0.0,0
0.19565828352402573,0.016752054862515225,24.61851391265735,8.066569977227145,2.5072999856297518,0,0,1,0,1,1,30.0,0.44994131219730554,1,0.0,0
0.064787989432715,0.007369751843446435,25.843840227612983,9.539658005342053,1.6121061750657797,0,0,1,0,2,0,201.33185446494758,0.054666289228486556,0,0.0,0
0.089374139967852,0.07471018104205465,25.271935405927135,6.229135381938862,0.3484602865698092,0,0,1,0,3,1,308.6271579941292,0.02917491820566725,0,0.0,0
0.0030626434382871265,0.0004517782694694399,23.69892630923596,9.054958482674932,0.2293476900777256,0,0,2,0,0,2,928.7756764456885,0.035105256878795246,1,0.0,0
0.03459673586318715,0.008052324113258888,15.399101563213156,10.67351795405313,2.953088054992494,0,1,1,0,1,0,270.08793466560815,0.2204444041876278,1,0.0,0
0.04061608402668646,0.035294409403977614,34.35950138109794,7.892154704769255,2.9525905079520447,0,0,2,0,0,1,30.0,0.3861546406667335,1,0.0,0
0.08025367304025038,0.08208391252232537,30.480186328690305,6.232107328064392,1.8675552803004276,0,0,2,0,1,0,163.17022022087147,0.20711607820521363,1,0.0,0
1.7225868163144142,4.67920243769415,0.05,0.13067195623792943,13.695236448261088,1,1,7,0,32,11,8.425715775594327,3.079651455955165,0,1.0,1
0.19063433699450458,0.03360895358051264,24.231625918381543,8.96844082719912,3.3548929315218388,0,0,2,0,3,1,40.694914458192216,0.3225776597994654,1,0.0,0
0.11306232155002163,0.021949569281530853,23.457771088870288,9.642566106328593,1.2663920539133602,0,0,1,0,1,0,30.0,0.14308845797142897,1,0.0,0
0.17240200425846144,0.009960242313866602,34.55263279483691,12.394656973808566,1.9839750095863815,0,0,1,0,3,1,133.50365782388053,0.1621024942639172,1,0.0,0
0.10227495522938802,0.03145916307731282,22.984598739237313,6.341676366191016,4.444981300666401,0,0,1,0,3,0,192.22122999153123,0.17455217535888762,1,0.0,0
0.11344421385142733,0.21037679765438694,13.008466989680944,9.446682366770286,2.4047475053155036,0,0,1,0,0,0,71.06571403656645,0.09689900499192128,1,0.0,0
1.9556153695228957,4.412778652095477,220.0,0.02394727488819784,13.188508001344829,0,0,15,0,60,9,15.977427384248585,3.0870123465468993,0,1.0,1
0.36311999479608165,0.16160609372877613,28.556183007338248,11.84748750796685,1.4553037128802875,0,0,1,0,1,0,292.25481291155893,0.04759165076525877,1,0.0,0
0.008386663019534758,0.03402925995503387,8.55327243891853,7.045068587532656,0.9392683760444662,0,0,1,0,1,1,126.19873425827183,0.06743419835436654,1,0.0,0
3.050982843767887,2.5058230097741334,0.05,0.12233665770388627,18.163854776097672,1,1,6,1,32,9,21.88667534138452,5.940706539058253,0,0.0,1
0.02153638064840533,0.20802722429207648,35.96285444745963,6.568849987580322,0.7150312536980457,0,0,2,0,0,0,127.82259734399115,0.19306178250607425,1,0.0,0
0.010924590912504186,0.2402685033847104,36.73108779574428,9.852203227299826,3.0203818741776796,0,0,1,0,0,1,47.28207789422988,0.01939490981877321,1,0.0,0
0.04246994196770044,0.05772880573214669,21.216332744359093,9.914212320213126,2.028728692471304,0,0,1,0,1,1,145.84633522337762,0.619642782293234,1,0.0,0
0.058669508771007364,0.017033030908751676,27.18961297736038,9.105487585010085,1.8317577964694802,0,0,1,0,4,0,30.0,0.16227617490495702,1,0.0,0
2.086941741754597,2.6693871391712714,190.0,0.03648064918263008,13.34305536392643,0,0,6,1,18,11,5.920502810349446,2.843637905103156,0,0.0,1
0.01342907160424332,0.00102708337820631,25.509674893904247,8.339725864240382,1.1920048308851274,0,0,1,0,3,2,58.48177542467314,0.140142486002852,1,0.0,0
2.3532616822986077,2.0950234735523616,190.0,0.06083510397341321,13.52101336501743,1,0,15,1,45,6,5.285716537408211,1.9680913782232505,0,1.0,1
0.31339953156504946,0.3235647599131661,15.139238053223114,6.507621508808006,2.554632200640681,0,0,1,1,1,2,135.66470500972414,0.041933873270328444,1,0.0,0
0.09613064608037626,0.06462535528921205,33.48613171686933,5.6087795984468745,3.0342266740047625,0,0,1,0,2,0,30.0,0.1990689348040738,1,0.0,0
0.19658379854032215,0.030218770146420982,28.609895740590776,7.939951534156461,3.0428654095596084,0,0,1,0,3,0,30.0,0.11734019027262586,1,0.0,0
0.05748499424005166,0.033926224824913684,23.368114944536938,8.058874931182022,2.0370143774961424,0,0,2,0,1,0,71.06714328528908,0.12188393174052299,1,0.0,0
1.170228487852722,3.6199966826308834,85.0,0.12796003290091695,14.39284162173145,0,0,7,1,32,13,12.408020216049982,3.259566965619993,0,0.0,1
0.08002011643190568,0.2028328790182972,27.53350093776368,12.231454711936914,4.412376653923846,0,0,1,0,2,0,99.51201600589562,0.11035268641479863,1,0.0,0
0.008542620751517405,0.0329687300717272,21.872947028447108,7.561858764112363,0.4521595387213384,0,0,1,0,1,0,53.871462822181755,0.1613937021362398,1,0.0,0
0.28391827752374,0.0224559955085312,20.528295493571786,7.5747105162374035,3.5586265169628146,1,0,1,0,0,0,79.0220500577365,0.4394538855674271,1,0.0,0
0.036024805085056476,0.06521158083616928,32.21462754905194,8.01636417494204,0.7653545825181347,0,0,1,0,0,4,151.4500455475885,0.16038290948230538,1,0.0,0
0.8,0.019237083206897446,19.367284813195216,10.522194011173982,0.391073450554396,0,0,1,0,5,1,531.3038526045993,0.143615940248788,1,0.0,0
0.1504619145332131,0.026170211213218574,32.768696517413716,11.372178692364031,2.8928405543192963,0,0,1,0,2,2,42.553511499633274,0.109899685013163,1,0.0,0
0.36059497350429115,0.000739478986204509,23.761174151103443,11.277600207239153,3.058871846575562,0,0,1,0,3,2,119.29495287025125,0.12144580630873454,0,0.0,0
4.022830899824082,3.9130093334600184,190.0,0.033028099932456256,13.933773475251968,1,0,12,1,60,10,9.386240535355672,5.224366610708174,0,1.0,1
3.2641404364835083,7.507684250055137,0.05,0.209962860213459,9.092178989765127,1,0,12,1,32,9,20.889379716971995,2.2372028600504343,1,0.0,1
0.23425105381719902,0.00029812767674266476,24.270443942345963,7.160895347248379,3.5931062215029255,0,0,1,0,0,0,168.89657186174392,0.07442269861373514,1,0.0,0
2.7361184888318384,3.109449798860072,85.0,0.0737295463177138,9.306455931166436,0,1,5,1,25,11,24.3844592419165,3.481492833556825,0,1.0,1
1.9326064257512003,1.2231686089213725,190.0,0.23968545677131634,11.564851766959087,1,1,8,1,18,10,20.265660563442307,1.6773105414318032,0,0.0,1
2.847583350824265,3.5277336061883533,0.05,0.0883152488004931,16.617582791986273,1,0,5,1,60,11,22.10885587226575,2.7686786254473104,1,1.0,1
0.021161420937702752,0.15424409772071407,19.74316745552637,7.192205811536072,1.599777047600432,0,0,2,0,1,0,324.7073224650057,0.18062931153547646,1,0.0,0
0.0037973449753564564,0.08699153634893346,23.84248850287419,10.200008535939187,0.4810048367427975,0,0,1,0,1,1,339.75286218636734,0.02245196639838433,1,0.0,0
0.08739549998582256,0.11527522136941887,24.32976127799761,6.583841240717279,1.4112951664432303,0,0,2,0,0,1,447.0652470999959,0.2489937622728245,1,0.0,0
0.47723588829384256,0.08306571659665275,15.96871716767502,8.737188846113748,1.6755674182515135,0,0,1,0,1,3,336.31239169847566,0.012824894840359589,1,0.0,0
0.13912858368298636,0.05277917619334377,22.91368467972401,5.311647349464793,2.7438296345821245,0,0,1,0,1,2,581.8609265106154,0.37899158446213677,1,0.0,0
0.31626281487982677,0.06979533106742393,25.823679215293645,9.361479867963702,2.1446861305250366,0,0,2,1,1,1,229.14099485739195,0.036943467643082935,1,0.0,0
0.18818344994653782,0.01708099819543962,11.92848341803756,7.0115132660888575,2.175542243835148,0,0,1,0,2,1,436.7669601904917,0.14205558213645114,1,0.0,0
3.601160982220642,1.9120875088512341,85.0,0.026084792398138434,16.727319255054656,1,1,15,1,32,7,1.8670493988356638,3.435341845126399,0,0.0,1
0.09877374971761765,0.07540586087221424,21.626157670958623,8.662249166837006,3.445635046658087,0,0,1,0,5,4,222.84553160619527,0.9,1,0.0,0
0.13786498470926006,0.12178006024547414,23.28002245656158,8.684842294678473,1.0988967130156428,0,0,1,0,1,2,39.43657649760981,0.2721108453483542,1,0.0,0
3.7677989728056893,3.087671740009787,190.0,0.24117176428439527,12.059620607108673,1,1,12,0,32,12,11.891826118649128,2.9870937338973365,0,1.0,1
0.11705057492394906,0.021980743231812285,30.277496335773996,9.417200907755262,1.7006061566677568,0,0,1,0,3,1,214.88825978353574,0.034902874284266965,1,0.0,0
0.05790721879317923,0.060548159131827345,26.036436833264624,3.3597049028392947,2.448967555570214,0,0,1,0,2,0,240.67344198835107,0.17870665012799947,0,0.0,0
0.2219611364564435,0.2838457212696005,15.078804224090392,9.891491584945285,0.9651948365546223,0,0,2,0,0,2,137.83334949380716,0.14331329111988017,1,0.0,0
0.12061650335298604,0.057385129938910796,40.381604225833314,13.025137616670637,0.7409972730318488,0,0,1,0,0,1,43.486123856288,0.08847037328332215,1,0.0,0
0.223079098881138,0.03192768820342559,31.81112960642413,6.1809288990990225,2.2385841879306048,0,0,1,0,0,1,382.2596905366556,0.018553656843342033,1,0.0,0
0.20982897279418775,0.17674264192367134,18.329125858972294,8.050160920889297,0.590320705340351,0,0,1,0,3,2,625.3605032534608,0.14097235400511207,1,0.0,0
2.5689771589138704,4.043361800197161,190.0,0.110949268885709,14.464211455982275,1,0,15,0,60,9,15.081620897859901,4.306229902928815,0,0.0,1
1.597231223069936,4.756647642940063,220.0,0.030754569308852453,12.078982550883527,0,1,7,1,45,9,14.801383935044424,4.100056090783535,0,1.0,1
1.9266313677746076,2.3807807573432704,190.0,0.08210680167988693,8.452555973439651,1,0,6,0,25,6,5.93916823905119,1.5,0,0.0,1
0.01445331420443957,0.1415524931921406,33.96705231677333,7.757871942198295,0.18920042168031914,0,0,1,0,0,0,49.2811144319867,0.3536036492120582,1,0.0,0
2.5228403104792214,2.836112258212481,85.0,0.1720750230324513,13.729201454120261,1,1,7,0,45,6,21.953906543395615,3.344529221939935,0,1.0,1
0.0040929047829405514,0.16619142711661206,23.725994514510177,9.422456522997596,0.8277175030970472,0,0,1,0,3,3,39.179985020429534,0.07087528622697085,1,0.0,0
0.20723794077394775,0.10079418184912471,27.918271884545124,9.9328604073148,1.446353515449208,0,0,1,0,1,1,128.38184362222913,0.06196974979963719,1,0.0,0
0.34320111977926654,0.04343113379786798,37.207520143150745,5.917088871026071,3.316247297161274,0,0,1,0,0,1,228.79114662254213,0.36564922968318725,1,0.0,0
0.02969449898166647,0.03563097896416575,15.291581439234646,9.60251184466942,2.8681754795558936,0,0,1,0,2,1,103.94524224378412,0.3253923203412087,1,0.0,0
0.011816321231304909,0.027308363878805135,32.79940999179037,6.148378039321605,2.3363567374706147,0,0,1,0,0,2,30.889846180145838,0.4722637563388705,1,0.0,0
0.0011250518597347387,0.018541640075468588,27.350927492410506,8.922249553689333,3.2284664904235427,0,0,1,0,0,4,89.6429745803451,0.029793386927452665,1,0.0,0
0.1355903565825668,0.08726917937307674,30.74984758234736,10.737824543414348,3.925113123936919,0,0,1,0,0,1,30.0,0.09535507481975185,1,0.0,0
3.5627497408646933,4.105253856469327,220.0,0.2368178547368151,15.729997885079868,1,0,12,1,18,6,19.014337689452297,1.5,1,0.0,1
0.20113409270999075,0.0630719082033324,20.635531735144887,7.184203022850518,1.9924353403253507,0,0,1,0,1,1,45.60275207473452,0.06193959506571365,1,0.0,0
0.1536779440228554,0.057518218795048766,22.04255033249234,8.767357676475246,2.084797633913095,0,1,2,0,2,0,72.78126817672245,0.10437493753598599,1,0.0,0
2.4598983194612507,2.8449487915793137,85.0,0.18124906473505137,8.133789843356968,1,0,15,1,25,10,15.204797415536532,4.9346076900727365,0,1.0,1
0.028689031219762295,0.04215110622198042,16.846501932345916,8.361089724297962,1.418932699939976,0,0,1,0,0,0,128.63040673252712,0.005788101709148542,1,0.0,0
0.17977305046387113,0.005969842489168481,16.063967624184933,7.111003179503898,3.0062407473116366,0,0,1,0,4,0,35.75710555698305,0.1123768106816495,1,0.0,0
0.06396292785428397,0.04330267886031414,24.68608875888174,6.438349746561103,1.6646429294540068,0,0,1,0,5,0,364.40707830522115,0.4374048273219308,1,0.0,0
0.06738552426441283,0.049396433121878094,21.747353630555025,5.35024002507453,1.6155318873005786,0,0,2,0,2,1,30.0,0.4582050670949917,1,0.0,0
2.8188787208396184,1.9125660486472853,0.05,0.16735050952790886,12.222446682228348,1,1,12,1,60,12,24.325365891093814,1.51116553261866,0,1.0,1
0.03130116373320775,0.0381733949681403,25.184581531582758,11.567245691465846,1.045035964356997,0,0,2,0,0,1,52.73100773416608,0.055828858655889595,1,0.0,0
0.1662881091801981,0.17718361796972543,20.988229437712405,8.011365922720701,0.6953540013855328,0,0,1,0,1,0,234.7718208153638,0.006798847591757404,1,0.0,0
0.01783744446646107,0.05484225052565837,36.68351171157395,5.589422048197569,1.4899618254856646,0,0,1,0,1,2,537.3518394753311,0.048599478121520816,1,0.0,0
0.01337662188615738,0.19167938159946754,29.442177485293545,7.501983471140422,3.18031831698611,0,0,2,0,1,2,341.8701579134221,0.025026405817641307,1,0.0,0
0.11791792092773716,0.09584335507048737,30.227419290383622,6.414833692932348,1.0532159362538036,0,0,1,0,1,0,597.1988150398847,0.10962070215142168,1,0.0,0
0.2965038316950636,0.06321628835593932,13.993740205076056,10.049872214216949,0.10399810508211083,0,0,1,0,1,0,61.64636913575646,0.1247518140194131,1,0.0,0
0.05685502541812121,0.1765957405263267,20.61205030533501,11.66743509127908,1.36193699068387,0,0,2,0,2,1,49.69353666375996,0.03024661337507591,1,0.0,0
0.045203541127879686,0.039960584733476016,35.00863100281494,12.069271213899544,3.422141811548088,1,0,1,0,0,2,390.90338071054504,0.18529530408722553,1,0.0,0
0.2462535413852295,0.013554151623653747,27.088581226344925,7.243804329840433,2.170566026770126,0,0,2,0,2,1,117.76925933675157,0.2469297055530587,1,0.0,0
0.1426771802437373,0.03870990736170705,38.22543442116235,7.333314134243024,2.0279665439786267,0,0,1,0,3,0,241.43183202473784,0.03441413840579011,1,0.0,0
0.21140531943209087,0.07694766164054462,29.036233265439748,9.288253020868297,0.3820893542099455,0,0,1,0,0,0,369.34944575925255,0.04785493540084312,1,0.0,0
0.021612216138090588,0.015842054816002912,26.44479333192656,12.470453071342714,4.244898414148727,0,0,1,0,3,0,66.28201158789108,0.0827868473388455,1,0.0,0
0.010371393080621231,0.04091361428360354,28.071532682422667,11.06070404167427,1.965686669250191,0,0,1,0,0,1,908.0656226322565,0.26506631711147727,1,0.0,0
0.006199354225620587,0.0033082018965218812,33.884754148054455,9.385124858045614,0.5873179329930882,0,0,2,0,1,1,32.885912397162116,0.12694751855851724,1,0.0,0
0.024313370739870846,0.019034778482695566,26.015621355136815,9.206078496830003,2.912023670988306,0,0,2,0,0,1,123.90527853498966,0.24215848092223471,1,0.0,0
2.3774852859339046,2.656770517028436,85.0,0.1995595733429124,18.112743760328353,0,0,15,1,32,10,12.757013785293053,1.5,1,0.0,1
0.25938769169248704,0.056162286651622394,18.455792455487597,7.666200727761222,2.5503036740090903,0,0,1,0,0,2,82.23212566267998,0.2200934936368195,1,0.0,0
3.7788686891765306,2.647520131307134,0.05,0.19707846427156336,21.608563325109873,1,1,5,1,32,14,1.718144616085489,4.636784499889986,0,1.0,1
0.033038338965394376,0.10048780072725391,29.30308963513673,11.24959594010956,0.3704607000347828,0,0,1,0,1,1,121.71505821535055,0.1699265698434046,1,0.0,0
0.11975715556146775,0.06871830166043066,34.223698403099846,7.8203576633834055,0.642367555051093,0,0,1,0,2,2,355.8480342508008,0.11914467018918191,1,0.0,0
0.008584281232851588,0.21657574008642463,21.89278667488992,9.951847223296804,1.227482524315606,0,0,1,0,0,2,47.21627437653964,0.3969761747726328,1,0.0,0
0.20879447476712454,0.012069999858002552,22.13827403367325,8.554021108603813,0.16189243494116012,0,0,1,0,1,1,548.0806825777709,0.05762453522088465,1,0.0,0
0.03407963639932445,0.018791829006756296,21.439902150954232,11.516165700288042,2.3921281254876825,0,0,1,0,2,0,124.12484875178217,0.19096457836262962,1,0.0,0
0.05903224112536878,0.04418349644167994,33.19005725125206,8.70593048492922,0.6888561782130238,0,0,1,0,1,2,56.09795504639513,0.7277149034371266,1,0.0,0
2.9019145876902006,4.511091726131067,85.0,0.0031623032533577844,6.814708409930556,1,0,6,0,32,9,2.584925004851687,2.156161051416019,0,1.0,1
3.5876527935367606,3.9977044262850305,190.0,0.052509161090739026,13.981505601598764,0,1,6,1,18,12,11.280033226450485,5.071588905940838,0,1.0,1
0.13120335274513062,0.08767293275586517,15.320363134992105,10.299197475958813,3.496003169555526,0,0,1,0,1,0,48.181356987215906,0.7089646219991573,1,0.0,0
0.11613306090754227,0.07967766100550251,23.508455580391207,12.609619637277298,0.9135890466443819,0,0,1,1,1,1,154.47332659071975,0.54725568073543,1,0.0,0
1.4542933676117982,3.14886060822637,0.0,0.1438254134388831,13.20267592543608,1,0,6,0,18,11,1.5148218858137952,4.7432693621091335,1,1.0,1
0.01732475467143712,0.05638669178093382,28.782694296012078,7.866684470526713,2.401465967584528,0,0,1,0,1,2,53.72474448300412,0.5197209724808833,1,0.0,0
0.1784618556805197,0.03372507586553536,28.017050290781782,10.61208321291711,1.7734008359854025,0,0,1,0,0,0,245.0946646395687,0.0019155210223237966,1,0.0,0
1.1899230493392532,2.4295523265312493,0.0,0.23259636010559379,14.208866315993962,1,0,15,0,18,8,24.31554994529077,2.2455950580081225,0,1.0,1
0.13623438140396193,0.04855033365409531,16.672851533012565,9.235058095122824,0.7241467953186715,0,1,1,0,0,2,254.28157157677876,0.07533657472723786,1,0.0,0
0.024994248076014004,0.0002930409591243883,28.627517873011314,8.500321014814169,1.7132936781963468,0,0,1,0,1,0,563.6153403463562,0.09239714094135487,1,0.0,0
0.025973499253214627,0.023659416237600463,35.78938795148525,10.348196257681579,1.1137615666365372,0,0,1,0,2,1,30.0,0.011111503327795954,1,0.0,0
0.112540731364528,0.047208241857199185,26.419368418556523,10.708350313087351,3.228517606414913,0,0,1,0,1,2,371.8091851932113,0.04441818029237708,1,0.0,0
2.4599677371671613,4.207257553238573,85.0,0.05829457162242074,17.40205354340923,1,1,5,1,60,6,6.577305225369262,3.836670979685393,0,0.0,1
0.045451245770121385,0.16114966613190695,24.927176126204863,8.989569239207,2.83814689689716,0,0,1,0,2,2,194.8769346861191,0.44470626707114286,1,0.0,0
3.3955293149365446,2.2447789044525788,0.05,0.15890253176651709,13.178271114898706,1,0,12,0,60,14,14.544002003511613,6.518304846023698,1,1.0,1
2.7247679440016824e-05,0.27093156279412745,29.00327697297284,8.493284759920037,1.3311537071312234,0,0,1,0,2,0,511.2031618561575,0.046856088324648576,1,0.0,0
0.027384103351387648,0.03870450196889118,19.307050079290224,5.465492278855789,2.059654565007084,1,0,1,0,2,2,81.52588402393265,0.054168517409187336,1,0.0,0
0.023719907237588846,0.4341684919728425,24.413364573932004,8.783423580635018,1.899398324843813,0,0,2,0,4,3,86.82120589809796,0.1856901451684846,1,0.0,0
0.014259281483688588,0.06936059682663956,26.114619693519057,11.844083546084642,1.8115231811055086,0,0,1,0,0,2,76.91300146205737,0.04401863479426254,1,0.0,0
0.009467436597148203,0.04453486864526296,28.919667270962723,9.631477008907902,0.0,0,0,1,0,1,1,68.22354489953025,0.08585831390822386,1,0.0,0
0.06385037317804047,0.04247499451954903,33.75911221206025,9.147510134462987,1.175576711336653,0,0,1,0,1,1,88.56326524619126,0.15307170623842237,1,0.0,0
0.04648475890735769,0.019350909088370928,25.152471973266124,14.006459021606414,1.335719025525679,0,0,1,0,1,1,190.53920652985644,0.295210716024041,1,0.0,0
0.0778612820090135,0.03351632524788186,38.20872229126185,9.804335770231372,2.707884514412231,0,0,1,0,2,0,51.29965018527928,0.1146372098276568,1,0.0,0
0.10390436113178747,0.19022191296290403,35.08541553962534,7.6822076500210095,3.3742909135733763,0,0,1,0,1,2,30.0,0.42591593710566367,0,0.0,0
0.041788272185495814,0.2045970481172974,26.124825781708303,5.315983085762699,1.8247750333694546,0,0,1,0,2,2,30.0,0.014612194194682106,1,0.0,0
0.11028985843527174,0.016053603914417493,31.40993486980606,9.797093495265996,2.7043386011475956,0,0,1,0,3,0,473.2733759677667,0.16102055189324777,1,0.0,0
0.13343768646587256,0.04692782516584045,26.84425983329505,4.657973722353487,1.881612162655772,0,0,1,0,1,4,385.58650026424795,0.04738196692797684,1,0.0,0
0.04298045502835666,0.043665150523552944,13.47691326648991,11.870128690666368,1.4769160033053406,0,0,1,0,3,1,138.9960810182215,0.11027208386239251,1,0.0,0
0.025796545764785267,0.004295388093081327,20.976526036726217,8.034801523129028,2.4876176752337975,0,0,1,0,0,1,174.85708192691138,0.0413366563376373,1,0.0,0
0.08984970670554411,0.21679027600633072,23.9129323166007,8.082987138092498,2.9166276887228415,0,0,1,0,1,2,131.69834123882174,0.024305468639158796,1,0.0,0
0.06145178415299056,0.1012871954916601,25.549636468345835,8.579813389039522,2.941256396668919,0,0,1,0,1,2,94.36938137594123,0.21208991686699286,1,0.0,0
0.06842576278597606,0.04702805018461551,34.48463503525915,9.28173981560392,1.8953533757417969,0,0,1,0,0,1,102.2418606793294,0.8931556947953458,1,0.0,0
0.1775768497152618,0.011663261320274078,28.326606332567895,6.873751812307227,1.2543795328278264,0,0,1,0,2,2,481.02448921257593,0.10506644195512438,1,0.0,0
0.16521327755243273,0.14288973135173091,34.003530711440796,5.473441061684456,1.8340315922050752,0,0,1,0,2,0,95.82150210681183,0.3382002633505601,1,0.0,0
2.6850738769273557,3.549097333601139,85.0,0.2005462958049299,13.678381117978246,1,1,7,1,25,11,1.091250955920028,4.382249919626235,0,0.0,1
0.06649734600837966,0.013640333786319576,14.545178865554606,11.532576901112028,0.08903406440779493,0,0,2,0,0,1,74.60935567872887,0.07482862005820441,1,0.0,0
0.1841226991474434,0.009537192567197922,32.48176290896561,4.883315891951532,2.201939903335482,0,0,1,0,0,0,147.94321716499437,0.04209892689439893,1,0.0,0
0.15034874445906596,0.07390831353747994,24.567049365343987,6.2803210214601854,2.771191905329739,0,0,1,0,2,1,491.61521783082054,0.10670231666012152,1,0.0,0
0.06990663299847402,0.3275832613288055,24.879478593741865,3.78307171558507,1.5929681730539407,0,0,1,0,2,1,227.33279708872803,0.3186039727310811,1,0.0,0
0.04881882100323058,0.1614840638487131,35.34154293336486,8.949198953416518,2.912726813119809,0,0,1,0,3,2,233.5595116853184,0.07834042712414285,1,0.0,0
0.3568425352208317,0.07341998305977997,35.52117691579609,8.482258135420853,2.017414248998231,0,0,2,0,0,1,30.0,0.0639601374249587,1,0.0,0
2.5753960611041613,3.347099389244604,0.0,0.009470901943831045,19.5195472555588,1,0,7,0,25,13,3.106962620404694,4.526409632726683,0,1.0,1
0.03593493322088233,0.07812139239709537,28.88096003414997,6.128295341522261,3.559741947283964,0,0,1,0,1,1,159.1966377974696,0.18753541221251982,1,0.0,0
0.04118413594685568,0.11038531090337213,36.1817692262143,8.597336086325505,0.3883015580628051,0,0,1,0,5,0,30.0,0.3271450972929339,1,0.0,0
0.03243931375301317,0.03126873727804899,25.71575637825029,9.488995063560642,2.291965862457907,0,0,2,0,0,1,32.42108704357396,0.21305460652413208,1,0.0,0
0.0037358539828343373,0.026981148577810678,17.511400071636803,8.631696995131836,2.3560324671271404,0,0,2,0,5,3,51.08742735840807,0.22391967036549476,1,0.0,0
2.084914244036826,4.545922626058789,0.05,0.12374469198690402,15.877282657861217,0,0,12,1,45,11,10.580184117172891,3.4433418877363047,1,0.0,1
0.040878263034497514,0.052912854593043096,29.299738839354937,9.84849661684953,2.018777723387947,0,0,1,1,1,1,30.0,0.05297582129830683,1,0.0,0
0.20700269293459267,0.0042455416324984506,22.782762908697638,10.554008823575312,1.7425694758891535,0,0,1,0,1,1,51.40634281034918,0.27265256371432656,1,0.0,0
2.284981733932006,3.809452009106238,190.0,0.24330598275486373,8.103766880835623,0,0,5,0,18,12,2.2859759873659984,1.5,0,1.0,1
1.9447228063885431,2.2115543304837733,0.0,0.010730230168489674,15.885319699413614,1,0,12,0,60,14,22.87200031907634,3.65591178603732,0,0.0,1
0.0913602759089678,0.02278156600816061,32.85481821000874,6.612589137139848,1.3652045178957581,0,0,1,0,1,1,178.84495421204664,0.25312528073430024,1,0.0,0
0.5788401540637717,0.01796886689141363,33.46174603812278,10.165331515760721,0.9507852309928353,0,0,1,0,0,2,147.10339472320675,0.40514256138259513,1,0.0,0
0.05294723994358442,0.03178594603267658,31.146885169824913,11.69729518718222,2.6952692270887475,0,0,1,0,1,1,53.09179624847641,0.11460581174349685,1,0.0,0
0.022495009292530586,0.03944755329687149,39.12657771938372,8.756197768717973,2.6819811693226465,1,0,1,0,0,0,30.99205410055357,0.6131954515008389,1,0.0,0
3.8544517792531816,2.342401037910633,0.05,0.2410006287528441,17.68539295217025,1,1,7,1,45,7,8.667342927891465,2.0221822477477653,0,1.0,1
4.16692689767372,2.6277480740586636,0.05,0.12828569324161626,9.248804292692958,1,0,8,1,25,13,8.024965237047596,4.641087517188379,0,0.0,1
0.33987211253776234,0.09048355594272728,16.850311589206072,8.561697334107015,1.3621959325224648,0,0,1,0,2,3,157.79351471093068,0.3193221964324138,1,0.0,0
0.0048073508547272084,0.10542824747687687,20.331851728271317,8.910826540915501,1.2584073609059434,0,0,1,0,1,3,30.0,0.1538179922036219,1,0.0,0
0.07427111218071356,0.055954720866023475,32.914099611472196,10.376822847746583,1.297936437644688,0,0,1,0,1,3,119.53962898468679,0.3359762995435809,1,0.0,0
0.05992649964480285,0.172570405203114,19.374564428081,7.511004052370045,1.0565301755918437,0,0,1,0,2,0,57.999055817198034,0.05342532171321734,1,0.0,0
0.14361296693483946,0.08570568688819606,29.82612807982047,9.460458523811406,0.39387911913187534,0,0,1,0,1,1,218.33883092856357,0.5280104146248106,1,0.0,0
0.2639253852239584,0.13788816163761652,24.48918471194692,12.517818838192255,1.4871811905436565,0,0,1,0,2,0,85.0142677274492,0.22922810071131705,0,0.0,0
0.1764436900751739,0.004032827725535717,27.28040194534179,7.016358716596484,1.4923321507902934,0,1,1,0,3,4,315.4676819666162,0.4515078762670391,1,0.0,0
0.3391886751940255,0.1383694728138406,32.41597329644391,7.9273971942116255,1.4668627322602399,0,0,1,0,1,1,150.76757485547424,0.5559452265728705,1,0.0,0
0.017753329612713472,0.19555925789116352,35.339604359208835,9.569407899272395,2.0992296233810728,0,0,1,0,1,0,30.0,0.020876565857625068,1,0.0,0
0.2214181304488142,0.19226910750440457,25.113351808566357,6.952720310123739,3.2922937468847078,0,0,1,0,1,3,119.56080563768977,0.11608666572963021,1,0.0,0
0.09944726232891025,0.009943422706358679,26.934957908751848,10.163466276696354,1.664716525482663,0,0,1,0,0,0,56.712311889969,0.14074460743963002,1,0.0,0
0.016154837029997246,0.023377854220788176,26.545200088864725,7.8022960056176,1.8261864871082796,0,0,1,0,1,1,112.68579675534531,0.3198487126980678,1,0.0,0
0.08466083697327596,0.028850920459246816,23.342628523262164,9.513605189104949,1.4493191533432375,0,0,1,0,2,0,76.06839399952682,0.24547228251644332,1,0.0,0
0.19089834806499875,0.1340005222886623,22.127312987121403,11.695349993409966,0.9050193818877172,1,0,1,0,4,0,267.83788406959127,0.02851013719990285,1,0.0,0
4.1200268430929965,4.252716415496476,0.05,0.08742361944811483,5.406586964234943,0,1,15,1,18,14,15.899453195883689,3.876884530259686,0,1.0,1
0.08625709211856751,0.025694148445481565,29.423913896545013,5.919665171097086,1.826513409286047,0,0,1,0,0,1,383.16998071265067,0.06604869587946816,1,0.0,0
0.18756939497138816,0.0010278083746897927,31.5404820518107,10.79895412165706,0.34303354426127197,0,0,1,0,0,0,116.45074161685154,0.4473904099825601,1,0.0,0
0.29517698794755787,0.039393223950549505,33.77527220690249,6.675348971867284,1.687432941978673,0,0,2,0,2,2,30.0,0.09002599957758543,1,0.0,0
0.015750245266161776,0.05437860372007317,23.01380254599774,9.330622954480667,0.21303243444902775,0,1,1,0,1,1,30.0,0.18629508230190672,1,0.0,0
0.043018091380463336,0.1569042132674594,29.309705489494828,9.403094982479013,5.602832135810873,0,0,1,0,1,0,171.78529294012844,0.14344569803495566,1,0.0,0
0.43704139743959797,0.009904186392764363,37.72945405691894,6.552065911501798,2.3622968036465535,0,0,2,0,2,1,111.56832559341298,0.015155086848406489,1,0.0,0
0.028393810948349824,0.07043054411281921,25.718566858245346,9.341945565062934,2.8348357375846622,0,0,1,0,3,1,30.0,0.1936701175118275,1,0.0,0
4.148745575088036,3.8170325071471396,85.0,0.10877504711324024,14.030281179347424,1,0,12,1,25,14,19.00544656304261,4.455380026392227,0,0.0,1
0.01578365889276821,0.012887551697161801,24.404809981326657,7.803383209911988,0.38233619536694374,1,0,1,0,2,1,272.8188857883912,0.04662437483572324,1,0.0,0
0.0037029981280686233,0.18971477822375937,10.870872795883466,7.269372235852584,2.817866424949636,0,0,2,0,4,2,97.96521045559139,0.39516515183305395,1,0.0,0
0.0031230463596002766,0.10739078153484366,35.41582021528252,9.913950928941198,2.6834172312388915,0,0,2,0,2,3,30.0,0.029971713504585353,1,0.0,0
0.26283746678444897,0.25599536702292736,34.240461511918404,8.282827046344114,2.2461177294504044,0,0,1,0,3,0,223.67403651635553,0.004075457440828238,1,0.0,0
0.1274185511796038,0.013211503967564302,29.834172851162926,8.677645924557577,3.342256782860181,1,0,1,0,0,0,96.08270141844908,0.08219803285766059,1,0.0,0
0.0018271216661869337,0.052487488472910446,30.446718756227696,7.714312218465586,1.8920165332547296,0,0,1,0,0,1,68.84101329755809,0.23531241362758948,1,0.0,0
0.06116566507828517,0.03823002927574205,31.377358896740937,9.382165323720807,1.8566297350280319,0,0,1,0,2,1,571.4687647993755,0.12177004669860209,1,0.0,0
0.060017015182568564,0.015939993512824803,28.052100577260777,7.796252407426969,0.0,0,0,1,0,1,1,41.46603460488056,0.07194555655409855,1,0.0,0
2.1031776688717647,3.4535937381147765,190.0,0.10362124234398543,11.488152683773386,1,0,6,1,32,8,12.837641283823087,5.849423281123764,0,1.0,1
0.0006930366619504625,0.000807823407239646,18.962794118019353,9.579447359476614,2.9510568624814653,0,0,1,0,1,0,30.0,0.04900783492791256,1,0.0,0
2.4728119906127746,3.290590868751819,0.0,0.1994198928703107,16.279721014812335,0,1,7,1,18,8,3.4501281388960425,2.96015251196427,0,1.0,1
3.511569394945858,1.654470885845445,190.0,0.08930614859205549,16.18285692547245,1,0,15,1,32,13,19.266111996398863,4.005634036656252,1,0.0,1
0.061685880314752896,0.053916597231122416,23.4980946628051,10.14933724938286,1.5854837825323496,0,0,1,0,3,2,37.39043922280446,0.12474013446101609,1,0.0,0
0.18355727320398557,0.1184476458341952,18.87435387705395,9.139646125228131,3.077873076564802,0,0,1,0,1,0,43.42366958296055,0.486379738752458,1,0.0,0
0.031948172986335545,0.04118274787379463,29.51802342060006,7.554998213830191,1.4690403528457407,0,0,1,0,2,1,284.4336378813676,0.04316402097017735,1,0.0,0
0.26612654749920106,0.09673632122334577,8.91507189657441,8.632282230298003,0.2451291484577487,0,0,1,0,2,2,451.1638704755057,0.014694148799914642,1,0.0,0
0.11176760069185991,0.3126203016569854,32.22484397331283,9.772360977368072,2.761769726263774,1,0,1,0,2,0,54.995806936498624,0.17954013170958283,1,0.0,0
0.06416114989546542,0.16726993559636327,42.57834179680306,9.720267090175868,0.0,0,0,1,0,2,0,30.0,0.19261758969641157,1,0.0,0
0.38025569297183376,0.018017176701152923,31.99233666342859,9.184238840219315,1.5406648759474335,0,0,1,0,1,1,54.40731071401193,0.0470683973677597,1,0.0,0
0.04296628997138878,0.011660035690580226,25.08222062923662,7.164116659080991,0.27501456586873285,0,0,1,0,1,0,180.9966826982959,0.30965195104011217,1,0.0,0
0.07645011441473538,0.21695639762553337,20.201943677561207,8.887618016662236,1.1864007456412136,0,0,1,0,2,0,139.12312825281953,0.20333699946627096,1,0.0,0
0.029174160411588403,0.0744914010851285,40.54140407698967,9.736924784776438,1.777605848920344,1,0,1,0,0,1,597.5097775070606,0.12992240968228244,1,0.0,0
0.1217444937845539,0.17902209901309646,20.389612547182953,8.71333931073409,3.0458029156995154,0,0,2,0,0,0,35.595398108615875,0.696736189649417,1,0.0,0
0.20408754888128708,0.011170211015953599,23.335137633434353,4.6767155781619145,2.244241052860572,0,0,1,0,2,3,482.1251204398605,0.1213089819352496,1,0.0,0
0.04511130543526077,0.04610506545953013,40.82126901059667,8.882884094689217,0.4113558314033434,0,0,2,0,2,2,219.02403435978883,0.15028001908900165,0,0.0,0
0.2077816864385677,0.07503621193383003,30.014911858141975,6.142007654086209,1.12098311383525,0,0,1,0,3,1,140.09294612755318,0.2784091112497103,1,0.0,0
0.13190462844787,0.05792022473297129,32.10191809919169,6.35898373072916,1.3442487393608606,0,0,1,0,4,0,118.624646765302,0.17779163150159513,1,0.0,0
0.1958600994589686,0.15602228120761477,30.493153430344385,6.8931810804151255,1.0230681789094365,0,0,1,0,0,3,72.68199412919604,0.6010860744350773,1,0.0,0
0.016378160007517465,0.011127818275571393,27.26877763841535,7.664489750158367,2.3005869246391315,0,0,1,0,0,0,46.60153018724247,0.037294959167012365,1,0.0,0
0.09681475707498807,0.08156846353442423,22.84481805888074,10.805868353949545,0.0,0,0,2,0,1,1,30.0,0.14916956889000396,1,0.0,0
1.373100848076696,2.0781585740427726,0.05,0.01946875654659827,11.72229946413895,1,0,8,1,18,8,2.9215977188325386,2.2442331421854913,0,0.0,1
0.19405837895538566,0.04776637979194814,35.134738821532935,12.724178654505817,1.880545598743665,0,0,1,0,2,4,677.4607336552288,0.17187422952705933,1,0.0,0
0.05258931684953888,0.01649473192514502,16.152326187765897,10.574933339130087,1.2804804871139726,0,0,1,0,1,1,318.73009778739606,0.1720112614894042,1,0.0,0
0.33852997767279636,0.30918001760564184,21.58966098056161,8.567135296138012,3.4103123065906455,0,0,1,0,0,1,450.9619159228475,0.5673917934600101,1,0.0,0
0.05090198325519161,0.009093869091690783,31.818477722398292,10.230542314589092,2.3956975066080046,0,0,1,0,2,0,76.05318694900224,0.01592333605389535,1,0.0,0
0.13010804723582772,0.037124386503309174,34.333707506023735,7.572431257243784,1.0455959494248572,0,0,1,0,1,0,48.64438917998234,0.003378477928437751,1,0.0,0
2.4979068251503227,3.998247960367506,0.05,0.0274932579895919,18.526457107947788,1,0,15,1,32,12,8.477082118648951,3.6067516935977304,1,0.0,1
0.004402020673359252,0.011728969772649239,28.856672409989613,7.6170483893741805,3.3458710583756384,0,0,1,0,3,2,214.16679906457412,0.0710274029338444,1,0.0,0
0.019396361078125465,0.07954765844226032,24.301334770010143,7.461217355818914,1.7774779197419384,0,0,1,0,1,2,224.00701987269474,0.07447079408187526,1,0.0,0
0.013718162299531947,0.036219765976393196,35.040282223457545,11.871488383947923,0.0,0,0,1,0,2,1,73.3091605699705,0.007645877099334963,1,0.0,0
0.14289907173095245,0.06383036573359972,18.748266499753523,12.271577032971054,3.2622778906716725,0,0,1,0,2,0,79.91541454018719,0.10901433387466103,1,0.0,0
0.22640126736444416,0.0103417427477591,27.41452154312919,5.179863701188607,2.830550290330134,0,0,1,0,2,2,192.72752315473986,0.13473981593586476,1,0.0,0
0.167987907613961,0.07745617927191178,28.21247508810966,7.337113827314486,3.758272157875278,0,0,2,0,1,1,429.75669627184425,0.18983086797465068,1,0.0,0
0.06838488390400145,0.07418423536045658,24.516773281612302,12.136928756763186,2.3865825891709296,0,0,2,0,2,1,30.0,0.5402091898939788,1,0.0,0
0.17241083350913058,0.020708064469449613,26.998818885411414,8.57592745642127,1.431194582834692,0,0,1,0,1,1,74.56354871867397,0.43012306639800757,1,0.0,0
0.3021788455821176,0.03405980441523142,29.998569471653678,11.484529018950118,0.14356845006379726,0,0,1,0,1,0,30.0,0.17724483125904567,1,0.0,0
0.006056824862458744,0.06109033231123691,24.866946642495886,6.766149521311132,0.594253724109612,0,0,1,0,2,2,698.426616847462,0.18964202386671036,1,0.0,0
0.5279973574934762,0.029348152128311177,31.722269886888608,9.02303719345166,3.3686234226985103,0,0,1,0,4,0,154.41421403471378,0.11657863913671662,1,0.0,0
2.049275539765466,3.8524821863849055,190.0,0.14815873714788363,16.285168231585637,0,1,7,0,18,10,2.3688842451900785,1.5,0,0.0,1
4.224464599788295,5.032003021664793,190.0,0.22491000820630364,6.067464033568551,1,1,12,1,18,11,8.803383686247063,5.675434123772334,0,0.0,1
0.004595409084324273,0.17297490955601963,34.55965545493386,11.45222974913153,1.109331866754299,0,0,1,0,1,3,107.5776423369585,0.20369277246448042,1,0.0,0
3.1780312641280317,1.9728781143992338,85.0,0.0009103544341030612,13.459910845430498,1,1,15,1,18,6,24.638222459418742,2.9583794006286577,0,1.0,1
0.13530719334129063,0.02435003277687324,27.50968139653533,7.763334579921647,2.1367326558715103,0,0,2,0,2,2,279.40083157433963,0.2332245557726751,1,0.0,0
0.06519831987199037,0.009548113185047313,21.344776767872524,8.532413198968102,1.4971752810643841,0,0,1,0,3,0,213.68080306331873,0.14139161631820382,1,0.0,0
0.16290454856991862,0.043262737003877415,23.902145528469774,9.876873039749338,2.306456320649569,0,0,1,0,4,2,132.16645101216307,0.30640989884584924,1,0.0,0
0.23575767867653308,0.020033693241527314,22.638812910549362,9.15991757568087,2.463713879275447,1,0,2,0,2,1,374.04663030724697,0.042641126270650864,1,0.0,0
0.15038971922265107,0.01432250320953829,30.140997129171684,17.458168502051514,3.3527741757542477,0,0,1,0,3,0,161.3189435016266,0.02476501061440291,1,0.0,0
0.014805647068797124,0.028902819702041564,21.947110460420667,11.570243479625304,3.0773598098622728,0,0,1,0,2,1,52.66735357939969,0.1177481963660983,1,0.0,0
0.129120717373129,0.01644708914530662,20.15963269392136,9.34917019209429,0.9808293786980959,0,0,1,0,2,1,132.05692472973737,0.18363215602981323,1,0.0,0
3.9414743891913675,1.8481235295781298,220.0,0.02176692101508143,10.028189168132087,0,1,6,1,32,10,15.317561222354133,3.609937349360549,0,0.0,1
0.09152605252234426,0.1973390831056156,23.014001230185986,5.938775709277783,0.6556595278551083,0,0,1,0,1,2,30.0,0.41434446384113327,1,0.0,0
0.06574610226257568,0.04677728431428901,34.311990061774,8.924760172046978,1.939060488214003,0,0,1,0,1,1,176.37077680753907,0.580680311260287,1,0.0,0
0.05501822200595223,0.02175780584075672,21.722404562662977,7.169785257962389,2.042249604426835,0,0,1,0,3,3,30.0,0.04550817532172413,1,0.0,0
0.04891812700722914,0.13119857590491737,26.537130015750698,11.485219894928072,3.974373155089295,0,0,1,0,2,0,30.0,0.43221756225645314,1,0.0,0
3.64784065035846,3.4078119011846613,220.0,0.2329033991938367,11.142190779275037,1,0,7,1,25,14,23.337572283213337,3.964172410558736,0,1.0,1
3.4539321507117218,5.0710120098761315,220.0,0.19348176156815478,17.30298914707489,1,1,15,0,18,10,13.901548081656154,3.4877473621351056,0,1.0,1
0.032955416125872355,0.004534224149879988,31.300237747714156,10.098492915034491,2.7354432862041587,0,0,1,0,0,1,376.97729661209564,0.5744084553924179,0,0.0,0
0.1105206965363376,0.007457845417951904,34.096071561159675,8.020951366177863,2.02069258285426,0,0,1,0,3,1,419.2603057158308,0.007650790107829038,1,0.0,0
0.44646333144826655,0.14442197191973125,29.53772308212496,10.51752501426627,3.2297815269727153,0,0,1,0,1,1,845.1457371565992,0.5081977861432353,1,0.0,0
0.16935079902509478,0.04248467998589695,31.66481039686309,7.863166292563393,1.568234511006627,0,0,1,0,0,1,74.24506179832828,0.027469095891893103,1,0.0,0
0.4081010419346467,0.15982377295728012,37.65249275376392,10.301550263581117,3.3999034411695583,0,0,1,0,1,0,244.77031385084405,0.01790954194408231,1,0.0,0
0.07976808987227046,0.023458169977146687,22.032306775383624,11.41420365245481,2.1559185860511123,0,0,1,0,5,1,208.8371380661965,0.11593579487897335,1,0.0,0
0.08681627695524614,0.16400739023087219,28.89360420391277,10.398332140476322,3.110497279091577,0,0,2,0,3,2,278.70375881445716,0.8123395421591276,1,0.0,0
2.9007137715309717,4.324481823600692,0.05,0.10601895069824366,9.325985721535272,1,0,12,1,60,10,3.743680572451952,2.9158968463691908,0,1.0,1
0.009239387770814995,0.08272111471235719,38.44106337621318,7.427307946086956,2.2404627448017034,0,0,1,0,1,0,30.0,0.7915095218223427,1,0.0,0
0.8,3.5482550699154873,85.0,0.18137838088259814,16.284045049562266,1,0,5,0,18,9,22.354258659328337,3.638059959204296,1,1.0,1
0.03583030565088074,0.022658712747254697,30.914212265671285,7.707832067841462,1.6881729471254467,0,0,1,0,1,1,42.114903892280275,0.771587620598302,1,0.0,0
0.11023886894328634,0.004794248646354949,18.40378425164979,9.549729983450257,1.0037009854546652,0,0,1,0,1,2,315.02331868316315,0.25003449299101366,1,0.0,0
3.5020644794456084,2.7657098616774953,220.0,0.08314409000230119,19.70132973691322,0,1,7,1,45,7,16.01227871325919,1.5,0,1.0,1
0.24793368901289428,0.018442392145511254,33.500331511781916,7.454437566867658,2.1392233984636158,0,0,1,0,1,1,494.20014610735564,0.20972344780755825,1,0.0,0
0.10320551955826554,0.054785670868463615,33.79703678587554,7.462749997471234,1.8152740880205165,0,0,1,0,0,0,52.9166245316993,0.01987858323633385,0,0.0,0
0.11199159188339008,1.943711582899496e-05,37.186776270262314,6.550231390721917,1.9912104778772224,0,0,1,0,2,0,356.1032505380176,0.08891074283427741,1,0.0,0
2.360425560321705,5.461528022878369,85.0,0.048966497951780985,11.677697005694428,0,1,15,1,18,13,23.67953773852056,2.3555779778674335,0,0.0,1
0.04517339785516446,0.09446525269253048,27.28417958530563,10.317778072738575,0.3402646386184289,0,0,1,0,5,2,78.25903065255767,0.2349046712195059,1,0.0,0
0.050101846911866074,0.005893838862478422,15.84227209473283,11.043836606844732,2.3922725266505482,0,0,1,0,0,2,30.0,0.27756180741892866,1,0.0,0
0.2405608452725106,0.02552387087194577,27.881634541074614,7.290649636736162,0.0,0,0,1,0,2,4,288.3133522185424,0.1259178424289494,1,0.0,0
0.18360289694262596,0.03462969185980704,18.387652823213422,8.355141860715433,2.597462857881353,0,0,1,0,3,3,64.026359924012,0.36792248164973934,1,0.0,0
2.63822194467747,3.4512893715871695,85.0,0.08694777612473586,20.377544020153444,1,1,8,0,60,11,9.424886790480034,1.5,0,1.0,1
0.016644559316328036,0.08919384780871598,30.66114476594473,8.233368386963788,3.1612222731541637,0,0,1,0,5,2,135.02317085261208,0.16496583776004242,1,0.0,0
0.15392165010541253,0.004642696069743666,26.065767482030946,7.792097224652464,1.9995908141017298,0,0,1,0,4,0,519.807527216689,0.08619486980651714,0,0.0,0
0.09725979589387447,0.0030632020082826095,25.63071424399464,9.60162567036701,0.5021413252205329,0,0,1,0,1,1,105.62693374393272,0.10482788782315872,1,0.0,0
0.025626117719411406,0.08683171827664792,13.540874242542827,8.742364303801356,3.150834649684363,0,0,1,0,3,0,129.5960930815987,0.21125464244060255,1,0.0,0
0.12317767928053344,0.020663588186668105,22.479632449733867,8.66405985877623,0.9075964719552043,0,0,1,0,4,2,30.0,0.12981092712145825,1,0.0,0
0.142877127935921,0.04823889959965979,27.679109265993077,9.534420432317921,3.2838887832702683,0,0,1,0,4,0,521.7866707790619,0.9,1,0.0,0
0.08767896503870617,0.06397761681370774,28.052991003033966,7.400891208280828,2.189559860508676,0,0,1,0,1,0,118.74170004602125,0.11426256658000654,1,0.0,0
2.4116973544550286,3.40274277065839,85.0,0.07236188978171298,17.595935911921224,0,1,5,1,25,7,1.3854046250854282,3.5369751042554887,0,0.0,1
0.46090651467031385,0.05055833221575186,23.70175340116608,4.481569311948877,1.2730070073815831,0,0,1,0,1,2,360.78471855783573,0.11113198876771205,1,0.0,0
0.07012493038847702,0.12680807048096943,31.78517177601134,9.258247266138474,0.0,0,0,2,0,1,0,93.056896215019,0.1331118072243546,1,0.0,0
0.22947930379368914,0.06279958308364406,24.084606727247124,8.566446477033919,1.5013149760636204,0,0,2,0,3,0,252.099398126422,0.4935830520074159,1,0.0,0
0.12902852582044833,0.2623284141326946,20.640721900788684,4.311124946570194,1.3908639111424368,0,0,2,0,1,1,60.90470469180069,0.02548260869034827,1,0.0,0
0.039195110521244324,0.011259487347273866,26.587107512326536,7.622950988790036,1.6292490161923525,0,0,2,0,0,0,185.14668839316386,0.058617223081752434,1,0.0,0
0.04585439190646758,0.1875017276939603,26.5228008984582,11.102193386931244,2.0264289062004925,0,0,1,0,1,0,42.8668676322147,0.03286052670227909,1,0.0,0
0.0385456059656282,0.0032067767397724652,32.27549769140116,6.731447927279165,2.927819456116059,0,0,1,0,2,2,54.890243004278524,0.23091866455804957,1,0.0,0
0.0037170074521769452,0.026483360930401715,30.228361514451365,6.769581892295506,1.724817562613654,0,0,1,0,3,1,127.34553834464685,0.21556691857186375,0,0.0,0
0.28418852105737086,0.04236593430460399,31.393245169810584,10.377142134119879,3.041912604177478,0,0,1,1,0,1,597.0153100123657,0.042639262069312525,1,0.0,0
0.01809698539341594,0.16400419759672924,26.328554088906593,7.038330200604658,3.2309120908821365,0,0,1,0,2,2,78.62261247577575,0.01158593251473361,1,0.0,0
0.07657996615869113,0.027537182312305744,42.62126398298794,4.145527862206529,2.0200013221509243,0,1,1,0,2,2,51.2836227497576,0.06603784972399387,1,0.0,0
4.4228798868176575,2.1425806159851324,220.0,0.11480462475391534,14.951513831973362,0,1,15,0,18,12,16.212744176731807,4.560390187652984,0,1.0,1
4.053667708639239,3.2721591574402367,0.0,0.1261912466773855,14.323005321747784,1,1,12,0,60,8,18.089967457523578,1.5,0,1.0,1
0.07192371555643412,0.07947179926611653,35.90388463977888,6.1466036284581875,0.9152435658411862,0,0,1,0,1,0,293.84753501318124,0.10131729614786913,1,0.0,0
0.14284749413956654,0.0760295590824951,26.772926328622837,10.39372292329236,2.579584221763738,0,0,1,0,2,1,227.74287383107904,0.22964446334347116,1,0.0,0
0.12830837620503696,0.025250823188834755,25.429808085554843,8.902095328563389,0.3772934292561312,0,0,1,0,3,2,56.522389105857954,0.06293209002657651,1,0.0,0
0.059800113226100765,0.06720549915284627,32.80351240408444,5.71088097334785,0.311407799372593,0,0,1,0,2,0,32.33103326949781,0.4479389747838413,1,0.0,0
0.6730495476850867,0.01790797000085378,28.69648856581548,7.0300962463292445,2.763319451433148,0,0,1,0,0,0,195.65642428477244,0.16075544450155904,1,0.0,0
0.28618406867415086,0.010504617787573261,30.28977725168525,9.327295796564748,0.7445319903075831,0,0,2,0,3,0,215.92674467941177,0.05651247213704368,1,0.0,0
0.5027008786944848,0.014573422785135643,25.21707027139581,7.254538837992504,2.513042923365815,0,0,1,0,1,2,56.76899443688874,0.6392022633888207,1,0.0,0
3.4867508417605784,1.3202600230088464,190.0,0.20277142628675765,9.477791858141194,1,0,7,1,60,13,20.37048229715556,4.097435011568846,0,1.0,1
0.11763036637821923,0.0899463860228245,26.50167987716171,7.942642194320886,1.7071091697970031,0,0,2,0,1,2,37.29733643694958,0.00028098659717991,1,0.0,0
0.08278656513633811,0.12732419429144476,15.014272832377214,10.542916208030753,0.9618607149885625,0,0,1,1,5,1,312.2108878967494,0.007308518016038739,1,0.0,0
0.34685354990016387,0.13999600374723709,20.601114083257634,6.575002330161356,1.2717824751944553,0,0,1,0,0,1,141.3638172126878,0.1048755120795357,1,0.0,0
0.11229866674466327,0.03308780163002896,24.917452054074165,9.690646575785328,2.410151567713594,0,0,1,0,5,1,255.27488840326737,0.224540812023033,1,0.0,0
0.025305601766001357,0.09011444487649178,20.615863769504944,10.37361135426612,0.9924891443667543,0,0,1,0,1,1,289.47144957699936,0.4164032669089255,1,0.0,0
0.2039926670609224,0.000916402168834672,26.283660596219068,8.845783369575384,2.9239743341675952,0,0,1,0,1,2,248.84995426576654,0.7944649544245399,1,0.0,0
3.224374988001435,4.020038285832315,220.0,0.0031660592782331853,5.0,1,0,12,1,45,12,21.882356383698202,1.8948375518485239,0,1.0,1
0.03166759955295466,0.17076858655944896,30.086859570773413,6.782311443402081,0.16000775058636751,0,0,1,0,0,2,30.0,0.1143137723552466,1,0.0,0
2.0665421277155067,2.08006966755579,0.05,0.11205750036273099,17.726222919799834,1,0,7,1,45,14,18.81594920758552,2.963239780603288,0,1.0,1
3.72817621094954,4.039568497301273,190.0,0.008693520491484141,12.222272462934624,1,1,6,1,25,9,12.402153838834774,1.5907543813326233,0,0.0,1
0.22811490307231963,0.2448210022583188,20.225275193861314,7.396945199796741,2.0475794171527877,0,0,1,0,0,0,88.2925765925407,0.25022977959452397,1,0.0,0
0.0728848211034375,0.2943462771060813,33.4759844464128,11.770095341238918,1.3207096803723946,0,0,1,0,3,2,88.64491416529945,0.10371287490111158,1,0.0,0
0.1706133363147337,0.05330049658067179,26.276988068935538,10.78379307393602,2.5904523007847247,0,0,1,0,1,2,30.0,0.018451214294790737,1,0.0,0
0.038302301840848756,0.01313437228352391,35.64134520669839,6.7596736844401955,1.9339780140539713,0,0,1,0,1,1,183.93328528914117,0.04077108229799234,1,0.0,0
0.1480352432888,0.0023683673536937988,30.72843593085829,11.082104465404868,2.2071212770708737,0,0,2,0,0,1,421.5969288556489,0.06593597269366595,1,0.0,0
0.21172695839593056,0.0032035381873494846,25.416124856774072,13.346212261227109,1.70403242695174,0,0,1,0,1,3,177.74852166432848,0.3683250925116955,1,0.0,0
0.45270761708227975,0.00693520587975724,28.276761730980407,10.880722839504132,3.4605566355835453,0,0,1,0,3,1,253.02505743325653,0.1514045637504495,1,0.0,0
0.08376162919365698,0.07038159684731513,25.441055925585427,10.589052859636281,3.006883578682246,0,0,2,0,4,1,91.24428163586475,0.2808320859765891,1,0.0,0
3.71367709647441,3.3490257067947033,0.0,0.16501875224363227,13.829885741649095,0,0,5,1,60,12,8.545317117891834,2.3489382642727277,0,0.0,1
0.006300572482442812,0.004108897596043093,24.87366543206381,9.012721967476931,1.487895101651435,0,0,2,0,0,2,272.5144185381461,0.12014110155981102,1,0.0,0
0.026145589285501553,0.056820054863517204,17.42928908649432,7.611040940244591,1.133965554776608,0,0,2,0,0,3,173.28570996978561,0.21276137603070422,1,0.0,0
3.8317973447359392,3.4644271838662415,0.0,0.02615547217936426,10.758399452281054,1,0,7,1,32,14,23.334223298375825,4.172275340319531,0,1.0,1
0.006505000409407857,0.010491761404454158,25.30974120696726,10.242707351462034,1.30377161962782,0,0,1,0,0,1,425.2743649800125,0.0507722766378771,1,0.0,0
0.16842017411944102,0.046315193426290105,27.00400255926127,8.701351006197868,2.7845362375298337,0,0,1,0,1,1,533.7442538281017,0.04590066536987281,1,0.0,0
2.9155465977390653,4.374758103504012,190.0,0.06331537747192073,14.782337815454923,0,0,15,1,32,8,9.039647390696263,3.098476377850439,0,0.0,1
0.03214136172584483,0.01895979515390769,20.898468625358316,7.389199201115322,2.5099312413567954,0,0,1,0,2,1,30.0,0.27390347428874334,1,0.0,0
0.11797499937392741,0.0944488694915177,30.735552335079824,5.36180195061355,1.4960693200386606,0,0,1,0,0,3,50.33672994082183,0.28458428408123976,1,0.0,0
1.613622886655441,3.504046283675624,0.05,0.11785375627255326,8.73443806340288,1,0,5,1,60,6,15.924715167672893,3.612990542192398,0,1.0,1
0.006227609233177482,0.08257443170993886,28.09439836262227,11.253045319477335,2.0897105691193163,0,0,1,0,3,0,231.35340314148388,0.12928206542232265,1,0.0,0
0.020054113249186677,0.04582293326832868,19.16049497701019,8.452312463727766,1.4244145461547086,0,0,1,0,2,4,290.51600495526776,0.24507014526907867,1,0.0,0
0.1431786490127896,0.05617550611601312,35.62139486999291,8.659991710487164,1.9742306441227429,1,0,1,0,4,0,111.76701980415304,0.11819159042106107,1,0.0,0
0.17562321463476008,0.10258696311053285,28.496673250748927,7.585374186886591,1.6808355167818314,0,0,1,0,0,1,192.87321350499667,0.019139389664815376,1,0.0,0
0.09845105300566508,0.08900986049265301,29.530555460028868,9.614059244975607,0.6880384546338782,0,0,1,0,0,0,30.0,0.02083526133530342,1,0.0,0
0.059886444044263326,0.05863455285216332,18.89295338025129,10.297255733460972,3.0303166954736716,0,0,1,0,1,0,146.77611175614553,0.32766728740595286,1,0.0,0
0.011476433584838333,0.2948046143055109,38.6534156396948,11.242197627823844,1.9086103279497386,0,0,1,0,0,2,75.97124982034386,0.026568315254356406,1,0.0,0
0.3615785287662131,0.12813881440399302,10.656149406040834,3.1400310280710624,3.5685339387093267,0,0,1,0,0,0,547.5249428542827,0.019047052825331437,1,0.0,0
0.027172772465999046,0.019243648470968634,23.157795919110992,10.914851498313297,2.001353302465642,0,0,1,0,2,1,90.65438358142268,0.07806148220381494,1,0.0,0
0.15533585156725416,0.10731976987227666,34.07451994847081,11.616768023761564,2.5727253193298223,0,0,1,0,0,2,80.45246228857619,0.3459879626351649,1,0.0,0
0.13372976673934223,0.07885182858937856,32.69155075631534,7.0126001661896336,1.5891428008635256,0,0,1,0,1,4,88.41137645166918,0.20880702634794784,1,0.0,0
0.12435040628838713,0.037664139430949255,22.201121882681704,9.486172804095876,1.5136082312091337,0,0,1,0,1,1,95.55946251748192,0.19140429571744996,1,0.0,0
0.07510475135788906,0.009613680861382187,33.20723052993785,9.508187663887885,2.0641025649502254,0,0,1,0,1,1,133.46624521124124,0.1535178792399477,1,0.0,0
0.007768896559059214,0.01898023564486658,18.0825195904552,10.141153623337894,0.34013214974220984,1,0,1,0,5,1,30.0,0.5046416137876879,1,0.0,0
2.9977835885923714,0.8725372096457202,220.0,0.13296760868888594,10.910478610743837,1,1,7,1,18,13,8.873858954255365,3.563015970206833,1,1.0,1
0.02407471745253506,0.011507307888955888,31.08985737039845,4.988464284483893,1.8488026143028784,1,0,2,0,2,1,118.98702259976265,0.34514423041201125,0,0.0,0
0.03104240953672576,0.19516481016788562,4.030397336361723,8.76752114810846,2.906648385809283,0,0,1,0,3,1,238.00092886341662,0.23090048356561652,1,0.0,0
0.04528760505541198,0.06768653804805196,24.793375297824365,5.277994464229665,2.691356381080525,0,0,1,0,0,1,57.98408143503187,0.09061387237725466,1,0.0,0
0.09552071313040364,0.11728585639019609,21.7717908016766,7.471148363476514,1.1433873564499888,0,0,1,0,0,1,145.01080419542924,0.9,1,0.0,0
0.19372241712750216,0.06685868669366611,34.28030342571267,13.694874414750448,1.8684059178366743,0,0,1,0,2,2,447.0166740272332,0.2168307416059795,1,0.0,0
0.2017088600985596,0.0541821788642651,24.81507893167163,6.956219249628091,1.9665251896730942,0,0,1,0,3,0,121.31812358404585,0.12333434010159482,1,0.0,0
0.03323173563710457,0.03798842389426576,32.40407458668495,4.287987597233733,3.0611317569487992,0,0,1,0,3,1,95.59427282890563,0.14386678436811162,1,0.0,0
0.12523267421705805,0.09779719258496603,28.753065967165366,5.129015214262845,0.8599173989765565,0,0,1,0,5,1,139.95440465991635,0.16308397332498284,1,0.0,0
0.026215400916905312,0.046806172644424146,19.569684790338773,8.442196953004277,1.398488485230141,0,0,2,0,1,0,199.3690943072578,0.4401084308929395,1,0.0,0
0.0047020940092507265,0.03508229047158045,23.217159124179553,7.114113539705864,2.9969574815226196,0,0,1,0,1,1,53.935781645817066,0.2713132325702201,1,0.0,0
0.0055813754092177165,0.02040800355187804,37.41090975412087,8.134563076371345,2.0825905168754133,0,0,2,0,1,0,101.5081527243984,0.4534742405458001,1,0.0,0
0.1037222089623195,0.0584190469042953,37.74040356976268,8.78953098223528,0.7766929522134964,0,0,1,0,3,0,332.77264238763155,0.08043521091737983,1,0.0,0
0.03871714797496111,0.033601624194823924,42.44375990617523,9.126246834385983,0.8369008149489459,0,0,1,0,2,0,59.608985620185486,0.045287615559166924,1,0.0,0
0.01680146028914771,0.08806891261140327,32.7242926275244,10.814843891987652,1.9052293279948684,0,0,1,0,0,1,126.68044510439843,0.15194030552890153,1,0.0,0
2.6425401336721377,3.770956492909466,0.05,0.15042264857576765,14.88421983427532,1,0,5,1,25,11,9.520796240879392,1.5,0,1.0,1
0.04972387103064016,0.09624134815268312,20.537167758499606,9.410090188484444,1.9230742442208455,0,0,2,0,0,2,110.40551103881593,0.07925024341049135,1,0.0,0
0.046846056345776925,0.03785492456394145,39.89766276682205,10.208738640698844,1.6461824737878188,0,0,1,0,1,0,107.38096377459642,0.04885865765896114,1,0.0,0
0.1099610524190296,0.028885137724878975,27.9084346002359,7.5984310138130695,2.274930781070087,0,0,2,0,0,2,362.40123608811246,0.34818189780672787,1,0.0,0
0.40947806836837,0.1218614872409798,33.56921870437976,9.420090781767112,2.4810703695107725,0,0,1,0,3,0,275.69543783631696,0.03681308182552089,1,0.0,0
0.026799764910941663,0.1704592461250348,15.29175731497136,8.049303732573984,2.8439892521191967,0,0,1,0,1,0,219.58414109767088,0.17749232243298585,1,0.0,0
0.7315864258328592,0.022186428757942016,26.742508034707868,7.694663577526537,0.0,0,0,1,0,1,1,110.32585165506244,0.08669931652319258,1,0.0,0
0.010667140690911615,0.0812735254282945,16.71185708443084,9.632541416117377,2.8638420936387816,0,0,1,0,1,2,182.15838545020966,0.0907040470312481,1,0.0,0
0.14334754290396973,0.0070102019055061785,25.055068404160572,5.738857965106007,3.178724086585622,0,0,1,0,2,1,139.82989981607008,0.06247438076885928,1,0.0,0
0.05302916630761198,0.046193621485388914,35.847652701130755,8.435962391025859,2.0715331820409446,0,0,1,0,1,2,62.831639957507754,0.14022656195243874,1,0.0,0
0.14747262451874613,0.26056709649763504,16.025201797292116,9.896166929835337,0.9917139320356723,0,0,1,0,3,1,49.69395326442554,0.05925588476433135,1,0.0,0
0.021919838684545077,0.32882474461044603,31.70915971217314,5.5487745072341195,2.2910096272474423,0,0,1,0,0,1,147.52264553071836,0.003173972024778151,1,0.0,0
3.10397347044894,2.583751299900623,0.05,0.003916693437869934,17.371823207068687,1,0,12,1,25,7,22.29827581733931,4.990500236878945,1,1.0,1
2.609822276743655,2.562828563388067,0.0,0.05985106326794304,15.183052322989802,1,1,7,0,32,9,16.02776559227226,3.561778429714397,0,1.0,1
0.03126497243716895,0.0481656363181035,27.289520606710653,8.569538496188914,2.2497071612225388,0,0,1,0,1,1,69.02190151156262,0.4386423070754937,1,0.0,0
0.12477061038726209,0.020211494732291148,28.615573839348038,7.72603032224368,2.0058837778503733,0,0,1,0,0,2,239.14158414628014,0.7204811810995513,1,0.0,0
2.5544655895151576,4.064195864563036,190.0,0.18155739198784981,8.642460328760574,1,0,5,1,18,6,17.743247455427273,2.8401950655912045,1,0.0,1
0.13081462309784544,0.02754513202379357,27.263472392546568,5.260620268966747,1.4078858786649966,0,0,1,0,1,0,228.1627565187859,0.0559114528187604,1,0.0,0
0.3117451455664941,0.31869584727245437,28.863986459431956,9.203922148416112,0.31346994030966324,0,0,1,0,2,4,405.0169441651708,0.23076410065511302,1,0.0,0
0.03195945550415348,0.06882292262244805,24.50597112038453,9.96992963150397,1.744978261218798,0,0,1,0,1,0,104.01624440795455,0.1797593457788279,1,0.0,0
0.1868743219522894,0.03630750868837467,37.23314508606397,4.885475380868532,0.0,0,0,1,0,2,1,44.29988778728659,0.07296809270658615,1,0.0,0
0.47290149266850023,0.08825316965596948,35.149947962054995,9.541731385123144,0.0,0,0,1,0,2,0,42.8941763248919,0.0989553685011055,0,0.0,0
0.030119156864004598,0.053538859347529034,24.799530797282326,8.847647050489696,0.9415495105789622,0,0,1,0,1,1,216.6855706885402,0.09069235976294907,1,0.0,0
0.49927489958246807,0.022832105189251894,22.593265739828823,8.546770250312361,1.7495920064319925,0,0,1,0,1,2,41.778436684776636,0.03951196439501645,1,0.0,0
0.19750455696791352,0.002523949153019255,13.023874311466137,8.245284663757776,1.725756491523553,0,0,2,0,0,3,35.72072187900253,0.35241304827989367,1,0.0,0
0.20377518637088754,0.09318799304886806,27.73981573583291,4.9814259599188455,0.9586209114784758,0,0,2,0,1,0,355.5477460208336,0.3797773400747922,1,0.0,0
3.724924732941364,4.19616833266474,190.0,0.0495601216405234,15.757858026501932,0,0,12,1,32,11,6.417542060099659,4.175941294682736,0,0.0,1
3.142687889560198,4.684779900910291,220.0,0.1802756753783928,11.05603412168686,1,1,6,0,45,8,1.478298848646654,3.5493776832810533,0,1.0,1
0.15832561247913224,0.051276747318175116,25.752059015159432,5.319617353491404,1.6505287620826234,0,0,2,0,1,2,278.2721009603458,0.08373863350239785,1,0.0,0
0.19643703061168777,0.0596159737726769,17.29989889755806,8.061882823950782,2.2733196445119273,0,0,1,0,2,1,393.41341068233527,0.14243921585694178,1,0.0,0
0.3068963229414751,0.014304200430395276,17.736776603375425,9.36908019450858,0.9488363936498061,0,1,2,0,2,0,354.51625915226094,0.5030099460222983,1,0.0,0
0.0087818923507489,0.06096952667155724,26.804592402313922,8.064098187512922,1.6292035662004736,0,0,1,0,1,0,125.59509527815928,0.1718465426567058,1,0.0,0
0.13006529157583674,0.1216860100828968,33.23081964439822,7.9338418528035,2.043184176216773,0,0,1,0,2,0,456.9543842128695,0.16679002533276122,1,0.0,0
0.11401014934225748,0.11771743626092164,25.449864428218262,8.720937511772272,4.030545723224202,0,0,1,0,2,2,33.44696263637477,0.04079815983913313,1,0.0,0
0.061598310806570314,0.18481726056864056,28.347220794781155,8.205656704303127,1.4800581625777927,0,0,1,0,2,0,183.52199179116283,0.27563933571843013,1,0.0,0
0.13992612848089045,0.04410517294967614,20.74182946263285,9.626808720896104,0.9130863050832876,0,0,1,0,0,0,148.07237918606398,0.1493194872926407,0,0.0,0
0.040229961165729806,0.04172619565015044,32.672233780305476,5.8177399346885785,1.776330725802084,0,0,2,1,0,0,30.0,0.007731254949814849,1,0.0,0
0.015090014379492915,0.020327712903608314,23.783243178460253,7.641635419544691,0.0,0,0,1,0,2,1,49.87585414840475,0.0688251895539801,1,0.0,0
3.0167335054198556,3.027333135600781,190.0,0.09173249223274782,14.306133079621429,1,1,12,1,60,6,3.298427320341272,3.92224744582115,0,0.0,1
0.8,4.303296089769936,0.05,0.062219866888701236,10.932515692234185,1,1,6,1,18,13,10.404781624266448,1.940033784375567,1,0.0,1
0.2643497440648537,0.15789873830536738,22.749187530130623,6.570684822209887,0.229225577408944,0,0,1,0,2,0,165.7560297991514,0.15281215060161205,1,0.0,0
0.20182185320120585,0.26065866738300864,19.957672014832205,7.017489264981034,1.1188469376537402,0,0,1,0,0,1,417.6840935654885,0.029739675935622163,1,0.0,0
0.10903165560490878,0.10143931420258671,36.16348642620305,11.454745121261722,2.6586908139056185,0,0,1,0,1,4,59.45822878537288,0.25838449957754633,1,0.0,0
0.27170911791434776,0.20684019333016104,22.043188825527174,10.525885769339563,4.115770809562985,0,0,1,0,1,1,826.1235982908017,0.08010254776044426,1,0.0,0
0.03182587715590194,0.008945753899847331,24.60656212368091,15.071447427363683,1.2743323971169795,0,0,1,0,2,1,76.5213389889238,0.5268518056260979,1,0.0,0
0.13395882959142075,0.05402768717175149,20.22295627418395,8.217516357862937,1.2085323574871465,0,0,2,0,1,2,111.10496809148721,0.12337560692000767,0,0.0,0
0.06614983206747124,0.13863081845235758,32.574419961634334,5.73124371157262,0.0,0,0,1,0,1,2,260.38104449779496,0.4725126426826931,1,0.0,0
0.3807479221912803,0.00278185843882507,13.147963016502182,11.298194958526828,1.0491546655409303,0,1,1,0,2,2,78.09288281396947,0.036423850662799705,1,0.0,0
0.04168995084439769,0.1749632268218636,26.386194465100246,9.825987404105199,3.4471347984448446,0,1,1,0,1,1,164.28494511904537,0.06658254419176406,1,0.0,0
0.11737945293022839,0.09104278018227359,30.26656927348708,9.331326745077213,0.4937851290934916,0,0,2,0,1,2,369.04408716542156,0.30905394868397035,1,0.0,0
0.11210219679887017,0.03702526582603055,26.84444332625418,7.088391889768701,1.7478768412279235,0,0,1,0,2,2,64.75325969300422,0.0803064113322584,1,0.0,0
0.06199767767857404,0.09912697300608934,31.125058582383147,8.802432442675094,2.501894389860622,0,0,1,0,1,1,34.365047997006144,0.3732290288627341,1,0.0,0
0.23882552662737058,0.12130172536745482,30.47932070006459,8.992235412753168,1.9218300638642067,0,0,1,0,0,1,265.511588275623,0.016054874157051393,1,0.0,0
0.29783490445004274,0.10324117345665661,21.407756692315417,7.045070387091441,1.3926730895823027,0,0,2,0,1,0,59.08530667363108,0.33882849548888255,1,0.0,0
0.02916186563595567,0.12036217382610448,26.26294345966778,8.485657578037346,2.596695380910484,0,0,1,0,0,0,149.2304911848464,0.03667321591947237,1,0.0,0
0.013238672325585076,0.05105580532047603,29.548834420796993,6.240369939470874,2.426631785976797,0,0,1,0,1,1,30.0,0.06397133483845312,1,0.0,0
3.4238629350911407,2.7626311113960678,220.0,0.011599638468375084,19.838245518777505,0,1,12,1,60,6,2.0758968609816835,2.7592289931700087,0,1.0,1
0.17456282336117226,0.008475998143302589,26.519915831331012,8.042239673684117,2.9073429460610174,0,0,1,0,1,0,30.0,0.06348089403233219,1,0.0,0
2.299684379945764,4.068239527892685,85.0,0.16154326014346596,14.272223103554513,1,1,6,0,60,11,13.229598898395205,2.566287227407521,0,1.0,1
0.28661440367346724,0.2263710508850458,16.805305411522042,8.597433358787615,2.786860068735157,0,0,1,0,1,2,66.89305273758707,0.5102995429779796,1,0.0,0
0.0759683997608377,0.06673107807972466,16.45292446459461,6.955529957316916,2.0698597969817616,0,0,1,0,2,0,135.64220890672576,0.11906446107805402,0,0.0,0
0.006640029219619022,0.09317063968649053,37.28618069532484,8.274059048101863,1.3858681911332091,0,0,1,0,2,1,181.13443676654705,0.4324530662150031,1,0.0,0
0.2043405727663036,0.0718158675526527,25.984333184680732,8.288950122458091,3.0499435995250135,0,0,2,0,1,0,126.15339614140206,0.25003057304998694,1,0.0,0
1.7109170095044068,3.472155223190079,220.0,0.01658677484453827,19.020449061327994,1,1,5,1,25,12,5.309459877503082,3.8893959441096975,0,1.0,1
2.0823981981440136,3.1153472027745095,190.0,0.0650159575134493,11.053456287360275,1,1,5,1,18,8,15.054596173512785,2.383827240753488,0,1.0,1
0.03252786236599353,0.05306512992929055,18.782257626940158,9.933759069638903,2.0584386948835878,0,0,1,0,2,2,754.953054159649,0.095555375625618,1,0.0,0
0.05619345514225768,0.041681139158588516,18.39302432030691,7.510179609019397,1.8246916798359711,0,0,2,0,3,2,61.524985111369496,0.2000385712872905,1,0.0,0
0.07488794597597775,0.05682979765600762,37.7406771508212,6.758714418066667,0.2400480739278703,0,0,2,0,1,0,178.5760236079487,0.02655685331228338,1,0.0,0
0.0035524391762702563,0.007990624709747018,18.240520364422515,7.480866994260337,3.2668036084433343,0,0,1,0,4,1,355.8171012409415,0.030181877830291876,1,0.0,0
0.009007756047894692,0.07966756914023075,19.077893566550912,10.199640730637812,2.516134966087943,0,0,1,0,1,0,30.0,0.18536793237324123,0,0.0,0
2.5628873668724137,2.0997351379935747,190.0,0.010232463451450458,14.602925501502094,1,1,5,1,18,9,15.996043197199604,3.9937197336437475,0,0.0,1
0.11990760964686295,0.004044074464979008,32.047464849737125,9.864978418521273,2.5929508094251297,0,0,1,0,3,2,335.97818813971946,0.3054402025974028,0,0.0,0
0.10375962422448426,0.06468268780999599,33.9650044317856,8.290359268119074,1.317367977987878,0,0,1,0,2,0,107.3153064616001,0.24415078536920665,1,0.0,0
0.06780415792595784,0.010784074519606186,32.60057033928064,5.487834179195863,3.8914551152692205,0,0,1,0,2,0,756.5668452518735,0.28483544983636533,1,0.0,0
1.9694256102462484,3.6900363548472743,85.0,0.1341605416973872,22.129855752028593,0,0,7,0,32,6,20.66002186926891,2.948405803161541,0,1.0,1
0.03610474484666794,0.006171813330125704,27.817169526892677,7.569354963317846,2.9974209381243506,0,0,1,0,5,2,30.0,0.8043889554029644,1,0.0,0
0.05314476172233122,0.16978910807988476,13.220693750047475,5.798405154778631,1.3125233735964748,0,0,1,0,1,0,232.32811414137467,0.3282817283968869,1,0.0,0
0.06355851673096592,0.04760693244164888,25.11926453916167,8.862918013885078,0.5516440820416961,0,0,1,0,1,0,30.0,0.26431135367169983,1,0.0,0
3.9646369288511405,2.9326241758262355,0.0,0.09597053979676812,12.229275067184185,1,0,5,1,25,10,24.700385577900523,4.591839047011869,0,0.0,1
0.019771188186800757,0.08197382096863956,20.935593643061402,7.306025937908936,1.5560735055651083,0,0,1,0,0,1,152.57557963228942,0.36964169321148477,1,0.0,0
3.224470823743116,2.1888095832909054,0.0,0.09494096355444653,9.1147668229851,1,0,8,1,32,8,20.090647514808424,5.718983496113978,0,0.0,1
0.042208557747611855,0.049941982622105884,26.045840604631774,10.025916513427942,2.1968519264748205,0,0,1,0,1,1,83.11561263111541,0.01132319399393561,1,0.0,0
0.25418428172346696,0.09387575680870457,19.240324603069382,6.979615356518202,2.4585867799485825,0,0,1,0,2,0,256.7835774956966,0.00216046406305176,1,0.0,0
0.012031394764400277,0.03275136307878675,15.65398421287071,3.6961061120989083,3.034699696087282,0,0,2,0,1,4,114.5498572000146,0.4626012354553776,1,0.0,0
0.006406745363900262,0.05770329629733741,31.301129566423228,8.796927363093777,3.3843117530307856,0,0,1,0,1,1,89.87738922726486,0.08976079562290833,1,0.0,0
0.3439242460536235,0.19214265000913888,30.00729988245815,9.446090545676002,1.878880601877353,0,0,2,0,2,1,161.39483223850402,0.3176724944677785,1,0.0,0
0.006385758174854559,0.035024380476756496,20.665065860401313,8.611260247531577,1.6112547063284985,0,0,1,0,1,1,49.63482952634126,0.14557533235781817,1,0.0,0
0.003773405367100384,0.007186133503373525,33.93048471110724,7.623182223926586,0.8071038063632161,0,0,1,0,3,0,156.46795236720845,0.19386450994736898,1,0.0,0
0.07278446145485422,0.08955013968283038,16.611181909342836,3.364829764132484,2.059661893696978,0,0,1,0,2,1,30.0,0.03478501289072273,1,0.0,0
0.12392431052685565,0.10083675437297622,25.492655962841756,6.931776931887523,1.2823644080283376,0,0,1,0,2,1,416.8243264556116,0.3694553936625735,1,0.0,0
2.6992315750409674,3.926071591970274,190.0,0.22592320611927166,14.651536347172856,1,0,6,1,25,10,18.871604873597274,1.5,0,0.0,1
0.10518287605763313,0.0704084457679597,21.20502694911525,12.36131651811252,0.9704354077728272,0,0,1,0,3,0,974.0275865285437,0.007576715160773195,1,0.0,0
0.07647718128527113,0.0993400153515638,16.447265718696208,8.91585938392335,0.2697045201042483,0,0,2,0,0,2,281.6678199048796,0.3210685820751897,1,0.0,0
0.03854102119021114,0.09869015590659924,25.578918504164108,8.9732938253457,1.9881628537596758,0,0,1,0,1,1,92.31269866759835,0.0042787381014439225,1,0.0,0
3.6885074886319993,3.3032416369451427,0.05,0.16104767677423437,19.599378045019012,0,0,7,1,25,6,24.085965052941386,3.7186394779650214,0,1.0,1
0.041056836466446846,0.2807234296961524,23.98356041154105,10.656852388945893,2.9011436305292246,0,0,2,0,1,0,65.75502589790504,0.1811180794526469,1,0.0,0
0.1213038371911251,0.03195720485371701,22.093067182397846,9.214940371697448,1.994588665347292,0,0,1,0,1,1,325.07788614080965,0.015246703066596583,1,0.0,0
0.4739628949602819,0.019146924866011317,24.09788972091204,6.655951349645636,3.4928318913651575,0,0,1,0,0,2,148.68719865052464,0.3365250900986235,1,0.0,0
0.1334084380202927,0.0979973308665824,14.296192697452136,5.736901882241123,1.6726313090562481,0,0,2,0,1,1,86.97314549212841,0.3501995189453256,0,0.0,0
0.10098526885956709,0.09043981881134368,21.804880479633923,9.057846194334887,3.636181301057099,0,0,1,0,2,2,333.07494436881814,0.06439930019360243,1,0.0,0
0.042105645406673144,0.011640808701194102,26.11136060879742,6.7277746973046995,2.9390889436311305,0,0,1,0,0,1,68.12613589060422,0.11112123902109737,1,0.0,0
2.2444219985739413,1.882638716347672,85.0,0.22400374976104412,11.960666753119284,1,0,12,1,45,6,15.267622250375391,4.00286653050465,0,0.0,1
0.03969013110824206,0.005616322299474569,17.02956318991823,8.212950661154087,2.1716537699688967,0,0,1,0,1,0,94.02746120838364,0.4122531762226511,1,0.0,0
0.12210780212761232,0.0791533558010322,26.450852657023596,7.986810328420953,0.6616581746780605,0,0,2,0,1,0,30.0,0.042204138418022716,1,0.0,0
0.09212769843315158,0.08400690444043976,32.83085824136673,8.106377753804747,1.6891608517250019,0,0,1,0,3,0,81.82986995840025,0.5945880053771415,1,0.0,0
2.4885047254135944,4.22745967547248,0.0,0.0185495804492532,11.93496052369873,1,0,7,1,45,6,8.66296805326337,4.1257139454391965,0,1.0,1
0.05585773312952156,0.1969727430949736,20.300927203816777,9.585008459329032,1.8314540840964422,0,0,1,1,3,2,89.95329945710782,0.361710360622826,1,0.0,0
0.13285309806836834,0.10430166374035196,16.572500365191956,9.304524689328755,2.3945236051618757,0,0,1,0,2,0,34.22375829769771,0.5461710649694149,1,0.0,0
4.543882013213986,3.718590424065125,0.05,0.2243129006683029,9.671710701196073,1,0,6,0,60,10,5.298688254954043,1.5,0,0.0,1
0.19622627993858371,0.12054036380827855,21.776922058552916,9.766133094994455,2.147968880632763,0,0,1,0,2,0,424.941544912946,0.14197941523611396,1,0.0,0
0.04520399232250593,0.023167260994032168,27.86883048189292,8.88610160591623,2.1816152147944203,0,0,1,0,3,1,39.476409030599804,0.011619320603946614,1,0.0,0
0.0804478986393122,0.08482593229667817,30.09467445160511,5.965326068066858,3.156114616645307,0,0,1,0,1,0,232.95112757153342,0.1023018736048603,1,0.0,0
0.16904989770463,0.0083839355358527,36.486082392130996,7.800274673847126,1.0175837595190629,0,0,2,0,0,0,182.61330067094895,0.06479445987284796,1,0.0,0
0.005707661970769025,0.010345211868070824,15.60776645656243,4.040646718540038,1.5213036189920544,0,0,1,0,0,0,41.08517810936707,0.5444300823600875,1,0.0,0
0.012433337483955309,0.20653562333897846,30.35938387659285,7.923938521121558,0.2266459653925279,0,0,1,0,2,1,195.67391476081684,0.5388681408385105,1,0.0,0
0.4133290979704053,0.10879803338762992,23.685389363365676,9.056159191147055,1.2296864621091042,0,0,1,0,3,1,449.9250991856143,0.11187720281546275,1,0.0,0
0.3372740020718651,0.12817944386470206,29.93030840878293,12.00675039744863,1.3333807225052774,0,0,1,0,0,1,172.55289375578843,0.38593359082607637,1,0.0,0
0.12041835287491914,0.049197713990764336,39.88592894835126,7.177956236914575,2.87411408181786,0,0,1,0,1,2,272.7350638884581,0.11153252382032924,1,0.0,0
0.10284760661750965,0.008960015108372498,31.409098645435755,8.276962206988415,2.6744048010569488,0,0,1,0,2,0,30.99053020413991,0.016603056368075658,1,0.0,0
0.048298805837293436,0.026670965362739395,18.417680873337652,9.890585453328772,2.7876293589549546,0,0,1,0,2,0,48.48221947532885,0.1632966370781722,1,0.0,0
3.8282096077537453,3.314861883296821,85.0,0.24926136748468836,15.409767148441828,0,0,6,1,45,6,18.01030462715437,3.12179277939229,0,1.0,1
0.08815325090232452,0.02381635339528773,20.49399535909505,8.787179650958985,2.7932257178100985,0,0,2,0,0,1,30.0,0.16686363227680642,1,0.0,0
0.0950355911047382,0.01012242661908642,23.16839440750813,9.188267409656131,1.810557222473821,0,0,1,0,1,1,313.29480869099376,0.05110414724628905,1,0.0,0
2.0158978816077395,2.3840495369868067,85.0,0.11123129272649801,15.985049915547153,1,1,15,0,60,13,23.894959121151672,3.479979672619171,0,0.0,1
0.19317513826820978,0.2127469492376613,27.26213535936252,8.538406841931094,3.021658728197938,0,0,1,0,3,2,215.3251324256833,0.055935931592658444,1,0.0,0
0.2763379624455427,0.24839942716805552,24.590060699461183,7.219539009063972,3.345184655346298,0,0,1,0,1,0,91.97729723458731,0.0977242747122073,1,0.0,0
4.549469524672881,2.6875556952597934,85.0,0.1858396790501552,15.563280772643028,1,0,5,0,18,10,8.06633693138908,4.734816080283866,0,0.0,1
3.086686602924144,2.8200755091609597,0.0,0.22167332122704517,11.698266605845111,0,1,6,0,32,11,24.82703856024906,4.316812076816938,0,0.0,1
0.09793915632766977,0.16738471385426,30.247565175417442,9.106307656752547,2.599227630664389,0,0,1,0,2,0,453.2732122893245,0.14915402589932888,1,0.0,0
0.8989045705720007,2.290922730589771,0.0,0.11579517751665369,11.970356104641558,1,0,6,1,18,13,17.020857407952633,3.876476462592083,0,1.0,1
0.0721267365555342,0.04361260928095693,25.340116504645696,8.141594691361718,2.5341359422659844,0,0,1,0,0,1,517.8870595398488,0.11287239423648976,1,0.0,0
3.4429436114131122,2.3500757521535474,0.05,0.12073615076803626,12.80541470593969,1,1,6,1,60,12,1.9335249340490073,2.2739144051940468,0,0.0,1
0.06324047377340955,0.06796681345657705,39.21337584438203,9.54378246827017,0.8354532218898836,0,0,1,0,2,1,34.60062347078157,0.0008735632468636292,1,0.0,0
0.12925367155092315,0.1064590811270734,21.512218420930612,7.724566267016865,2.3831903853773273,0,0,1,0,2,0,30.0,0.04850560583415402,1,0.0,0
0.0455358919347995,0.03660475863226547,29.03847941028224,9.209545737256017,1.3517264458273375,0,0,1,0,3,2,155.87647484938188,0.0024214159417863005,1,0.0,0
0.20816764174555938,0.035358954949917906,20.855174291199138,9.78746800238422,0.5067470689684017,0,0,1,0,1,1,149.57945494326404,0.29933310677126007,1,0.0,0
2.6980726383852827,4.848313072637657,220.0,0.16505670279045365,19.54931238182301,1,1,12,1,45,8,8.376327463370151,3.4661874938743242,0,0.0,1
0.015284687233860228,0.002971389381580109,34.464614530567566,8.015423803643223,2.9422300175678355,0,0,2,0,0,3,88.93236956456691,0.0558175656854456,1,0.0,0
0.021932633722301618,0.09221399317699876,28.948731650836862,8.78657334376405,3.415910640492677,1,0,1,0,1,0,30.0,0.32603993393940506,1,0.0,0
0.05997058977669556,0.017692652001624662,25.638010466078104,4.662821152881394,0.6378354280787784,1,0,2,0,0,2,30.0,0.19407353891203555,1,0.0,0
0.11556022008702624,0.003999642006312103,13.78667728676289,7.050171692469006,2.611106095446024,0,0,1,0,3,0,190.73641562416245,0.13970583256987992,1,0.0,0
0.5200975607504783,0.0009660516224112068,33.92963288022365,8.98215215760659,0.9385270270763724,0,0,2,1,2,1,220.83019165940277,0.02969481271813292,1,0.0,0
0.03343434196937367,0.04799150294803494,21.029043752138325,7.911811383222733,1.1128374116371456,0,0,1,0,3,2,100.91996945082305,0.3221072135316192,1,0.0,0
0.25533014038813,0.0761722407701666,30.495947796697223,6.745732123105151,2.74601959473587,0,0,1,0,1,0,173.03148963468024,0.5249923578604073,1,0.0,0
2.112789559452409,1.3733201084251758,220.0,0.12413338543318023,13.912531753785906,1,0,6,1,60,11,8.216664953699729,4.036011955730295,0,1.0,1
0.012239365156581736,0.14873949388812294,8.989143369908508,7.925282251700731,0.5679803687791212,0,0,2,0,2,0,223.35780467813447,0.4628422455005341,1,0.0,0
0.004875071587630804,0.10465771579241319,41.91865498400268,8.25468979938476,2.0126128343522427,0,0,1,0,0,1,340.26261205706817,0.317709754578815,1,0.0,0
0.16112690237988725,0.10088069194655835,22.716084987107763,7.875737264917426,0.0,0,0,1,0,3,1,235.92068213032178,0.4638637283300538,1,0.0,0
0.27633258346238176,0.0005693663364787629,26.850227449396822,11.426871308521989,2.309729503087009,1,0,2,0,0,2,470.04611286567456,0.06334255115319798,1,0.0,0
0.12907797387810427,0.0885158225099029,33.9954517501989,7.418473290045556,2.9687446211672515,0,0,1,0,0,2,111.42876147198245,0.027300656094885446,1,0.0,0
2.393101568551409,3.5071870649595738,0.05,0.10480265793151489,9.405598721066244,1,1,6,1,32,9,16.412480491307136,2.8068894267066358,0,1.0,1
0.053590202904929364,0.0017671108014982897,26.637874070773638,4.928517436107474,2.4634603556662173,0,0,2,0,1,1,115.79891485196306,0.37120874688155847,1,0.0,0
0.05147639967592568,0.23301950589012968,29.189528370620163,12.17588405998455,2.4505983312791324,0,0,1,0,4,1,101.78666660049957,0.006247312346418767,1,0.0,0
0.35305974455558925,0.017760877427917942,28.326637834637268,9.224901737251221,2.476010800065626,0,0,1,0,4,0,30.0,0.09000097039695233,1,0.0,0
0.01604924989396061,0.00145972421266673,30.028933480812555,7.518808516193137,3.515176393443556,0,0,1,0,0,1,60.230044239907414,0.1387282011344176,1,0.0,0
0.19828504396395025,0.04230564535241967,43.12038698379579,8.068861077280463,3.7160759463985173,0,0,1,0,1,2,361.8902910443901,0.18140761672159944,1,0.0,0
0.8,3.5275091018136746,0.05,0.20541169812578663,19.541219165775274,1,1,6,1,60,12,17.50788175141377,2.8212367030243004,1,1.0,1
0.13768556407682372,0.03696269530245008,21.356631735413888,5.8765591341786205,3.6342744859765306,0,0,1,0,1,1,30.0,0.055305020112241046,1,0.0,0
3.508366783605894,3.306681509280195,220.0,0.032024185280527695,14.454992701385544,1,1,8,0,60,10,5.661737131598027,3.427007847064197,0,0.0,1
0.13178139755139712,0.056282313712761704,27.023503574642916,10.735041097549214,1.8669155720793127,0,0,1,1,2,0,352.8698276306468,0.08268864444705595,1,0.0,0
0.2829091420523903,0.03708657846189476,18.525941960730183,10.035687389336223,2.821615752237163,0,0,2,0,2,0,30.0,0.009846597879357688,1,0.0,0
0.08147726630807904,0.029250248933454116,28.79098961253241,6.315760180555207,3.246058924920231,0,0,1,0,3,1,106.20521885125191,0.112731896308022,0,0.0,0
0.7686567456760971,0.13691686741874717,22.014540034932036,9.373535502220994,0.5872114222087232,0,0,2,0,2,1,30.0,0.0480296903608288,1,0.0,0
0.022008238489725444,0.06153719240407155,23.86057561650024,10.002181086007266,1.7876885520195838,0,0,1,0,1,0,246.7107451923622,0.13082125239156173,1,0.0,0
2.843513407297061,3.8694449453641693,0.05,0.11286571417733662,12.939249146921938,1,1,7,1,18,8,24.783034542766107,3.49704630286327,0,1.0,1
0.17372077545442574,0.09195259886230121,35.49063737602051,10.776562889779159,0.43895742441322194,0,0,2,0,5,0,172.21517310996495,0.47485222291821777,1,0.0,0
0.025563483823195683,0.06099638676882115,24.125641368926086,10.845788557262956,2.3326207847810387,0,0,1,0,2,0,30.0,0.14171274190927505,1,0.0,0
0.12900541264920368,0.04134060407453968,18.90475910351872,10.610731093501414,0.03131786191661301,0,0,1,0,3,1,352.2690778602808,0.24424801699774293,1,0.0,0
0.08603881082610693,0.12015514805394123,32.07009822370131,6.436004217269522,2.813841269260557,0,0,2,0,2,1,251.80205169972993,0.04538257452091457,1,0.0,0
0.11594924761781018,0.037196419927530526,30.4583565530209,11.401598932617478,2.6568660633095016,0,0,1,0,0,2,110.00524121273224,0.4105752596357767,1,0.0,0
2.242702668267716,1.3426881268180575,190.0,0.06392819800113186,16.77332043674787,0,1,6,1,18,11,16.961107328508614,3.2249938840672008,0,0.0,1
0.07929220455921684,0.007204140093011861,13.824023290374052,6.61049429598222,2.672452775386156,0,0,1,0,2,1,30.0,0.0863679708792689,1,0.0,0
1.7774321236574904,3.849510081076539,0.0,0.11832799693662133,14.233497635703264,0,0,7,1,32,6,14.31343730952019,2.9571542113722087,1,0.0,1
4.671856064495799,2.9359545939407825,220.0,0.15258788446927293,18.800750692828974,1,1,8,1,18,6,24.939189103894563,5.4455578985713045,0,1.0,1
0.032863266257049245,0.018031180597041768,17.75808446325498,11.6596139148031,1.9305339483874253,0,0,2,0,0,0,330.42451543155494,0.4964700939543365,1,0.0,0
0.015417332096597285,0.021293526165482354,19.093386805931228,7.909038372198435,2.0706970216648393,0,0,1,0,0,1,59.78744192270025,0.03556240433782178,1,0.0,0
0.06875104741093345,0.007037718904315284,26.460163620331013,6.416226135045264,4.6721567426280135,0,0,1,0,3,0,366.9161522616506,0.04860762514260856,1,0.0,0
0.06718132209362143,0.06580481326126479,9.960950351811544,6.942520969261694,4.038641925048266,0,0,1,0,1,3,353.4578084503236,0.04475095648073257,1,0.0,0
0.194727286730159,0.029606782054985296,20.98523994409478,9.69411219947708,2.3636726478389822,0,0,1,0,1,1,185.3635168871523,0.3372440857009183,1,0.0,0
2.0773873516632726,2.611493031983624,85.0,0.22756885173494554,9.657548888731109,1,0,6,1,32,6,1.5518295438287186,4.7342934675489365,0,1.0,1
3.0331360608789986,3.375368975543024,220.0,0.06071192653615276,8.98448669719983,1,1,5,0,25,8,14.851696000048047,3.9454969259421073,0,0.0,1
0.07017932313119993,0.17188597739873238,27.522314381099573,8.757457361479297,2.473007954967405,0,0,1,0,1,0,323.4024638465716,0.14874360328712005,1,0.0,0
0.027299271434410213,0.05713213450945535,13.916502266294772,9.971133796605145,1.4998309026260963,0,0,1,0,2,1,105.89691486755417,0.14494225682861853,0,0.0,0
0.08843826864105812,0.0038563674736198017,33.82553675909006,6.539372508098806,3.4375467509326465,0,0,2,0,1,2,349.5949045947456,0.014847561905381307,1,0.0,0
0.28433947304515517,0.3392462434114889,27.728342443916283,5.863815928408989,2.1606113021551683,0,0,1,0,3,1,41.52557671780364,0.27742318632621416,1,0.0,0
0.37353584700050463,0.14941049265365025,29.910866980452735,6.783048217654716,1.4570242932279878,0,0,2,0,5,0,285.8777921113241,0.16966192315938433,0,0.0,0
0.03524101244000124,0.014820041802727977,24.821636560339662,9.746834317202318,2.7040512299670545,0,0,2,0,3,1,274.89043912046185,0.1001273193154211,1,0.0,0
0.4163802797390101,0.14771097144418022,17.393316241478296,10.338816857507295,1.1140299175258712,0,0,1,0,2,3,54.281048068467534,0.07559858880694455,1,0.0,0
0.23233428612217563,0.11081583596263819,29.214429271196703,11.73196335983586,0.8226789587302286,0,0,2,0,2,2,776.2883601078113,0.7059135618947336,1,0.0,0
0.5201800301184472,0.012709958650357811,25.614289851873753,5.550098640579323,0.0,0,1,1,0,3,2,30.0,0.17910189253465666,1,0.0,0
0.15396811342486327,0.0386385255891038,13.525194426106198,11.93023643635756,1.673255410058908,0,0,1,0,1,2,105.33461588754697,0.15444785998153338,1,0.0,0
0.1305727699252332,0.100599887266211,23.432976319967768,5.9876894509852265,0.039154858531808445,0,0,1,0,2,1,354.7555996674432,0.03845420472272238,1,0.0,0
0.27226863173170585,0.1019295691585447,27.211473539993875,8.944775628269394,2.376656592107279,0,0,2,0,1,1,354.30075730628465,0.007893704797570738,1,0.0,0
2.069522977387605,3.670501344266967,85.0,0.13872727296829926,15.632319679310664,1,0,8,0,32,9,4.53458909358426,3.164867739996753,0,0.0,1
0.42030323074553777,0.030014373849500925,19.589714712065074,7.245077667048596,1.3344661329913208,0,0,1,0,1,1,95.3528810107183,0.9,1,0.0,0
0.06521666479610885,0.1136389612794546,12.402005999938154,5.370291150089079,3.7839141981831483,0,0,1,0,0,2,169.22098190517747,0.3883838686372001,1,0.0,0
0.08320472521717007,0.019481560290095675,21.14363374752275,12.041915106695491,2.0921212820729713,1,0,2,0,2,0,70.09659330383884,0.1764735246593043,1,0.0,0
0.24211715901068864,0.0005908025575540482,20.35436117280407,13.185714016574817,2.1141690834881284,0,0,1,0,2,0,30.0,0.01985784776960134,1,0.0,0
2.4192205525212716,2.541107141879964,85.0,0.19014272044825636,9.655341703920126,0,1,6,1,32,11,21.44736411236265,3.402653740538699,0,0.0,1
2.195754389943064,3.8691653210310815,85.0,0.1661781156884241,13.243717097339761,1,1,8,1,25,7,15.568402052104965,4.549083364859552,0,0.0,1
0.0023209594767469818,0.016666165410194965,19.2257336231703,12.131354910160631,0.7782636303074906,0,0,1,0,1,2,136.4983452829799,0.157550711596069,1,0.0,0
0.041632030633502015,0.19705989473025604,22.401378369424716,7.69590139945042,1.1626179156504253,0,0,1,0,0,0,133.8084577627193,0.1144532796157337,1,0.0,0
0.22285518785005098,0.018301091277512286,23.64657384333265,14.281285980798275,1.0706754117583728,1,0,1,0,1,2,35.33615299287479,0.10982559410401271,1,0.0,0
0.05835503185184323,0.272190582714839,22.189926975799956,9.004426006725726,2.514132699993119,0,0,1,0,3,1,153.47507133638297,0.13093424411455884,1,0.0,0
3.2206468564744823,1.818952107425371,190.0,0.01729745011955386,15.929654026422623,0,0,15,1,18,10,22.90554022123712,2.103882768235435,0,1.0,1
0.07374783295637022,0.22997356747960568,20.590163883777254,9.321013582972762,2.780395594585185,0,0,1,0,2,0,42.77394055836213,0.014260549006377974,1,0.0,0
0.055957449435673934,0.013120594420085159,28.0665733084167,9.979518581394538,2.079073857962613,0,0,1,0,1,0,30.0,0.29767895028437097,1,0.0,0
0.4930171605445441,0.38642495255349246,36.84873024429838,9.703160090804358,3.7441681361472945,0,0,1,1,0,0,137.9518145441819,0.5854794261376082,1,0.0,0
0.17684304526680433,0.06284310621965615,27.742257783932796,10.027890727430933,0.8029449951735894,0,0,1,0,0,4,108.02497396685476,0.3526602586150276,1,0.0,0
0.026176163355752093,0.025920483854038126,41.11384808222304,10.077508087770894,0.0,0,0,2,0,1,2,222.63042820483614,0.09019651586983098,1,0.0,0
1.032779263250311,5.31165165547407,190.0,0.2048782765947043,11.973192743900523,1,0,6,0,32,11,12.701983119954349,3.627658717090039,0,0.0,1
0.2075221643445763,0.0032126005456000095,25.50414206458737,7.46406540156698,2.0486838849015436,0,0,2,0,0,1,470.2585169272722,0.0013937556755931866,1,0.0,0
0.1359904677507421,0.009179047640137283,28.823097229167768,11.087635381629452,1.1833938128604164,0,0,2,0,0,1,38.93737181990821,0.0423681103293174,0,0.0,0
0.46348007615715864,0.06955196669051722,19.042553495772246,8.533241962724828,2.633715900725195,0,0,1,0,2,2,30.0,0.10846024276253477,1,0.0,0
2.7120456198197105,5.156255300292403,220.0,0.1672873924041588,15.667358207381232,1,0,8,1,18,14,22.649686904766536,1.5,0,0.0,1
0.11514353932364861,0.004341788203609229,32.46084295598302,8.277291195228978,0.8523373720522514,0,0,1,0,2,1,117.31416482834635,0.08136930155194277,1,0.0,0
0.1018000435452054,0.0283228864501487,26.809177170759355,10.344346913014173,3.259401802992124,0,0,1,0,1,2,434.0798211612953,0.20391688298987165,1,0.0,0
0.34506821193595855,0.03654765043163438,26.098758493771875,7.276464275614561,1.8485839320135733,0,0,1,0,3,1,111.5986128121191,0.18776624834840028,0,0.0,0
0.1680336180670815,0.1874573156127545,30.116965659398616,4.531743866484782,1.7169783944610717,0,0,2,1,3,1,30.0,0.04650726150462023,1,0.0,0
0.21232654606130835,0.029158625013328172,18.280565383257766,7.701944136900159,3.3399998854762094,0,0,1,0,1,2,132.84614161386267,0.37783285074987694,1,0.0,0
0.18439658272764098,0.08942560654052734,22.169657477822565,11.26684815711195,2.9513326061105447,0,0,1,0,1,1,374.28322318884153,0.46822034356406483,1,0.0,0
0.11404730070917238,0.11400951771158108,21.251657594651547,8.720670866318752,2.1307438590182497,0,0,1,0,2,1,145.45186447465687,0.04870904379967828,1,0.0,0
0.06449631282935701,0.0990777604447276,17.8419093164526,6.256342399174832,0.6526567808405623,0,0,1,0,1,3,99.89713978239286,0.18071843771618745,1,0.0,0
0.1198998898906876,0.0044840962487321424,14.816661895820806,6.59964907586041,2.7733416946447087,0,0,1,0,1,1,30.0,0.05879528779544366,1,0.0,0
0.2503837539290337,0.15111499641227022,24.05316094943566,8.064689757723768,1.231929644535632,0,0,2,0,1,1,257.5623749603461,0.016307793837893585,1,0.0,0
0.09266874419008882,0.03925103891951587,25.128160642195034,9.305436378539643,1.614284630961592,0,0,1,0,1,2,248.14935809802245,0.17883152294745308,1,0.0,0
0.0005035482626782002,0.08892965282458425,29.08725084395534,13.019204055484956,2.5130633430135694,1,0,1,0,5,3,427.0447946204116,0.11047969518734864,1,0.0,0
0.06650922952888966,0.006071480756730361,20.655742876836218,9.17956604427846,1.7402526166016907,0,0,1,0,3,3,179.01311013705262,0.40183568024905353,1,0.0,0
0.099980249057755,0.026758226520286157,20.07772229160656,5.829967508703952,1.1966871415928835,0,0,1,0,1,2,353.70905252947495,0.20674032161033407,1,0.0,0
0.25155691511405387,0.011902794226397891,32.649223477745046,9.835169920953215,0.0,0,0,1,0,3,0,126.37522455545951,0.2547872467302268,1,0.0,0
0.40050781944625174,0.20534879137433837,27.34015501170147,10.326782181604365,1.531339490520202,0,0,1,0,2,0,30.0,0.15915672158061364,1,0.0,0
0.11809514469384134,0.0414959733374584,12.062018957317335,7.796973246482202,4.138055211634004,0,0,1,0,1,2,72.60185925582243,0.05775043216662206,1,0.0,0
0.01023545164516011,0.022446460220267358,29.357377236861012,9.176946210624223,1.8794816256208062,0,0,1,0,1,0,435.2649681166832,0.7660982160230279,1,0.0,0
0.10578753126479525,0.0611808290949572,29.985025262890446,9.355537888701223,3.198482352383899,0,0,1,0,1,0,347.19559071422606,0.03974915557598654,1,0.0,0
0.01355346566357172,0.023319677959117557,23.16492249984512,10.594353310005994,2.2658496485082846,0,0,1,0,1,1,256.25500417221986,0.15522248451821952,1,0.0,0
0.0737735394158676,0.12059235082781446,24.358447253978763,8.424170643734461,1.2714711237785157,0,0,1,0,3,2,562.1714863343097,0.6606945682940523,1,0.0,0
2.4621398079019707,4.196661934332965,0.05,0.16583548936030626,17.571070712244346,1,0,15,1,60,7,16.640324398895586,3.6724752835161656,0,0.0,1
4.193280108158681,2.5444615754073605,85.0,0.0023546779257219708,8.904658878997655,1,1,12,1,18,12,16.850607153203445,1.794340379440545,0,1.0,1
0.021296838492058604,0.01604831870719933,9.446012390459416,8.71015194241659,0.0,0,0,2,0,0,2,132.51875135629555,0.2040949793552303,1,0.0,0
0.12822070688976595,0.013618400893217076,24.99492887901506,5.206977226796118,0.5877413725821996,0,0,1,0,1,2,489.91142780858695,0.07352781907660837,1,0.0,0
0.24215400568414977,0.028289728625415744,27.837520235962838,7.328098462572376,1.1392620115268968,0,0,1,0,2,0,537.9515884571624,0.8824145087911772,1,0.0,0
0.27438942597545196,0.03311647541569381,19.294505123533124,8.5102862810837,3.2773740385132224,0,0,2,0,1,2,157.9874944327066,0.17277821013745565,1,0.0,0
0.04881060131218742,0.031229656159980072,21.403027201564733,10.197610915462898,2.164638531449738,0,0,1,0,2,1,288.5202114086685,0.17880415866569552,1,0.0,0
0.025070511740555582,0.06079500357894178,16.812579167645815,7.917335987750107,1.2467675233353803,0,0,1,0,2,1,453.4819603132928,0.19396415867978417,1,0.0,0
0.13565718277904418,0.03615567785893532,27.671165477039494,9.625439720164158,2.3954694400455843,0,1,2,0,1,1,37.39599868834182,0.035476702941354084,1,0.0,0
3.1452895468333533,2.7295518408425554,190.0,0.20478910224348917,17.42885681243582,1,1,8,1,25,7,6.098243695960508,2.7528207150203174,0,1.0,1
0.06339383698592072,0.036557303904743224,26.712062459302388,6.8688164575617,0.2789528743703371,0,0,1,0,1,0,86.79172312862022,0.2519731241917625,1,0.0,0
0.02597330184736963,0.00030701158788113694,36.478161916956,7.917957053829412,2.331673961635278,0,0,1,0,2,3,395.72931446583584,0.30025434022742037,1,0.0,0
0.08587502472755776,0.06572235872244274,25.387125174825925,11.812645015607115,1.9215103756236591,0,0,1,0,1,0,45.35023934959448,0.23333959688589087,1,0.0,0
0.49631875152003385,0.017198876017467512,39.268551421939485,11.531890292588468,1.1008039039519808,0,0,1,0,2,1,288.916722689596,0.18467867771487056,1,0.0,0
0.02313864343662626,0.12488354042388894,14.34412292587169,11.468868076880458,0.79569106746049,0,0,1,0,1,0,58.68548825518301,0.16992779172198347,0,0.0,0
0.07038454077086083,0.00264208004991541,29.11477820763323,9.079660083741423,3.264915894972302,0,0,1,0,1,2,170.15952817019107,0.20841495399024,1,0.0,0
0.02657408473287536,0.21674005825519083,36.76611397303144,11.809269496804177,3.0216508350576774,0,0,1,0,0,2,30.0,0.13505517593456168,1,0.0,0
0.5462083950342871,0.025021351029227736,24.868493438649722,10.828951694100011,1.8387304994020213,0,0,2,0,3,1,41.14523746473625,0.5784878065168405,1,0.0,0
2.5730796560809543,2.95787528268546,190.0,0.24236079335749575,15.445279127332178,1,0,5,1,25,7,18.857379079836463,3.466884605432355,0,1.0,1
0.02032010062368717,0.43258718569776833,40.282426192345426,11.125098388680453,2.1179501708925415,0,0,1,0,1,0,496.8640746314988,0.7794412328392357,1,0.0,0
3.609660251189012,1.1963096473017552,0.05,0.11357798280703921,13.485895851886463,1,1,6,1,25,13,23.41377931341532,4.150213068234509,0,0.0,1
0.34646084174891695,0.007608253780358414,18.170335610518574,12.79647840391528,2.056245337573179,0,0,1,0,3,1,65.14432574714054,0.03641274631481308,0,0.0,0
0.09959142872749634,0.2295962241100401,21.719389385731517,7.656446271224739,1.199159083837211,0,0,2,0,1,3,232.23023586486445,0.19278183028504006,1,0.0,0
0.01325385807420908,0.006954306043459066,35.89877273424747,7.617244993410742,4.397023918201187,0,1,1,1,5,1,172.9712859736214,0.03429518322634613,1,0.0,0
0.04164273344954364,0.034891249229323205,24.685910834940813,13.166071124222935,3.0264193771346006,0,0,1,0,2,0,114.32260438640736,0.291995457954888,0,0.0,0
0.139663391776039,0.12370796014384844,31.984327458454818,7.870079175090511,0.5113273162181429,0,0,1,0,1,2,267.50164583888613,0.25630093901362,1,0.0,0
0.2430459502986752,0.022625990722912503,22.574100358539056,8.90863976797664,2.343048530694043,0,0,2,0,1,2,539.2230596067126,0.07925931270417101,1,0.0,0
0.015597475142568065,0.023052839437688245,16.060859850103498,12.764292920287403,1.5466353457291564,0,0,1,0,2,1,223.22119718187216,0.09429484501437015,1,0.0,0
0.05180247138180831,0.21351280802168535,32.920261554494225,9.021312309410405,3.4478577661513636,0,0,1,0,1,1,266.9877247979637,0.007025788459724987,1,0.0,0
0.4180290265507206,0.1162786994504687,31.667602711037688,11.2602465791708,2.2868638428193506,0,0,1,0,2,1,75.1364639000974,0.01377578982189639,1,0.0,0
2.4702272423744356,2.202841281524746,85.0,0.24988565657855097,7.608353533067713,1,0,6,1,60,6,15.666136156980029,3.5732887711476393,0,1.0,1
0.04691829242606762,0.08404409317898097,35.64699876348329,7.653126833641445,3.1021953187712,0,0,2,0,2,0,30.0,0.5145529032032183,1,0.0,0
0.210909330130864,0.01501110629518561,14.092016680129307,12.589877596062053,2.03650622238552,0,0,1,0,2,0,577.4239361734902,0.18564946248796282,1,0.0,0
0.08251911341566166,0.06972862928440036,15.906627507217335,11.9758095236705,0.6794037102533996,0,0,1,0,1,2,109.73277991750473,0.33517892672860405,1,0.0,0
0.0423284063934284,0.23564572667653352,27.162984291548316,7.982082330464973,3.4204009231298556,0,0,1,0,0,2,131.56970197016858,0.11979049312969564,1,0.0,0
0.18350784749778204,0.07640562188079035,31.060978542370265,4.480533266262565,1.5224000486263487,0,0,1,0,2,2,205.6424670487653,0.22599677293713719,1,0.0,0
0.12609037081590682,0.10924117506146365,16.812728875860152,9.951642296077594,3.38238274568994,0,0,1,0,2,2,189.33113726390278,0.10283678576829874,1,0.0,0
0.006453040888331737,0.13384021458373332,15.765226813632097,7.921019839132761,2.1802847729902366,0,0,1,0,1,1,212.04104958527793,0.2965729741644758,1,0.0,0
0.07411552120384549,0.07284106338192961,23.86057290315243,11.201987811455032,0.6074874328615216,0,0,2,0,1,0,69.29287024746355,0.0614907055078779,1,0.0,0
0.005618548713354581,0.09419357522103175,34.515131710939556,8.300898633630062,3.5928520643719875,0,0,1,0,0,1,311.84035891977913,0.09394557727598742,1,0.0,0
0.028031062342315165,0.17233167385246834,29.765831788785423,9.011119397973607,0.6933206693552083,0,0,1,0,2,1,215.03706317042264,0.01767316305526638,1,0.0,0
3.5448643955692036,3.5384077941115915,220.0,0.0413946390832958,7.153867921705498,1,1,8,1,45,8,14.91028295106501,1.8365611193456242,0,0.0,1
0.08759695124622247,0.0426651229070142,35.7358348372365,10.469139691914396,1.8746330140024914,0,0,1,0,1,2,182.77074835613777,0.09685441929154676,1,0.0,0
0.009710674131982174,0.1758584464415817,27.180559573271367,7.05122966975566,2.5078798450686213,0,0,1,0,1,1,158.75270587960003,0.21684213908905617,1,0.0,0
0.1600602736570467,0.030124810105324078,9.602651636342571,4.4941031722696145,4.513643468208903,0,0,1,0,1,1,509.00474167933015,0.4783180805458175,1,0.0,0
2.4341536187613553,4.6413397348122505,85.0,0.002123832585082114,12.633370544194577,1,1,8,1,18,9,4.35296916295496,4.411289424196259,0,0.0,1
0.03205546526928372,0.0009714694765480167,35.071495031016255,5.360446630562247,2.1098430931338106,0,0,1,0,0,0,32.52369812827,0.08537159419728707,1,0.0,0
0.0004592684635675268,0.015763088435849767,26.001567635970517,11.871740304443046,1.7240369035449992,0,0,1,0,1,4,61.770286131434005,0.0215929945290098,1,0.0,0
0.023994697164095722,0.0439852138233433,30.849706472106458,9.168550932153043,1.9630588135325018,0,0,2,0,1,0,30.0,0.037978239868230276,1,0.0,0
2.9025929486015083,4.4561006117267485,0.0,0.04058101543970258,5.0,0,0,12,0,18,12,9.359717093123557,3.559980807270915,0,0.0,1
0.07714336862381499,0.02438034235704095,30.499988457740635,7.326314640951628,0.5963326939494726,1,0,1,0,2,0,30.0,0.26287176992509775,1,0.0,0
0.03142872362704736,0.17005598116975107,21.00765386943707,4.905712664741791,0.0,0,0,1,0,3,0,30.0,0.03443869458825554,1,0.0,0
0.11210083545183466,0.13114690349518973,8.662455531860392,9.601113865652463,1.6596048432841362,0,0,2,0,0,0,30.0,0.3107968512216759,1,0.0,0
4.709335775500515,2.4939783495935157,220.0,0.012453947594702613,25.0,1,0,6,0,45,13,19.885466484207655,3.66496979705243,1,1.0,1
0.12287390452769913,0.2126514393370012,6.38661901358476,7.349019573807757,1.1020691066199428,0,0,1,0,0,1,30.0,0.009900924719233033,1,0.0,0
0.05301588007792968,0.07626563954313945,25.489213976831053,10.374812564938992,0.7336413451535906,0,0,1,0,0,2,44.380864947700644,0.16666003873562385,1,0.0,0
0.19188752633412795,0.021601323159594225,29.470359011108574,6.731781717940157,3.7135297293402796,0,0,2,0,2,0,77.28033161228649,0.37254833208510585,1,0.0,0
0.00718171474124473,0.26748821038702925,22.64452240140741,9.041842685414883,2.7694573108029035,0,0,1,0,1,1,232.32597644285468,0.34103495407340906,1,0.0,0
4.936451232254494,4.447381687087646,0.05,0.002211078134266853,12.329118623127576,1,0,12,1,60,14,9.869422548932175,4.007824453630997,0,0.0,1
1.5230358039806828,3.2306929369378015,220.0,0.08728907446130921,10.693527011730358,0,1,8,0,32,13,23.5375654890857,5.572490828969615,0,1.0,1
1.583413236682451,5.095718226038486,190.0,0.1090993482064613,10.465392518379488,1,1,8,1,25,9,15.54162728662595,6.45669062820558,1,0.0,1
0.12758386468166646,0.046604924660854474,29.089938319250653,9.74572296992299,2.4833206786258892,0,0,1,0,5,1,282.09741353320874,0.009963095439278112,1,0.0,0
0.2415694274911619,0.1569665836767535,32.47050157618204,12.234462574361617,1.2598180753937216,0,0,1,0,1,2,162.25308174280113,0.014100994133550161,1,0.0,0
0.1017258955804647,0.154121697172048,17.094336609376256,9.803683143960711,0.5048603415161166,0,0,1,0,2,0,609.9402010368839,0.10694736757719069,1,0.0,0
0.23210436403387902,0.03262281861779452,32.398540149568234,4.174641978970941,0.478557907934515,0,0,2,0,0,2,58.728050466266794,0.09261512095610211,1,0.0,0
4.270745949090529,3.5605872079454026,0.05,0.23256309240109302,16.037401996783785,1,0,5,0,32,6,8.2972750314589,4.039782134028245,0,1.0,1
0.16827226699346035,0.04875108740001788,21.12477237149318,12.136557407485643,0.3882149365127985,0,0,1,0,1,4,311.9148566000141,0.2999388235091267,1,0.0,0
0.21022465184106925,0.08603590856403709,26.545561075907468,5.703835920162433,0.680271343850996,0,0,2,0,0,0,228.237819603008,0.13444079917074697,1,0.0,0
0.33360723213515603,0.02324983429969145,21.504372650892073,6.9029592156319435,1.0943044089956913,0,0,1,0,5,0,195.83738183812687,0.10346788487844605,1,0.0,0
1.165889236333752,3.7320698346307593,85.0,0.2159838254359503,14.27994116351178,0,1,15,1,45,11,21.083527677552347,5.3558774550474535,0,0.0,1
0.07590676519923384,0.28619699222377387,25.1096043121229,8.01859485630538,3.417077033343144,0,0,1,0,0,1,206.43829455718515,0.4762964420151121,1,0.0,0
0.004419644166186374,0.0074370823196957545,28.525290282646843,6.864125419147036,2.783973142992615,1,0,1,0,0,0,246.7891195205034,0.17589241251884202,1,0.0,0
0.03431630843710212,0.03198215497048774,21.029891899759136,6.745288529690212,1.643698682267938,0,0,1,0,2,0,98.33480244713402,0.005883288216579647,1,0.0,0
0.004764959245663998,0.021049430041694177,25.148179200189112,10.473523234965645,1.886857463369024,1,0,1,0,1,1,86.78008418107109,0.036649912453123525,1,0.0,0
0.10253125730384036,0.011170435933516442,33.15373943674699,7.317301240403444,1.801543560455964,0,0,1,0,0,3,260.8651150871674,0.17514235336591505,1,0.0,0
0.10124562676633715,0.1069794444428097,32.01741550798392,7.46913027063723,0.2512869625812779,0,0,1,0,1,1,84.61219842754468,0.18016725726915925,1,0.0,0
0.07519283378185315,0.3293840840089857,29.9018598979583,6.822752652800938,2.822156432657163,0,0,2,0,2,1,488.4138203907024,0.06974178050854828,1,0.0,0
0.03688660092109188,0.04045237370901777,20.970612103872185,6.096929210521426,2.140910878386947,0,0,2,0,2,0,30.0,0.2811939791251859,1,0.0,0
0.04680236569271745,0.039439985289813746,15.083949546116422,8.557131525555173,2.3079615520802954,0,0,1,0,1,0,96.21072475543832,0.4242296478000011,1,0.0,0
0.006937878341754599,0.03776837937330726,34.897210696017986,10.682055818382954,2.08037940020917,0,0,1,0,0,2,44.96163387539804,0.3576701426087187,1,0.0,0
0.019291649191284656,0.017600506368757936,27.331476715399894,8.626214242984048,1.759743160165578,0,0,1,0,1,2,66.6037519931733,0.10849224469544244,1,0.0,0
0.1981989380392297,0.05898456466808689,35.53232639338157,8.518580136613389,0.9805732662244071,0,0,2,0,1,1,356.9099512715409,0.03934821348122759,1,0.0,0
0.19543747898077543,0.19681815499503064,21.928934657409474,10.024127747725196,0.7096316174203605,0,0,1,0,1,0,687.7298148755467,0.03496089853523837,1,0.0,0
0.10269703752011176,0.05710276045878907,30.904167780939893,4.854931312626796,2.0140337338818513,0,0,1,0,0,0,292.88040046314956,0.053726718188145575,1,0.0,0
1.4379850262196563,3.358240228674163,190.0,0.04546598037386887,15.372306332723738,1,0,6,1,32,9,19.05213106251128,3.9003884583180595,0,0.0,1
0.04937748828509147,0.1263266307437329,14.903277924890999,11.876623622905765,1.3833750577380033,0,0,1,0,1,1,136.14069678564653,0.16004919889383662,1,0.0,0
0.0005942667568593139,0.23585467046829453,20.41793318050931,8.769879060326499,2.5174849028804416,0,0,1,0,1,0,92.75821347713823,0.14711452418709486,1,0.0,0
0.25248107609171444,0.06123554138390272,25.022834110189738,10.148173161088527,0.9932074406733962,0,0,1,0,1,2,406.68350264720465,0.2765509561470739,1,0.0,0
2.0470672457950947,1.636095762012615,220.0,0.19746133093935778,12.018556558015879,1,0,8,1,32,9,19.26740900046503,3.4199135086411294,0,1.0,1
0.1675460131454573,0.03328789611307636,19.61124867512893,9.190172372030165,1.4518371210598513,0,0,1,0,2,2,416.20383597260997,0.17366739459962144,1,0.0,0
0.02658473286070631,0.10797033162735739,30.512828622989634,10.164801077181119,1.0341283657449032,0,0,1,0,0,0,98.45117306004772,0.01979754411096875,1,0.0,0
0.10901414801025974,0.0017906475110579518,20.929454577375775,7.666616026408529,4.421955480535243,0,0,1,0,2,1,210.75735347502845,0.3571481372140333,1,0.0,0
0.10865359130029677,0.27618315490210094,30.07206355479354,6.864836826444618,0.6793583404701935,0,0,1,0,1,0,326.721311830476,0.040018995351379136,1,0.0,0
0.32696200193223013,0.13678811087165238,34.91844508461305,11.160903343124634,1.8144964709638092,0,0,1,0,2,2,135.5472250146675,0.3052155610832543,1,0.0,0
0.14344925482714624,0.0433005989707771,37.783202031492706,10.305356285398497,2.0057851148266534,0,0,1,0,1,0,30.0,0.05361281315865657,1,0.0,0
0.31436816312450505,0.08159328709058414,31.74100515886142,8.038271777604129,0.9448983697333155,0,0,1,0,0,0,129.34460446887516,0.2768192568909637,1,0.0,0
0.08775198824471367,0.2890879549393975,30.618947284731956,6.05917157837783,3.4744603266068355,0,0,1,0,0,1,117.19656545087001,0.2110385729901878,1,0.0,0
0.01730253607081242,0.08616918125800133,30.743459713474216,9.99255518722082,1.734771247775298,0,0,1,0,1,0,80.16912664504426,0.5055314480094281,1,0.0,0
0.20352991954176836,0.024750749134332582,18.050548666695196,5.532388289933353,2.0419180402386257,0,0,2,0,1,1,120.07593455675918,0.009135472978229506,1,0.0,0
0.15837163423766115,0.15499380780649058,23.88532071282776,10.4959086442851,2.9260675932328453,0,0,2,1,1,2,30.0,0.6210193113686687,1,0.0,0
0.05497553789480778,0.0660204388987047,26.721825480020435,4.741066072107667,1.2253986521146882,0,0,1,0,2,2,214.73693461784873,0.07418855092528925,1,0.0,0
0.014188125162805362,0.006112769260166518,28.720530722233175,8.7152068724459,3.5366558287399776,0,0,1,0,4,1,416.4975913034749,0.1538049074320621,1,0.0,0
0.018413023348030192,0.11836670672106588,28.537149171161687,12.157949512508706,3.6968540737122817,0,0,1,0,1,1,38.48841714071854,0.22270986234399684,1,0.0,0
2.6795932760061576,3.7157940924011874,190.0,0.10083164265753602,13.175201603817971,1,0,7,0,25,6,18.891047609160072,4.634317353068995,0,0.0,1
0.11165828749592828,0.0008581968813464884,17.433786073406115,7.519618187542624,1.7654770739190142,0,0,1,0,0,3,30.0,0.20590315890117628,0,0.0,0
0.4856124833915805,0.01865799209605786,25.354839324249664,8.987240042979648,0.0,0,0,1,0,2,3,144.31390779989698,0.0441411405777213,1,0.0,0
0.0666530148132041,0.05489617578747868,38.93676372873887,6.924897118742587,1.9086187395720569,0,0,2,0,2,1,230.60690232220693,0.17911990418202214,1,0.0,0
0.13537521499411195,0.26111504025509363,29.43891814508398,9.098366921627596,1.6478950058555712,0,0,1,0,1,3,307.68701581916326,0.16447320406825186,1,0.0,0
0.023307092402804073,0.10838222642944248,26.711410374733973,9.736578606621416,1.952402754881493,0,0,1,0,3,0,367.67833879385466,0.26883870819389094,1,0.0,0
0.352861738221781,0.024373630119298748,22.190078969528233,12.572085665680223,2.4353581270481475,0,0,2,0,2,0,135.32001683566136,0.2103117163168341,1,0.0,0
0.027830723825910023,0.008975595988327043,33.54105571110985,8.726320022785567,1.7580788728677104,0,0,2,0,3,1,153.58434223004573,0.4085059827905133,1,0.0,0
0.0002392946591652751,0.03007650780723604,25.474810997222395,7.467946936556544,4.4504557341315,0,0,1,0,2,0,30.0,0.09901963629640045,1,0.0,0
2.1779187855490285,2.733586473484125,220.0,0.2111905320556549,19.67956928424425,1,1,5,1,18,13,7.875684797594607,3.36807422404138,0,0.0,1
0.09108156208825208,0.006332114110286236,15.477914512802787,7.728133746968872,0.8626597993898455,0,0,1,0,1,1,121.72204527197755,0.1633455131227043,1,0.0,0
0.08230871472314266,0.06170273368358651,29.96578690957159,9.103583861305745,2.6942110429452253,0,0,1,0,2,0,68.46945634158642,0.3567885799847593,1,0.0,0
0.09500473910025378,0.016746173762562648,27.00159455919596,7.283692896759181,1.6229391828179558,0,0,2,0,0,1,517.4416095551175,0.04063924547273674,1,0.0,0
0.2921467127428319,0.005368082646102381,12.52102847766986,7.103052483573707,0.8609433338602897,0,0,2,1,5,2,1149.578810786666,0.029012861332644947,1,0.0,0
3.515271468914694,3.7056665813783685,220.0,0.06826910920220444,9.912839161851629,1,0,6,1,25,13,4.20193413430035,4.197545844482326,0,0.0,1
3.876863297687726,2.800595936241459,0.05,0.16193468580296416,13.897291873312533,1,0,5,1,25,9,20.210526330596707,5.2913267076804535,0,0.0,1
2.1534864330875205,1.9549245814668763,190.0,0.2313468074303084,19.025441769765735,0,0,5,1,45,6,13.675299714062868,2.0205650559783495,0,0.0,1
3.532379413840819,3.036280755441457,190.0,0.08782434463233108,12.605238826335977,1,0,6,1,32,6,16.87934214784128,5.617801839469333,0,0.0,1
0.061000393749984824,0.2590167713825462,21.064226358838276,8.494169697170411,1.298936469020813,0,0,2,0,0,0,45.442830323496196,0.306510437798082,1,0.0,0
0.34969761571844227,0.052868812629605834,19.986270081649018,10.293415556737408,2.9680227066762606,0,0,1,0,1,1,335.6722468951065,0.3452884171417474,1,0.0,0
0.037447405177832745,0.20893057795783965,28.315486645767653,8.610906670315398,2.194628577917411,0,0,1,0,2,1,651.6367272856778,0.061222322440428516,1,0.0,0
0.10646675872534041,0.041272247105158096,14.183759723616253,9.397161758503694,0.7987871811067371,0,1,2,0,1,2,286.5492624877847,0.5953747851405348,1,0.0,0
0.08809330750910743,0.060173469762829,31.639022919643214,6.551665143655556,1.5690561995147725,0,0,1,0,2,2,256.61095573371153,0.09321026983159403,1,0.0,0
0.11916690881711069,0.08821431229500178,36.789248013609246,8.326907678638793,0.9007514424334853,0,0,2,0,0,2,563.0483645986743,0.12500731334768936,1,0.0,0
2.164452507861775,2.341303890741978,85.0,0.05358317970807325,17.77739926164812,1,0,5,1,32,9,24.075549461134322,4.087427642299457,0,1.0,1
0.055566631257037494,0.24513316860064144,16.688416210510635,8.149283651210318,3.305645561840047,0,0,1,0,4,0,64.13931427555002,0.6258420232586771,1,0.0,0
0.11460984919438483,0.13171373646843132,40.28093720197843,11.57653128182407,2.28135653753837,0,0,1,0,1,3,225.82024082137397,0.11602995332037076,1,0.0,0
1.694869449881867,5.543971404511945,220.0,0.050531026073226765,10.884301484212815,1,0,8,1,32,8,4.966625942797381,3.717575214673942,0,0.0,1
2.66864909553257,4.934493884574895,220.0,0.056746204018094354,12.74544315146747,1,0,7,0,25,10,8.788759482643627,1.5676350351301294,0,0.0,1
1.8791240342136555,3.8717574397871255,220.0,0.23720114696931188,13.243242045225083,1,1,12,1,32,11,6.159339833768044,4.105831783372437,0,0.0,1
2.83211404569021,3.0537555827537455,85.0,0.1742464953931127,10.64240293566718,1,1,6,0,25,7,3.379875579363304,4.9019585556297365,0,1.0,1
0.32385014318356603,0.2829743218725276,14.326343136663967,7.15556225489519,2.9174621535937204,0,0,1,0,3,0,30.0,0.058708299326724084,1,0.0,0
0.0007679371734994477,0.16474778484013164,24.01068482491655,9.686210798715479,2.1870201076939373,0,0,1,0,1,1,30.0,0.09996340602483911,1,0.0,0
3.2574256303971376,3.497747820431236,85.0,0.21772201459581544,19.71378202248177,1,0,12,1,45,12,7.402526695570657,3.2411370343953214,1,1.0,1
2.5058512506640858,5.367509046517494,85.0,0.2450698678105734,21.67583522899079,1,0,15,0,25,7,9.626089620913374,2.577449136249663,0,1.0,1
0.034468892819055845,0.0016490078508787876,20.26199483992827,6.701104047480651,0.6778270433599916,0,0,1,0,1,0,64.75251495283368,0.10816770166970605,1,0.0,0
0.37495651982375217,0.011121010700639594,26.10035495523032,12.195320005884899,1.4764462573725488,0,0,1,0,1,2,40.4293142022292,0.19421218596316403,1,0.0,0
0.05182543402179404,0.05433681394494627,33.355420033304796,9.006367391398598,1.5715782699999643,0,0,1,0,0,1,101.81402433536296,0.22145030488217393,1,0.0,0
0.08370562387898713,0.030854894144758817,12.31784896861707,12.940643716009763,2.695267500252237,0,0,1,0,1,1,35.75477504692972,0.31957826467282113,1,0.0,0
0.14826421480281932,0.024360068611065083,37.51748466589521,7.665530329523371,2.2925984457408304,0,0,1,0,1,1,278.2860544481213,0.004389387634468263,1,0.0,0
2.0723504367111425,0.8,85.0,0.06590169820534611,12.180296344262093,0,0,6,0,18,12,16.959633477190096,3.7960108159992467,0,0.0,1
0.19348508629329111,0.1620557814708981,18.94096885628198,6.239766735262103,1.0307208016556348,0,0,1,0,2,2,131.33906238525776,0.06572260443694536,1,0.0,0
0.24552072020938187,0.003217239704895471,12.933095892372407,9.52283051004376,0.0,0,0,1,0,2,2,137.91326406099904,0.19550692690428073,1,0.0,0
2.697992494420973,3.9703331113523705,220.0,0.17380464895102188,12.345680355127183,1,0,8,1,32,11,3.342679000098241,5.8106589179500485,0,1.0,1
1.9149882067518638,2.5315347521642524,220.0,0.20782177886979772,21.891946372923616,0,1,15,0,60,6,4.0940444481113465,4.2810307976281,0,0.0,1
0.023681737783457744,0.009809564267268492,28.146878594208864,11.006127453857825,1.4622234441954522,0,0,1,0,0,2,134.68523540073593,0.20647333876168955,1,0.0,0
0.024524268080341912,0.09286483971101309,30.991180953030643,9.425825558986226,0.8617378650419012,0,0,2,0,2,2,30.0,0.08304963656215675,1,0.0,0
0.030404130476357167,0.20541370654848304,8.354070953990856,6.013275478640219,1.6649621079816481,0,0,1,0,0,0,401.29372552300515,0.061069567406292095,0,0.0,0
2.9283149597634104,2.550054938902485,85.0,0.10259889910209363,13.2734483130288,1,1,7,1,18,12,23.481414441871987,4.0408150847910855,0,1.0,1
0.03124716269337011,0.07884126511323365,27.452421584965272,7.792418537715372,0.9862062590302769,0,0,1,0,2,0,343.80000456332493,0.3751758742317937,1,0.0,0
2.6653120164871256,1.9899996271659248,85.0,0.11949211515377836,9.51131996551672,0,1,5,1,45,12,4.386549238753851,2.5501692691321542,0,1.0,1
0.2518000448593193,0.21915644580570193,31.443172432545907,7.004429791268036,2.255699538048143,0,0,1,0,2,2,167.7757255554096,0.12045653470538692,0,0.0,0
0.04441859877952786,0.09708588463389557,29.012538490545488,6.2188430210228915,2.3638913621500537,0,0,2,0,1,1,984.1504403755887,0.29082382083765845,1,0.0,0
0.019704651187701816,0.08718119828567816,11.748682009266568,6.143307750386309,2.140362906720843,1,0,1,0,2,0,148.02367779457654,0.22240220310599593,1,0.0,0
0.11543218266611298,0.4608100511769676,29.35957818803795,10.263492801520025,1.7531766695234428,0,0,1,0,2,2,47.08963947766479,0.2020578158512267,1,0.0,0
0.052485104952131253,0.01075590152877955,18.398257804808054,10.782909156642543,1.1582659310058991,0,0,2,1,0,0,135.1791269954235,0.2680654459299549,1,0.0,0
0.05333536820136817,0.09043901971569655,18.213707712305933,4.04331512010044,0.800004419906357,0,0,1,0,1,0,321.28544191843406,0.009724199229543514,1,0.0,0
3.4643010934158323,4.439618432285924,0.0,0.1366964182925897,8.293869064386712,1,0,15,1,18,12,15.665675677951977,3.429072105252851,0,0.0,1
2.8510060632175955,3.130700993626675,0.0,0.17688029370222216,20.409417726316818,1,1,5,0,60,13,3.1366754182185934,4.1365040506372734,0,1.0,1
0.00076876183408982,0.0046040877558392495,36.44171701161265,6.520681424977463,2.1796660388715874,0,0,1,0,2,1,167.751779639274,0.2415023616033478,1,0.0,0
0.25080637330713446,0.02735221933582726,27.302479027293828,13.453858267446824,3.335051866794137,0,0,2,0,3,0,189.02262873607398,0.12710821874091568,1,0.0,0
1.5956522152809647,5.500893671182604,85.0,0.03639097345514311,14.190996760995942,1,0,5,1,25,8,17.393728906859447,5.036806034474571,0,1.0,1
0.06202144521356864,0.09767955747085666,23.56986962307085,11.630909319918224,0.6917808021036294,0,0,1,1,2,3,202.10640588961672,0.03499984398528561,1,0.0,0
2.6303861916095013,4.1453087366727885,190.0,0.23475045395180985,10.20670117840728,1,1,8,1,45,13,1.921712909830008,3.9162452816843665,0,0.0,1
0.23230004926029227,0.02678323162790993,27.58366662067195,7.443098004199219,2.6873732422375043,0,0,1,0,3,1,354.6701958584986,0.10842822775363266,1,0.0,0
0.07370712664105626,0.08512321320969937,32.457368191631765,8.0130378607342,2.7985681267484326,0,0,1,0,0,1,104.66758786479265,0.6331516156942691,1,0.0,0
0.2777079323379177,0.3497247514291192,15.792508203268747,8.908307743992054,0.80055374204464,0,0,1,0,0,3,322.1813373763463,0.17709114886993832,1,0.0,0
0.04426155117467797,0.07926420158801252,27.505223600604193,11.134702609304023,2.5741642083638516,0,0,2,0,3,2,105.7847077186193,0.4051612880195501,1,0.0,0
0.06624397503659685,0.019217363644746605,29.001328812165347,10.318574793387388,2.5251129428858157,0,0,1,0,1,1,288.2381932080027,0.32265958114020876,1,0.0,0
2.4278595066126756,0.9076324280832715,190.0,0.218803390132903,12.317387815242594,1,1,5,1,60,6,19.72825298624648,2.4936945700128037,0,0.0,1
3.733245475371153,1.4444357508468302,220.0,0.23915878313628827,14.224450855517121,1,1,12,1,60,9,22.91654389122791,5.315922391730376,0,0.0,1
0.14715842693400913,0.045757827954416255,28.642883129865375,12.620683087673664,0.0,0,0,1,0,4,0,194.6118242738124,0.0660079561823562,1,0.0,0
3.25550304936046,1.5411915785830284,0.05,0.06158216427991661,11.301684003877881,1,1,12,0,18,12,7.410859657963668,5.0543703071875505,1,1.0,1
0.1122399624779532,0.028851783379006152,30.257870164409326,7.061055231324126,0.8463406485734313,0,0,1,0,2,0,52.20963407998972,0.007272978298065728,1,0.0,0
0.3531388484396653,0.0190028556523832,27.02953779212182,10.107972991781004,1.8377514600415046,0,0,1,0,2,3,30.0,0.348455220323722,1,0.0,0
0.3247354038481964,0.050967447963272544,21.86849771459657,8.302254748681035,2.984362469582028,0,0,1,0,0,0,367.2034301361138,0.4183876298340729,1,0.0,0
0.057322841373587986,0.020059629245675118,22.269043964018323,9.023250527161542,0.625826547628457,0,0,1,0,3,0,152.3576896057355,0.6233212926235534,1,0.0,0
0.05212433080718436,0.027855703166909516,34.35269592599002,6.612796568161338,2.8978052814453257,0,0,1,0,1,2,289.11394448551437,0.0924663358326569,1,0.0,0
0.04503646648788507,0.05561953065744175,20.928274116760257,7.161267521762493,1.5022548577188282,0,0,1,0,5,0,80.89098114338556,0.05382766979151711,1,0.0,0
0.020053546175220822,0.23025924157125727,34.03663606478203,12.303826297325003,2.181271159514055,0,0,1,0,2,2,102.30351365328869,0.9,1,0.0,0
0.0038320417551664585,0.04769303791001108,25.768823153963076,8.523472739443871,2.3218351900227705,0,0,1,0,2,0,93.89909627311485,0.18530308473994442,1,0.0,0
0.06143999092535055,0.0111139591859988,27.1933927648784,8.403008276902348,1.88058233010784,0,0,1,0,1,1,49.39631302667159,0.28866775363317804,1,0.0,0
3.1072104050305365,2.9309357273511445,85.0,0.14826693054303705,8.541410543100318,1,0,6,1,60,12,18.318918635795022,4.693420956607087,0,0.0,1
2.8376615745336955,3.335401543250171,85.0,0.03233266768944157,14.593158769240123,1,1,6,1,18,14,16.919784381827764,3.4220031536105977,0,0.0,1
0.1091861283269972,0.07429757482401794,27.355690128437182,5.827195153283473,2.806774035712389,0,0,1,0,2,0,109.24815820413947,0.05381018745778398,0,0.0,0
0.05184526547757799,0.007008086703867797,24.503608263563557,6.828120447666983,1.6193093108975891,0,0,1,0,2,1,445.49224200372197,0.11813161025171968,1,0.0,0
0.03953441134936945,0.006496272237063918,24.139201440471055,4.137649524668645,1.9826158904573445,0,0,1,0,3,2,47.72793316017374,0.18901532127560566,1,0.0,0
0.2535531552169024,0.023896940863346455,31.784956269342366,8.359079319068009,1.2755602398967243,0,0,1,0,0,0,315.28076199313756,0.4663296948345583,1,0.0,0
0.06367556061082129,0.022691529540676943,18.757814282753415,7.49648447766056,0.0,0,0,1,0,1,1,30.0,0.06676658898051616,1,0.0,0
0.0724601580352346,0.05838744077176972,16.933189655330153,9.181729198496443,2.33952994826366,0,0,2,0,1,1,31.315950252474313,0.18801618138055354,1,0.0,0
0.0531452914328021,0.198769913766899,39.30454329205461,11.718686751219753,0.0,0,0,1,0,0,2,195.94380012787173,0.18100810474806783,1,0.0,0
0.10497224744932399,0.037705475491855524,30.44570008118548,7.563750932407619,3.0826249210022105,0,0,1,0,4,2,35.60611346639074,0.49004128814820513,1,0.0,0
0.0483378803487502,0.004445044578665179,17.274066236884014,7.607091043489904,2.9824388307289076,0,0,1,0,1,1,100.02298818906708,0.41961738738821286,1,0.0,0
0.009612513426021164,0.2711596043375673,33.21643536856835,7.814564446243711,3.368189023748578,0,0,1,0,1,2,198.068444967563,0.007159163127374898,1,0.0,0
0.042212708292556224,0.1852205698446283,20.19475737947041,7.16313393870246,2.0925606171714346,0,0,1,0,4,2,449.0129664967093,0.10516542748593212,1,0.0,0
0.1215700059596184,0.023004083457520447,29.120318958519903,8.839653345167374,2.939363064071572,0,0,1,0,2,2,393.6366470978954,0.1457708374897888,1,0.0,0
2.6610998817292137,2.5201279613317644,0.0,0.14135516393730435,16.45512728325831,0,0,15,1,18,11,22.14625646575984,2.7665208915047654,0,1.0,1
0.07269931573043141,0.026330904094314815,25.636316603694553,9.741866791227983,3.519378182951953,0,0,2,0,3,2,30.0,0.03506408717653372,1,0.0,0
0.012826454646523636,0.009257962549522407,26.71883361724011,9.87669407407604,3.327554650709236,0,0,1,0,2,1,30.0,0.09212429745093564,1,0.0,0
2.3587859025659967,1.6862805376398367,0.0,0.013871410268918083,10.884422838699777,1,0,7,0,45,14,16.905112711582742,3.5297146901341536,0,1.0,1
0.04387785997043823,0.04924050288411421,40.030963125726196,7.099764816369174,1.9403901546114657,0,0,1,0,3,0,194.10253384526553,0.1977666886415459,1,0.0,0
0.42548120853156457,0.2163803165774297,28.932381279609505,10.881457297959692,1.4950217649927011,0,0,1,0,2,3,143.73417271704753,0.3021000015435571,1,0.0,0
1.8989034691619817,4.901232877477178,0.05,0.008063488564414079,18.540678173746173,0,1,12,1,45,7,4.597204699547533,3.474752858901622,0,1.0,1
0.09361053068157554,0.08952636057801044,28.350930853040484,7.886623568959,1.761382971489395,0,0,1,0,0,0,183.59756558931448,0.13835276882322908,0,0.0,0
0.1393936373591986,0.04644758524321818,19.374048370305296,7.461948562163703,3.725518556754471,0,0,1,0,3,0,158.64431501613262,0.17192057428781754,1,0.0,0
0.10974570509527691,0.13018443799928417,26.682422573165876,3.657240496245443,3.2539317971754804,0,1,2,0,1,4,30.0,0.5747731301965405,1,0.0,0
0.21776871128314804,0.011172302426345308,29.21746122652371,7.808692686788662,1.293670293303708,0,0,2,0,0,1,30.0,0.09656849253656631,0,0.0,0
4.536356831586193,2.5767003518713167,220.0,0.09635670903578747,16.04420678883246,1,0,12,1,45,12,5.039802420751787,4.2299429050034965,0,1.0,1
4.992727215871444,5.937351463182086,85.0,0.16079002145250226,16.86121509252777,1,0,5,0,25,7,8.679610748408908,3.483791820308983,0,1.0,1
0.07030470287063327,3.212997325838797e-05,25.285605265598065,12.684197143235817,2.2653280549998995,0,0,1,0,1,1,30.0,0.30887724846762776,1,0.0,0
2.05621422821398,2.034978132265119,0.0,0.15311795582122623,19.755983384244967,0,0,12,1,18,10,5.556586589287425,3.149959207976183,0,0.0,1
2.6650255153864544,2.6641616130717747,0.0,0.013488782391906678,13.561770281023911,1,1,7,1,45,8,20.60648036178955,3.8430828886999078,0,0.0,1
0.031468203366235514,0.018350963394994077,25.86477187009715,7.904209310512939,1.671890711639759,0,0,1,0,5,1,341.4444115691178,0.17130447155242873,1,0.0,0
0.3738811623303935,0.009651112264071823,37.2564707302091,6.670692529348541,2.1707989039338025,0,0,2,0,1,2,64.2320952507045,0.15508545804497917,1,0.0,0
3.2604821613586794,3.1675576442899516,220.0,0.1756146562429463,8.313508504834118,1,1,12,0,45,12,13.647319589533563,4.8032108518122065,0,1.0,1
0.016667177381630604,0.03131261654856934,17.54187539038467,8.860642498354599,3.312509343954435,1,0,1,0,0,1,117.24893718816902,0.03600166077048314,1,0.0,0
0.08015961925085749,0.04640273447876301,27.564666337790758,7.257730402407518,3.450709924134423,0,0,2,0,1,1,30.87167357801702,0.05379544185242451,1,0.0,0
0.014421444546214102,0.04305039418383304,19.88060510990095,9.758170818028,2.7731318638032247,0,0,1,0,2,2,130.91430167094225,0.4161947010550917,1,0.0,0
0.10709358054840387,0.01713863045588225,28.799975870605245,10.923279251298334,3.021725268760073,0,0,1,0,0,0,230.5129922223033,0.07261845587254832,1,0.0,0
0.06032918646976409,0.06592533824221784,22.3476333989065,12.102090393078669,1.567305539391727,0,0,2,0,1,3,54.75545011553565,0.5685536140213412,1,0.0,0
2.100908048034926,2.4778108476238607,220.0,0.20881509411144214,9.144585507100734,1,1,15,0,25,6,13.795992188826839,4.205343808463294,0,1.0,1
2.0786463969796634,1.3211973033635502,85.0,0.04006182035220643,8.073482415552057,0,1,7,1,32,12,22.530414750234854,1.8434690440453005,1,1.0,1
0.8,4.04718670788098,0.0,0.16810986068073078,11.73918092469647,1,0,15,1,60,14,13.201907856994653,5.455421461151934,0,1.0,1
0.10236012905090988,0.0690342257945638,30.592813413021894,9.681376089688381,1.025164423471403,0,0,1,0,0,1,830.6686756168828,0.32239418874478587,1,0.0,0
0.01388489133837174,0.23406464255598358,33.315393016618444,9.432911945938825,0.8658055768847306,0,0,1,0,0,3,320.7024783228657,0.1122922775566651,1,0.0,0
0.04132909832968935,0.22230396698494287,14.959392547075145,5.478150876366012,2.074512385096334,0,0,1,0,1,2,45.97014105311161,0.22590564657718126,1,0.0,0
2.500819737254296,2.523879965757004,190.0,0.2344229416037137,18.5007935374783,1,0,7,1,25,13,24.093378711939096,2.8552706139549535,0,1.0,1
0.02791373148996957,0.07415973007682668,35.58907756353338,5.613769421644378,1.3241216356476886,0,0,1,0,3,0,54.80612387923874,0.047102769705995765,1,0.0,0
1.7460036804207024,1.475659508549843,0.0,0.10257925337784796,16.8389328454477,0,0,12,1,32,6,9.196129612760991,2.369669259085148,0,0.0,1
0.12149314704051253,0.22338322903312047,12.819115873297914,7.567783600911641,1.868879536750328,0,0,1,1,3,1,266.174654898626,5.4122410223652175e-05,1,0.0,0
0.020380987963752196,0.04845058066916783,23.368502281700504,7.646039256986475,2.6506108961061354,0,0,1,0,1,1,202.06920491003572,0.09218652650205834,1,0.0,0
0.12107925534408188,0.0958172401931835,33.78142031898736,10.935096043901432,1.407256270588052,0,0,1,0,2,0,247.9686742755055,0.010094224316027774,1,0.0,0
0.2067049746397735,0.10844600822730521,29.571765556835132,6.419065384220868,2.2201098237936634,0,0,1,0,3,1,309.21175465147377,0.19703519674190684,1,0.0,0
3.453900429835203,4.606598610043916,220.0,0.09946211806942415,15.293999887355463,1,0,12,1,60,9,12.80834697772772,1.80364021894847,0,1.0,1
0.009516256172406097,0.05607641418949472,31.45787327525646,7.5357514313570615,3.901384665586316,0,0,1,0,0,0,409.2166148681327,0.1396881676045851,1,0.0,0
0.1610609650374395,0.10507414473002777,24.778892460003025,6.2023197607682725,1.7411991363910833,0,0,1,1,1,2,262.0598770084213,0.023421988506963844,1,0.0,0
0.019947024133028023,0.06535758850471346,24.44076250793585,8.887310633262985,1.9259434633559263,0,0,1,0,1,0,37.496987319887275,0.11949719002824406,1,0.0,0
0.06591246952646707,0.009661575595313924,25.970586592261906,10.151904417851892,3.702147323502177,0,0,1,0,3,3,97.42279821759661,0.15827207752360245,1,0.0,0
0.029252497200566507,0.04943866355794588,23.250392881832006,12.0795815406168,0.9037044103137488,0,0,1,0,1,1,30.0,0.7987044883946919,1,0.0,0
0.001195216001673306,0.02224124742686313,35.4127962126143,9.066539900293197,2.981149519400785,0,0,1,0,2,0,282.7291526193786,0.41393400462084196,1,0.0,0
0.02002449461527654,0.00024203547184467502,29.351933012524146,6.6236402975575155,1.8719488212703221,0,0,1,0,1,0,301.30182757329095,0.24580496095334575,1,0.0,0
0.08048252099060162,0.007581696052041182,19.065637436359196,7.025476647216078,1.3488237061082247,0,0,2,0,4,1,67.6215393041109,0.028402370180387788,1,0.0,0
0.8489399163142355,4.970086163801633,0.05,0.0338617899906328,13.427940594102468,1,0,8,1,45,7,16.709501972825922,3.2892521894791193,0,0.0,1
0.02920636343736499,0.06667671328112589,28.039621193670087,8.270422356730899,1.30248342936388,0,0,1,0,1,4,58.350031797492136,0.578914349498763,1,0.0,0
0.11042195941946925,0.08195598107166546,18.130599321371154,6.793563763716241,2.9481500118021104,0,0,1,0,1,0,63.31988270214799,0.030609749984350926,1,0.0,0
3.262644611746581,2.1198708527827974,0.05,0.19781546102943665,10.417158705527356,0,0,8,1,18,13,5.067965532677465,3.0539648765242973,0,1.0,1
4.083887213227612,4.937355309534659,220.0,0.10441651592044127,7.013177303260048,0,0,7,1,32,14,8.67320171086652,3.745672646513424,0,1.0,1
0.015392867876400741,0.3131698826155364,26.861130714687288,8.70809296207817,2.25242875721578,0,0,2,0,0,1,236.18825690324394,0.5189590005873518,1,0.0,0
3.2646094642033034,0.8,0.0,0.22628814058164862,19.528326831242676,1,0,15,1,45,11,7.126902122956232,5.32397196462964,0,0.0,1
0.5237130561864201,0.009679986159639293,22.15052617274958,8.827742803472912,4.847009588957641,0,0,1,0,2,2,255.40937316532637,0.05152305118068767,1,0.0,0
0.07222533281908072,0.061222936883948934,24.36754051255524,9.2527771237784,0.3537586508937489,0,0,1,0,5,1,103.54637745727666,0.040275482403569804,1,0.0,0
0.5028371446418851,0.15930944258772164,27.9662378862082,7.976424652751808,1.6698319374931692,0,0,2,0,0,2,414.2084475630446,0.26842054718905056,1,0.0,0
0.10479426024538203,0.057317463819177544,34.8872928381989,8.424214336410621,1.86829974614009,0,0,1,0,1,1,30.0,0.2376687604238042,1,0.0,0
0.14699997037560059,0.0024659217594879524,27.041464443651137,6.938390096842014,4.171993209494291,0,0,1,0,1,1,30.0,0.20192288845121975,0,0.0,0
0.16514747284678108,0.0335320815484034,27.483154251802187,9.750221092497895,2.06307767542924,0,0,1,0,3,2,51.887513388541514,0.02322577516951617,1,0.0,0
0.22100038140411699,0.09613481281317242,38.47179350526796,7.522400403298137,2.5604146322087056,0,0,2,0,4,2,104.70862292802867,0.24680761998479783,1,0.0,0
0.023438423714873504,0.25316362234292894,27.38752129404574,4.178174794466556,3.5535948104498276,0,0,2,0,0,1,463.1023198945553,0.0021131655445798896,1,0.0,0
0.002727070737304814,0.10114352285734385,16.43661163631758,11.113234138590094,1.039386823587174,0,0,1,0,1,0,70.32757980047148,0.06496523912571953,1,0.0,0
3.641527953874376,2.4358369420179797,85.0,0.062176069910931914,10.828558408849617,1,0,12,0,60,8,18.32175308778474,1.7390803485249235,0,1.0,1
0.08863843059348187,0.011549679136536347,32.98752359180211,5.535046969272715,1.6367508177471697,0,0,1,0,1,1,156.86385772011482,0.05257307650179678,1,0.0,0
0.3357590211351195,0.06137605032227857,19.430730259812407,12.061277198955416,1.3200333050679747,0,0,2,0,1,1,30.0,0.5789161924406442,1,0.0,0
0.1150986548157094,0.0052515121945555625,19.105377124180773,10.744283467839049,2.9910594242225637,0,0,1,0,1,0,349.26863142916596,0.1435150657087237,1,0.0,0
0.004768440793466137,0.02931427792595483,22.80453073347133,8.626387207700454,0.0,0,0,1,0,0,0,30.0,0.05323849450127843,1,0.0,0
0.03610076364121404,0.14484590222511837,36.43096265469889,9.039207388126488,1.5766225097642634,0,0,2,0,1,3,36.973207009682284,0.791450390553083,1,0.0,0
0.08029285316339868,0.07205421674362779,31.80368908012835,5.5659320971225625,2.336153170114025,0,0,1,0,2,0,126.34581550562267,0.2627799899313646,1,0.0,0
0.16558230634749133,0.35559469170659314,29.029952817639817,8.578618397486931,1.980068438342755,0,0,1,0,1,1,31.0397318696555,0.32366473694064984,1,0.0,0
0.3495836312879395,0.05290039837372158,19.274543092285768,6.990791235213454,1.4190229859253543,0,0,1,0,0,0,52.60368203958565,0.013191293836929796,1,0.0,0
0.0277443033005443,0.2695987641124931,29.046480698027217,12.064048225402946,2.5664654841095342,0,0,1,0,1,0,76.13361166901831,0.04644977774632442,1,0.0,0
0.06684634851716684,0.011684059853873663,18.08635680776927,8.913632723582808,1.9433384575867616,0,0,1,0,3,0,30.0,0.06974505662779956,1,0.0,0
0.002658839038736327,0.010834048930896482,21.641702700284768,11.32968027291852,1.0923422917585355,0,0,2,0,1,1,250.0592609527439,0.05305390895016335,1,0.0,0
0.214371545202561,0.06131728332059166,24.51537231055702,11.982767310573411,1.768624042509961,0,0,1,0,1,1,128.34230943841305,0.23456613112453098,1,0.0,0
0.2519189773549708,0.3617054436615773,20.856797505691034,9.401540834372533,0.8326030199323879,0,0,1,0,1,0,124.57939014145637,0.33204023524235443,1,0.0,0
0.2004721755902193,0.00908585342841391,39.734478533289696,10.94469051293595,1.4956491460597428,0,0,1,0,5,0,195.41495667612233,0.36421720747509595,1,0.0,0
0.21927143255869777,0.04213579845111769,27.877168648753816,5.873455425495504,3.242696479273368,0,0,1,0,2,3,213.57630064102887,0.1543864758292546,1,0.0,0
0.11316137513124597,0.013725821180200182,16.62337453504474,8.538518618062424,2.521028689331404,0,0,1,0,2,0,36.364101927409756,0.12824671557268727,0,0.0,0
0.028506832274835584,0.031649763698308,21.213057696502965,7.212255977783295,1.4099433264719425,0,0,2,0,2,2,134.825244924102,0.128534546941221,1,0.0,0
0.013965602795646933,0.004517576961108237,23.41837714367792,7.729198047006084,3.5522829093767143,0,0,1,0,0,3,86.85104734379705,0.7913508222167243,1,0.0,0
0.028060642060731823,0.032277452521633096,19.094916506305275,7.054806437197045,1.3782343124111676,0,0,1,0,0,0,30.0,0.4018607147883871,1,0.0,0
0.07023006659484399,0.09079239982692121,30.96380072743299,8.408714293332409,3.614729303006885,0,0,1,1,3,1,32.25856398925773,0.14626916241211213,1,0.0,0
0.049735604675359285,0.022858530749028504,34.24661157993522,5.730806750545302,1.5515095691335687,0,0,1,0,4,0,215.6229673351628,0.11947584747966838,1,0.0,0
0.007470003758281809,0.0023789795646358817,23.10585907569743,11.365976553419156,2.712804804954862,0,0,1,0,1,1,328.6443843171545,0.22420231370700572,1,0.0,0
4.343307993451532,4.362269652572116,0.0,0.0017210579368672763,7.867059507875682,1,0,12,1,25,9,16.549585860823647,2.725491224644778,0,0.0,1
0.2418817178244867,0.0045537716646996676,32.53899009563586,9.974141341235343,1.5692695350339823,0,0,1,0,0,1,236.30034526155615,0.2814916619733741,0,0.0,0
1.8713573828616479,2.7656028904958276,220.0,0.10959881733311866,9.836191742901832,1,1,8,1,18,8,10.196500470325457,4.130081981788359,0,1.0,1
3.5100624352924656,1.1805468977676807,85.0,0.10597655851954876,19.65331746151515,1,1,5,1,32,10,3.9615676477616946,4.329941129135793,0,1.0,1
2.251333041061707,3.9220408232411472,190.0,0.07084668145848666,8.55211937577791,1,0,12,1,25,8,17.273886148016146,3.2686566272346758,0,0.0,1
0.049654877208603704,0.08159586507982773,28.14902142003753,10.96545668413657,1.4883061280882879,0,0,1,0,1,0,191.94859369864307,0.6817196369190478,1,0.0,0
0.06282558482984002,0.08839133811872983,12.911878366315062,7.0683481722504995,2.7207272382960683,0,0,2,0,1,2,142.53188840268578,0.5271194437475294,1,0.0,0
0.12275693543658535,0.014771448610382334,17.784587252172415,8.128902930814293,2.029621141956916,0,0,1,0,0,1,264.3745964347508,0.03199288230912458,1,0.0,0
0.04352294113610042,0.0401724410126292,21.5189744643441,10.274617924919493,2.6623463197532864,1,0,1,0,2,1,78.8105793240487,0.0006850224625760579,1,0.0,0
0.1641859978570091,0.03476857717655007,26.052921262758932,10.022384745403016,2.7261275213503735,0,0,1,0,2,1,194.5608246087659,0.572869138345097,1,0.0,0
0.014940717306294104,0.1006981717034738,25.125548832735042,9.37009674328089,2.2402306257704474,0,0,1,0,0,1,77.75166715233021,0.18740742950067096,1,0.0,0
0.08459059366074348,0.077407002833515,16.026640423949573,10.251312726456472,0.5640450219719839,0,0,1,0,2,1,32.459846778591626,0.18850284214894097,1,0.0,0
3.4875216458189713,3.87093292271887,220.0,0.18187689419368444,17.829084316346826,1,1,15,1,18,6,14.857404820471093,4.422348827686802,0,1.0,1
0.45040259668161775,0.00417540905722895,29.73786558193065,9.324561196287,2.143423187534584,0,0,2,0,1,1,30.0,0.035147982959097095,1,0.0,0
3.0957259970317366,4.274579522963988,0.0,0.05634193700789614,9.990764537199121,1,1,15,0,45,8,15.921421844956935,4.629037732739911,0,0.0,1
0.1618687924257713,0.12448716808007744,15.38336217599855,8.33571390885427,1.4288299835628058,0,0,1,0,2,0,385.28768549342055,0.18020318749320965,1,0.0,0
0.03398841461484563,0.03900251704672715,32.84084359212186,9.876570216976464,2.357004425299562,0,0,1,0,0,0,52.37995055413204,0.5852753480833028,1,0.0,0
0.21033282616516608,0.04931009653330837,22.271752703285525,6.885239887431776,0.6952062263791583,0,0,1,0,2,0,47.539222529695365,0.18737822771166987,1,0.0,0
0.10426828605423263,0.0741688080224263,36.34684858269639,8.314801209463214,3.6424192459283224,1,0,2,0,1,2,61.703816826021175,0.9,1,0.0,0
0.021931486710815826,0.01845255491768072,21.700995281269705,10.715646564833602,2.541050984061663,0,0,2,0,1,2,30.0,0.1964326238039202,1,0.0,0
0.11726789655607006,0.014883092359871692,28.041612532323324,8.804031555675559,2.7386080660934153,0,0,1,0,3,1,356.91148548297673,0.18222584291825322,1,0.0,0
3.143112484851427,2.8593774961575424,0.0,0.018101550643744746,15.821729832908597,0,0,8,0,45,14,17.040851131123624,3.8216620432910404,0,1.0,1
2.8169353516515123,1.9838315947615097,190.0,0.07591105387811414,19.01440409688663,1,1,15,1,25,7,5.363350793517485,3.7870643342220105,0,1.0,1
0.6167396009648766,0.017818464724385964,38.935068969914724,10.398514603705818,2.560529284870513,0,0,1,0,0,0,40.993631644081105,0.13525389985674605,1,0.0,0
0.20209082745345644,0.1327214594932561,20.938488265614986,10.726001398277361,1.4206594304241844,0,0,2,0,3,3,307.37348055766444,0.06100283254289506,1,0.0,0
0.0044681210229206595,0.012427218801785702,22.518779975496315,11.865776777895663,3.1093715694592854,0,0,1,0,0,1,46.84711226718335,0.06257103578145118,1,0.0,0
0.05035941528028011,0.04152351941485862,28.288376049674223,7.952786886931662,1.7857126926366675,0,0,1,0,1,0,41.05479783670978,0.5932273785926562,1,0.0,0
0.3472118864856327,0.005257126184215474,30.264671816228272,10.614086838330731,1.6745456710949937,0,0,1,0,0,1,237.04315339743823,0.28154580328968964,1,0.0,0
0.16271148194513887,0.016479814412181156,27.538306587581,9.907591767501637,1.222094275825435,0,0,1,0,2,0,30.0,0.500529164396905,1,0.0,0
0.03074650451673463,0.0006711840262733058,28.54096992402881,6.7419674620990975,2.735468509281689,0,0,1,0,2,1,239.95487571050708,0.11014033673635722,1,0.0,0
2.541509479449391,4.324760258718458,220.0,0.1302292105191503,15.779294992844171,1,1,15,1,32,8,2.926546440556325,3.433402642107747,0,0.0,1
0.017625389097682503,0.08235721356254157,35.023922848062114,6.801953135835929,2.695164583151066,0,0,1,0,1,2,76.83122023243378,0.05127547504249951,1,0.0,0
0.02990954663767356,0.05136185250201391,24.9060656430647,5.099758262343476,2.569301667889382,0,0,1,0,0,2,292.61980241587935,0.003097201754894526,1,0.0,0
1.9745456312143141,3.5287392513685885,220.0,0.209137266636961,17.940296355497928,0,1,7,1,25,12,11.069907524830999,2.4183514368901458,0,0.0,1
0.0333135100283527,0.07205004981421309,26.950991310964035,10.964567659021663,2.476265017256556,0,0,1,0,2,0,133.51714086615087,0.5582246539306559,1,0.0,0
1.3961787660518788e-06,0.025080452236048406,28.030615297448026,9.784242007753168,3.577327297050473,0,0,2,0,4,1,122.63944747500996,0.09748010878975558,1,0.0,0
0.19721740424752449,0.15357460809515247,23.39554972268072,6.229367437522454,3.3422535263036104,0,0,2,0,0,2,43.61639488950634,0.27760859990364223,1,0.0,0
0.09051352922327352,0.2226837847369503,29.082477957145393,6.894556567550167,2.013652912075057,0,0,2,0,0,3,151.2437256032197,0.15155667529432382,0,0.0,0
0.09387535028245511,0.004118231256686898,30.425514198222952,10.858848936280856,2.267210655145056,0,0,1,0,1,1,135.42043050534775,0.178417198682702,1,0.0,0
0.05047920258872778,0.030062882580660717,23.798893467916596,7.263206294078695,5.611350062815669,0,0,1,0,4,0,199.5128997360074,0.3256583231982536,1,0.0,0
3.1735770866801287,2.7024914018744752,190.0,0.21496613503784798,9.944342588985428,1,0,7,0,60,14,24.32507567423959,3.3137878137073966,0,0.0,1
0.10725340855135002,0.11724817993586335,23.46250697982552,7.402389954445663,1.8246203156790195,0,0,1,0,1,1,150.32253354302102,0.0004931924956051598,1,0.0,0
0.10009478953139934,0.04110556413234497,27.98749521323305,6.834785560522303,2.471811739506145,1,0,1,0,2,2,339.74570059598176,0.025170949331171005,1,0.0,0
0.08574175984961331,0.03895185906867087,26.14351210557368,9.192068821821604,1.431906448408974,0,0,1,0,0,0,70.84047151412427,0.11021257025621377,1,0.0,0
2.5170858508222667,3.369917327149434,85.0,0.16071240991648197,12.78866222355904,0,1,15,1,25,7,4.081627701845006,2.669668164929388,0,0.0,1
0.008992484620115194,0.049400467654665325,20.131466839994346,10.488004079012557,4.839622914807913,0,0,1,0,1,3,30.0,0.0887586110683582,1,0.0,0
0.16331913916279103,0.028700590159928586,25.45454085025039,8.75184764097091,1.880840730048766,0,0,1,0,1,4,150.42661333076285,0.03948246043736253,1,0.0,0
0.09599717538215957,0.16346448547342837,26.94862601954257,9.177188866231726,1.7411863295070784,0,0,1,0,1,1,149.40817662951483,0.2571650219088374,1,0.0,0
0.4767264249450466,0.021282041855361117,29.648510538321073,10.847801863148415,2.4963662436349656,0,0,1,0,2,2,30.0,0.6217696136340575,1,0.0,0
0.03574521878669708,0.019390576704797904,32.687719998258956,8.55769778958637,1.9047988844589374,0,0,1,0,2,1,35.19429395657013,0.03253175995559291,1,0.0,0
2.525028139875499,2.403625626810787,220.0,0.18800014349195904,20.51575560233505,0,0,5,1,18,7,4.509163140394206,3.249022018917579,0,0.0,1
2.0952656226364703,2.4554531923818197,0.05,0.2284994045377454,11.832326127492438,1,1,8,1,60,14,20.594174323658706,3.1625374476527712,0,0.0,1
0.0954837415366718,0.23603957135667103,19.256225611610017,11.041691242151096,2.1210338785027423,0,0,1,0,1,3,93.61182116086192,0.4140633015108803,1,0.0,0
0.0013311072025840635,0.15834964147816288,26.445916518360395,7.459581973091838,2.3496305416696277,0,0,1,0,0,0,84.1289582101298,0.12236077061530111,1,0.0,0
0.1262798448492317,0.11554628671032635,18.861390664137843,7.935375916150141,0.8021462546740892,0,0,1,0,1,1,69.47130465024951,0.01568346976305113,1,0.0,0
0.04808524264264885,0.001617173622046419,25.34717534120765,6.909649975172332,2.563453521601239,0,0,1,0,1,2,30.0,0.12349645151577265,1,0.0,0
1.8461219862590186,2.8992114010442522,190.0,0.15654944825610878,15.453902716656675,0,0,7,0,18,14,6.46581226507492,3.1633671215057433,0,1.0,1
0.2027876132983351,0.007141742469221497,22.425740504916945,8.96308213762761,3.4901435958834766,0,0,1,0,2,1,34.17467165103081,0.03440390873366461,1,0.0,0
0.07109972680607245,0.06242903302763657,37.19386268585714,10.862443268441202,3.060559878091819,0,0,1,0,1,2,30.0,0.13520028204163168,1,0.0,0
0.12545336867526907,0.1366249382305504,20.6030069102689,9.845225782179686,1.647344513135925,0,0,2,0,2,2,345.8611525480595,0.08422372960993023,1,0.0,0
0.03863774867537203,0.26200587848391427,35.30673970779367,6.583101237490385,0.14834303631994383,0,0,2,0,0,1,206.45236906262153,0.0005304021639098047,1,0.0,0
0.08461614700917812,0.04373265473725125,25.975634059987588,6.779995049755396,2.5661209469499076,0,0,1,0,0,1,30.0,0.06220120116513979,1,0.0,0
0.08546055029215642,0.032921762546255284,27.294738111394608,7.620635982163101,0.4025457816708775,0,0,1,0,0,3,184.51500539044386,0.27978130690000064,0,0.0,0
3.7961609964359546,4.191319980712628,85.0,0.1552800494521331,14.929867996993623,0,1,15,0,32,6,6.735036542745647,1.5728479891252818,0,1.0,1
3.9246337221208387,1.9631603889981035,0.05,0.03371393320381236,14.632381830298987,1,0,5,0,60,8,9.246377433726195,1.5,0,0.0,1
0.10135651108958163,0.13050210188212277,23.47238985629191,7.711683806947852,0.1630168387748545,0,0,1,0,2,1,136.173346394789,0.009187802671264176,1,0.0,0
0.3142791502848645,0.08178787812145405,34.29504888508111,9.120307652203014,3.012245907652905,0,0,1,0,0,0,61.42896062081147,0.487048778282821,1,0.0,0
2.8562126914687878,4.0008019528564,220.0,0.12152709049648738,12.086379858804518,1,0,12,0,18,7,7.9502615359058915,5.599635657546639,0,0.0,1
2.812154195323741,1.6006131403561068,0.05,0.04897777068426451,14.783253709464505,0,1,6,1,60,13,10.927679737803569,5.204797663494803,0,0.0,1
0.031356697498066854,0.19383735480472009,40.094880062540895,9.948856352470825,0.25843034974887513,0,0,2,0,1,2,30.0,0.28211346102725576,1,0.0,0
0.2878588329789328,0.017500520319816346,23.896248103748622,10.820496263659237,1.124790799221254,0,0,1,0,4,0,220.12757626621405,0.008783721360728166,1,0.0,0
0.1375568249227723,0.009678124611916115,20.34949025760892,7.473023272451893,2.9182428214350016,0,0,1,0,2,1,30.0,0.5630169213297693,1,0.0,0
0.49383576931883433,0.020985538620048313,33.18942298811112,11.097082659538167,1.7308891974696992,0,0,1,0,4,1,30.0,0.0005061031792708442,1,0.0,0
0.0014677523290765498,0.023804097913142835,28.356209992935167,8.09340351084639,2.0689310523084727,0,0,1,0,0,2,661.0776687389471,0.19286162919091024,1,0.0,0
3.2605821433892586,4.994800555372353,0.05,0.14469046777540054,17.342209388662,1,0,8,1,60,11,14.454082632110042,3.6732943909428464,0,1.0,1
0.10785856112220941,0.17646309533554635,23.850661613524288,9.050497375136729,2.156325143955444,0,0,1,0,3,3,45.884140695453986,0.273680568963616,1,0.0,0
0.0909335534306718,0.14260113123245052,36.53637199215328,8.305665787254993,3.3386779742330543,0,0,1,0,0,3,76.9890740291094,0.3090074949544931,1,0.0,0
0.1048781421336171,0.021102621449276424,25.923426636279398,9.964696159301049,1.6426123353367679,0,0,1,0,1,0,109.78541497045613,0.3862623613806191,1,0.0,0
0.19810644965814833,0.09654901066736776,25.609034721430323,12.352690811442269,1.465249195409085,0,0,1,0,2,3,97.655101067924,0.07700069582592414,1,0.0,0
3.1432008710445514,2.822489239260806,85.0,0.0962727314552016,9.64253912921026,0,0,6,1,32,7,14.501970535766683,4.524085083466362,0,1.0,1
0.10806803742881353,0.09810906810767328,31.593476511996094,8.151274327174931,1.8570853080068177,0,0,1,0,3,2,50.94625625455507,0.14544810301258088,1,0.0,0
0.02705556653239324,0.010786593534603808,26.22941546289047,6.6307821748195375,1.4083563597364783,0,0,1,0,1,0,287.0301515026172,0.12678330565728074,1,0.0,0
0.08319164468770954,0.041154085386479286,36.3495971500148,7.460349555652922,0.0,0,0,1,0,1,2,73.67077012543872,0.030391818615038688,1,0.0,0
0.003871022584872577,0.02107381704818932,30.235931110312645,9.535515631417681,1.4811999576286277,0,0,1,0,2,2,189.5983923044759,0.12970590187243625,1,0.0,0
0.06997180091181647,0.13101910099214698,30.40690856246085,8.885359859698944,1.1383362966272603,0,0,1,0,5,0,81.79279574423454,0.015036145835537088,1,0.0,0
0.35008520691709666,0.07352008519951544,43.1401089172184,8.234636440560209,3.902429880471198,0,0,1,0,2,1,104.0044012460905,0.031489129133571894,1,0.0,0
0.07894311631545012,0.23717769886884355,27.635165568831034,9.026530975150793,1.1404591786578866,0,0,1,0,2,0,358.71934548613297,0.3465062818819189,1,0.0,0
0.20747934136407256,0.03118424724040019,14.058286335764853,6.484075530172724,2.1311121961784343,0,0,1,0,3,0,285.03224281417243,0.3925402460152961,1,0.0,0
0.042791062788185515,0.13041585224058574,20.724046485967776,9.7699257472251,0.7484772056954689,0,0,1,0,2,0,266.5190409952689,0.06276860254559563,1,0.0,0
3.430138987635651,1.015882770927628,85.0,0.24972906287509045,6.674316005727396,0,1,5,0,60,9,19.073635809348293,1.5,0,1.0,1
0.15364462014640942,0.13078771672572562,23.404605823376432,8.908000762155384,4.565154058599692,0,0,1,0,0,2,167.86485535915884,0.32858540050182655,1,0.0,0
0.002738758311600099,0.040266843060885606,24.808792280194513,8.666589275093616,3.388090032379278,0,0,1,0,2,1,438.68729577676373,0.18693938694666393,1,0.0,0
3.329068106623579,3.7529558592787313,85.0,0.035406061485996176,20.92416162538236,1,1,8,0,25,10,16.80045558954724,4.121173790767807,0,0.0,1
0.2840606969059571,0.14234496726497634,18.17871093748136,7.4967066424070845,0.14765749689012386,0,0,1,0,0,0,450.6003920384463,0.004090031049329762,1,0.0,0
0.052558510127796346,0.019291548778559566,26.665195196904513,10.675453502677707,1.8832154742236018,0,0,1,0,5,0,1550.0154772896672,0.07374668013712954,1,0.0,0
0.22856719829736954,0.09556570544703855,22.469041216919813,6.687563747614611,1.183815828123885,0,0,2,0,0,1,185.99509574703512,0.3871418523608672,1,0.0,0
0.024576858613199956,0.044454444449018936,32.94839672085601,11.219436426001792,3.0027214151773136,0,0,1,0,1,1,86.82671036402232,0.30469088516183235,1,0.0,0
0.08393273431293477,0.10568859745869721,23.13461597346963,7.4398208279902605,3.3116020297239217,0,0,1,0,3,1,150.20603586099767,0.0640990626294093,1,0.0,0
0.018583836195555408,0.16681554798932882,21.390684833171207,10.822422804823228,3.4165403509931433,0,0,1,0,1,2,500.82532376105746,0.14922688510620036,1,0.0,0
0.006152546344335221,0.04863123599713881,20.17266364793628,6.959546033779716,1.4915164259814628,0,0,1,0,3,2,46.62454542766302,0.08473704414746269,1,0.0,0
2.896294487215716,3.956133744665439,0.0,0.1727668942945295,12.040927919188603,1,1,6,1,60,7,2.249911059087739,5.705969021635543,0,1.0,1
0.07588252434995114,0.03966411458829816,19.766949729401368,7.005794492665867,1.1246764324089547,0,0,1,0,2,0,106.06564228253866,0.1156437393126899,1,0.0,0
0.3050649098281202,0.21521750876849477,16.053742103435898,9.04206850572249,3.263028069816903,0,0,1,0,0,2,503.2762283988247,0.3797319800834629,1,0.0,0
0.08885327198172527,0.029003327929260095,27.61498224352474,9.618710819430872,3.3252636031273886,0,0,1,0,0,1,92.31320817534198,0.23532058898281122,1,0.0,0
0.10785534290243028,0.025148641646393993,24.502514735541844,7.817537557953158,0.5138377253933839,0,0,1,0,0,1,70.35913896478182,0.03682632043074567,1,0.0,0
0.14314448886311498,0.26672774820270084,25.273312609179232,6.576475158453596,1.4089542792731584,0,0,1,0,1,2,317.8405533577255,0.07637335445996528,1,0.0,0
0.022343223730048715,0.05360679959508828,20.54989067231802,6.264827914753352,1.467644329733825,0,0,1,0,1,2,397.1381695456707,0.11687105874894353,1,0.0,0
0.11702635423877913,0.044738521021924944,41.4452828591927,10.07194819773092,1.345015511391281,0,0,1,0,0,2,268.97964518450937,0.1708886470050921,1,0.0,0
3.790678462528013,3.1583106619784136,220.0,0.078246920202938,20.00293541758286,1,0,15,1,25,11,10.812742739122239,3.8037819723700905,0,0.0,1
0.026728303455442835,0.023970038257170746,19.656492675669522,11.193346002802292,1.9393145667980793,0,0,1,0,2,1,320.9584259296558,0.12028417779844165,1,0.0,0
0.03808561342252463,0.011380771872505335,21.984077989951437,10.214644383812354,1.3464007148183288,0,0,2,0,2,1,88.38735131364137,0.2164274577995086,1,0.0,0
0.10200622310653822,0.02279433053445125,25.809501073355,9.21432517140254,0.4257903543978805,0,0,1,0,0,0,30.0,0.20225871357667616,1,0.0,0
0.029491577906909792,0.28232617250499337,28.70316548598872,10.089548076920671,0.0,0,0,1,0,2,0,30.0,0.32908332909345833,1,0.0,0
0.40517701232775905,0.14912080533364214,24.527496773561616,8.272806144730504,1.8244038653370476,1,0,1,0,1,0,30.0,0.45988744344097665,1,0.0,0
0.2879182259584417,0.052960490586185474,27.707236591343158,14.148334018805459,2.0761024164685873,0,0,1,0,0,1,253.0779899453938,0.1575883167883781,1,0.0,0
0.05180974693004191,0.04526708187679899,28.74188611207331,8.14402758409731,3.5012768835117285,0,0,1,0,2,0,166.02039618837514,0.4126199598930699,1,0.0,0
0.14546679778292856,0.06616271109205264,23.280640652599633,11.68445014729755,0.4589669308995372,1,0,1,0,4,1,241.88770956308565,0.014827926307911238,1,0.0,0
0.11968012628837797,0.07286605806114257,27.968481778088456,10.382133102903861,2.873169292381588,1,0,2,0,2,0,298.7318845832339,0.31195489734765997,1,0.0,0
0.02748130400592541,0.03915775455298867,23.847773699894006,8.24289793122974,0.0,0,0,1,1,3,1,30.0,0.05667253512882921,0,0.0,0
0.05824064849988716,0.26575248478187574,32.36973778602391,12.041283744925346,3.766242409671854,0,0,1,0,0,0,302.50631418546544,0.011785524398133835,1,0.0,0
0.024903719298632297,0.08846388754968226,30.32989449884547,6.236989397295675,3.217129921156112,0,0,1,0,2,4,291.4034452300001,0.0010432057530962494,1,0.0,0
0.07878176652457927,0.4171807202546819,23.950694568592816,12.190799362500758,2.348221104144169,0,0,1,0,2,0,70.93103478944865,0.2006741862009631,1,0.0,0
1.574256645416183,3.7488570692812093,0.05,0.027162710499052084,12.108735410915433,1,0,8,0,18,12,19.79558710090811,2.443304850360219,0,1.0,1
3.1683263353325755,2.338522380257587,85.0,0.16034037326939513,20.041154316851273,0,0,8,1,32,13,10.675688555945367,5.903288733294437,0,0.0,1
0.09177244879084298,0.00815837661603196,27.19310099104954,7.688526996735496,1.2534792606474987,0,0,1,0,3,2,161.63855955966687,0.02661742052221861,1,0.0,0
0.5725863058361415,0.09366780516630276,24.62992514641282,10.361746578131383,1.9336301607899458,0,0,1,0,3,0,193.5248464729556,0.630331494510957,1,0.0,0
2.9124689069717684,3.012230257333914,0.05,0.040883494015933664,21.551240981936235,1,0,8,1,60,12,16.774063322248885,5.80988774163697,0,1.0,1
0.13319755853350357,0.11217363678799266,20.129935383629483,9.94232364416831,0.8475555318911323,0,0,1,0,1,0,454.0007560915224,0.06908456496378126,1,0.0,0
3.5374245062524903,3.0228966704936737,190.0,0.006156373373311236,7.240632860006678,1,1,7,1,45,11,5.780560033345784,2.5443763617306283,1,1.0,1
0.07813204879605311,0.05353517432554931,23.156940083983375,5.983605419946148,2.626244266063318,0,0,1,0,3,2,855.3211102401605,0.14985151162592178,1,0.0,0
0.04859617214686161,0.00859321134256774,27.452796064221193,8.172148046488967,2.683062581508265,1,0,1,0,2,0,50.67064059316814,0.11010347857251641,1,0.0,0
0.05435773386131022,0.17718949258173786,20.13276462367928,8.179027559342874,1.8999536888963333,0,0,1,0,3,2,56.68612975007937,0.5972110898130184,1,0.0,0
0.1163188371983945,0.03740144533200335,19.385638941204533,5.605207815882119,1.3373566061719724,0,0,1,0,2,0,119.6347077175881,0.01163059828190804,1,0.0,0
1.4405094732625414,3.5714062573751435,190.0,0.19723296783200592,13.269913385336118,1,0,5,0,32,13,14.036626898215388,3.6102384762031097,0,1.0,1
0.15107484221091697,0.02734266613535105,44.21735912412019,7.795042108826705,3.6956098601292395,0,0,1,0,2,0,72.16149801648422,0.07189012262880871,1,0.0,0
0.00821468617227362,0.02018004733069179,23.846958273053794,11.45585347231907,2.1485475277112926,0,0,1,0,1,0,62.356683818306784,0.3062478276789522,1,0.0,0
0.037920353631598264,0.1333495177768361,27.501242872272858,11.627922673719407,1.3163095148757482,1,0,1,0,2,1,183.5254797302918,0.3345510731998948,0,0.0,0
0.8,4.543490842859808,85.0,0.21545610177047678,15.99999027480634,1,0,7,0,60,13,14.938697042024824,3.838374371933407,0,0.0,1
2.0876013482258378,3.815456297802713,0.0,0.1759539860770039,14.753022791234478,0,0,6,1,25,12,5.484325632349476,6.418811718987913,0,1.0,1
0.02714988823822466,0.0043013652621374555,16.819192237740992,7.17702422943696,1.6773922271983537,0,0,1,0,1,1,30.0,0.2484563631887006,1,0.0,0
0.3396105261222065,0.023388881853087583,26.25622559594155,10.253519978308528,1.7745133293978808,0,0,1,0,1,1,30.0,0.6991434743059067,1,0.0,0
0.27458766002130064,0.10117603922442216,12.875755551667268,5.647072177152509,1.3866243715268132,0,0,1,1,0,3,301.72012706111656,0.009042105040358073,1,0.0,0
0.012354830213737589,0.000496241732955173,19.24574689869531,9.011888754156693,1.6205207439882559,0,0,2,0,2,0,119.060212324795,0.5034504415844331,1,0.0,0
0.026974203910294207,0.03870023513471701,30.52058349122598,7.415832889904243,1.8415633558727666,0,0,1,0,2,1,211.06372872146744,0.8990190949721409,1,0.0,0
0.05400414996476739,0.042338525270109,24.32508796993704,10.733958855280257,0.0,0,0,1,0,1,2,297.91068550807097,0.03294901164903164,1,0.0,0
0.011025974358361805,0.07194603587232638,30.710791442223424,5.674617695014737,2.065168341083202,0,0,1,0,0,2,148.0819918464958,0.6343828731045407,1,0.0,0
3.563043239247711,0.8,85.0,0.05540014977440785,20.94847775741885,1,1,15,1,45,7,9.347950886471436,4.456097704799685,0,1.0,1
0.023439995524853634,0.27282352559254625,18.833708366045045,9.013438345591481,1.6838837193695892,0,0,1,0,2,2,332.19414454951044,0.19758849064495884,1,0.0,0
0.2317475814348426,0.04888563157058119,14.582526623635147,8.336526647937012,1.4909053494264928,0,0,2,0,2,0,348.02854079015447,0.44278777819343945,1,0.0,0
2.8088518228401744,1.5115478199966865,0.05,0.18420949415821306,16.39988128670695,1,1,12,0,60,10,22.640113848412735,5.299507771280148,0,1.0,1
0.17781585675826364,0.01550565653755692,22.948998515130153,7.581049136094712,2.50981790844696,0,0,2,0,4,0,313.44098695806406,0.4193290162015546,1,0.0,0
3.6863180658971396e-06,0.05499767621053359,33.77349905953169,6.09222873125403,2.2545406463995397,0,0,2,0,3,2,52.63388494580955,0.7159173745058852,1,0.0,0
0.09318656293783135,0.02949426393788765,31.804043245416793,6.163018215801467,1.5910844650800138,0,0,1,0,2,1,269.4817473967224,0.07510732084646693,1,0.0,0
0.22267872556649168,0.0025047753131314534,26.66745192032945,9.587048665100056,2.1707371106206965,0,0,2,0,5,0,310.3341842160825,0.16854973492235042,1,0.0,0
0.1760739268167328,0.01754742568078746,34.7714074717074,11.048119286533591,1.7148414698447216,0,0,1,0,2,0,30.0,0.0921001762308472,1,0.0,0
1.6584145649454813,3.1409430931895708,0.0,0.1775248530880831,12.751067294247715,1,1,7,1,45,10,3.1870287521884144,3.617054141350107,0,0.0,1
1.5760203410528195,2.6769085548152,190.0,0.17948916382908323,6.024270616908732,1,0,7,1,45,13,7.042602101193072,2.225140392343821,0,0.0,1
3.556685746989499,2.0286526525890025,0.05,0.12555740957262193,17.94308256081638,1,0,12,0,60,9,3.0890155756607056,4.885944140020994,0,0.0,1
0.035046575630639336,0.03354182609519672,32.261211901735905,6.304713272842778,2.49979173049696,0,0,1,0,1,1,118.49124440287105,0.033396029740776316,1,0.0,0
0.06086717811394204,0.013785223528789565,19.109108676773516,11.646272044085805,3.1048699546987093,0,0,1,0,1,2,508.0348162165691,0.07957940780170165,1,0.0,0
0.021553423946197626,0.04067417673359789,25.3168427689191,8.670954500696595,1.9254197698964859,0,0,1,0,0,0,256.1239688641243,0.1094933532920769,1,0.0,0
0.047456887129150714,0.06184178457745891,10.771158561087011,7.861807931497952,1.4554718830653042,0,0,1,0,2,2,181.79009112726456,0.02355980500067063,1,0.0,0
2.6274067590386965,3.3617516095276114,0.0,0.07896491067428271,7.729187618507234,1,0,8,1,60,11,3.779418162545608,4.012288269980552,0,1.0,1
0.1966112021238143,0.010882299290231701,23.48607860323788,7.7657128579055374,2.2349230504972106,0,0,1,0,0,0,41.107151241792764,0.01339597021383417,1,0.0,0
0.060870959249091645,0.014570066592691196,19.0914008444891,9.494435960906387,0.5711338495503377,0,0,1,0,0,2,30.0,0.18099450690569718,1,0.0,0
0.17181604555026309,0.05011193403641771,28.262730312734934,9.513622795326098,1.2309498924132936,0,0,1,0,2,1,67.35054952999087,0.18825131113909876,1,0.0,0
0.028821241002006344,0.006924372880266055,27.98651619486656,10.21670246601078,1.4190828228058816,0,0,1,0,1,1,590.2936138824363,0.08003827602867836,0,0.0,0
0.12066124524117271,0.15714504711699612,24.06565293469048,9.829104828788365,2.633572744081717,0,0,1,0,2,2,96.88721949413664,0.19327727662422609,1,0.0,0
0.037987253185059085,0.20474814940205657,37.459576855949194,10.589960990266388,1.3629743901271394,0,0,1,0,1,1,119.14643257707442,0.3428339579317202,1,0.0,0
0.02394470583485232,0.2820683169816631,27.454972666963524,7.265401860483909,2.4356248795071855,1,0,1,0,2,2,292.43429178218275,0.14736906852633944,1,0.0,0
2.3052976801381293,1.9967064946517765,0.0,0.1260157771712587,8.254668904098521,1,1,15,0,45,13,21.0780534270637,2.3055895888220515,0,0.0,1
0.05790436775692635,0.09507918288095969,24.491024396067353,9.813012166350454,1.2722406985085573,0,0,1,0,1,1,86.3483462529335,0.04450930319043044,1,0.0,0
0.15068458331756895,0.009289291551658344,27.082539802656374,8.099730891543725,2.2066596984944913,0,0,1,0,2,0,342.63490420385244,0.14902814128043934,1,0.0,0
2.7582721665079504,1.1357128258065536,220.0,0.20250936472271563,21.959778979404113,0,1,5,1,18,10,16.76626967660615,2.6197163297341377,0,0.0,1
0.01997634601542008,0.0246493686148061,29.573747649158655,12.43690257872058,1.2165118716541259,0,0,1,0,0,1,103.81996087389344,0.0876784007171859,1,0.0,0
1.0458471658858395,3.132929636414262,85.0,0.24733837583986873,19.18853491381379,1,0,12,1,32,14,11.843236962320773,3.0491594371505486,0,1.0,1
2.9560880407447954,3.365723334767633,0.0,0.1843466974666963,14.017606224150514,1,1,7,1,25,10,2.5679315742854394,1.5,0,0.0,1
1.9433392334451807,3.3754294510207927,0.0,0.008244156678876013,13.321263639772226,1,0,6,1,32,7,24.39315655255934,2.4162250083164993,0,1.0,1
0.19719973412779135,0.018785693760457134,22.155329426811974,8.298813789243585,0.7578466492083897,0,0,1,0,0,2,187.40190787390543,0.11185663129090927,1,0.0,0
1.763929181418265,3.1250395291016044,0.05,0.23388886020931543,19.386371477867254,1,0,7,1,25,9,6.906949226256911,2.5492832135204155,0,1.0,1
0.11790794389227771,0.014201262789165836,34.234408393200184,8.45523068700638,3.2739467294749476,0,0,2,0,1,0,94.86478543698489,0.06853571088010903,1,0.0,0
0.1076816546329091,0.08957294231078178,24.239136698711047,8.751117044947156,1.4781165862949555,0,0,1,0,2,0,110.69462774549217,0.11912782264004956,1,0.0,0
0.04834724288391188,0.07237975400135115,18.5016359949171,8.409628943149675,2.4743910651560572,0,0,1,0,4,2,224.6034271295075,0.5269866597255798,1,0.0,0
1.7371056737648083,4.412021808513742,190.0,0.07721948959967811,19.136979124076504,0,0,6,1,45,10,23.956100114132305,3.3553038127592467,0,1.0,1
2.0838856367683904,1.198526759507451,220.0,0.23910091774895378,20.878585524960787,0,1,7,1,32,6,22.28054261896219,4.1563153902533365,1,1.0,1
0.44465164505741744,0.04788271956635254,32.87407690285113,4.091035898239352,3.0549007175973637,0,0,1,0,0,1,212.9684796717175,0.36755081528851236,1,0.0,0
4.385540659944129,3.5282846103090004,85.0,0.24852083660566301,11.602053466705286,1,1,12,0,25,7,4.260836408150708,5.682693386510994,0,0.0,1
0.08884511476152532,0.06164990477693572,34.025410111131265,8.450529158395199,1.7972799705633296,0,0,1,0,1,2,30.0,0.10172896766198887,1,0.0,0
0.08771726083650871,0.02785158729679832,25.45944801881102,6.482938383494707,2.676882820153217,0,0,1,0,2,0,189.0804374902771,0.5109609808810969,1,0.0,0
4.860714729159014,1.782159742886869,85.0,0.1715919942097841,13.116011036566325,1,0,15,0,60,9,22.516126386873452,3.667056509801856,0,0.0,1
0.05636682569187661,0.02989146443834537,29.8247926616709,7.271619163749015,1.1630439603011702,0,0,1,0,1,1,684.2369841330545,0.06298836485173108,1,0.0,0
0.037599935593494886,0.010270483756397216,22.209688954449817,10.616272225134843,1.1717942943407027,0,0,1,0,0,1,225.26257310871026,0.31451177358904975,1,0.0,0
3.0625398905595085,3.6478499308709784,190.0,0.09190939863423891,5.705859475634583,1,0,8,1,60,11,17.450175550888464,2.3429092082468976,0,1.0,1
0.1486454331974475,0.11921618557794843,24.18544730897135,5.11192143754919,0.0,0,0,2,0,2,0,45.96659533645297,0.2256888879132009,1,0.0,0
0.3130648751477731,0.13744048060983483,24.63735413482724,10.933056465099074,2.347525494026711,0,0,2,0,1,1,90.53592661329004,0.3423556685662701,1,0.0,0
0.03557651521109809,0.02502346514440848,26.557056825895923,10.92596785709874,2.855997290306546,0,0,1,0,3,2,128.7884668107652,0.04120888944722944,1,0.0,0
0.038326667058007344,0.006796472398673894,19.659419506401967,6.385497075959793,1.347601539537522,1,0,1,0,2,3,30.0,0.05105708939476396,1,0.0,0
0.06199729602669388,0.033096054594926455,26.92086148124247,10.491567020314982,0.36317215784713697,0,0,1,1,0,0,220.6970459995196,0.06437015334645445,1,0.0,0
0.05299874301841281,0.06692558854212399,27.409761911006967,10.016564772235842,1.691135369426845,0,0,2,0,1,1,30.0,0.14569466169251286,1,0.0,0
3.288081699117918,3.3410521247406852,0.05,0.17195540251982872,15.95725024503781,0,0,6,1,60,9,13.489449870948915,4.10538198633176,0,1.0,1
0.24552401532189036,0.21748804220367393,32.82640379179336,11.400680517518124,3.7460775182941948,0,0,1,0,1,1,30.0,0.08720940119494713,1,0.0,0
3.3792215215560093,3.133727400139922,0.05,0.16011917242049553,7.946367702082462,1,1,7,0,60,14,5.372787836104534,3.010605010778646,0,1.0,1
0.2607930815355617,0.03816104763053858,26.800161271414733,4.7769732786815995,2.2102845638952284,0,0,1,0,2,1,282.87811019324386,0.3009315609284832,1,0.0,0
0.3613568506052255,0.0046385778951263884,13.266642892882167,8.388818953601458,4.078156617110029,0,0,1,0,3,0,204.2387009144258,0.15859983270364092,1,0.0,0
2.2506340905336333,1.1943784448456847,0.05,0.151087374103734,10.616786534684737,1,1,15,1,45,7,7.6864859138587756,4.073930799614926,0,1.0,1
0.04810830405019911,0.04049723862070387,30.040836570406434,6.277669402200029,2.7789321805205107,0,0,1,0,3,1,58.29031478502609,0.10917292259482397,1,0.0,0
0.053914991674776674,0.050908839746166015,30.419930243906844,5.850277392299522,2.874093402764949,0,0,2,0,1,1,188.57284832951444,0.01145984620819281,1,0.0,0
0.1119865028440818,0.1354063420253753,30.467308991940016,6.998199268088364,2.7471865901250934,0,0,1,0,0,4,305.531048290613,0.03266978813725456,1,0.0,0
0.07665429519545566,0.0006925088808843151,28.058574271552498,5.525691528580458,0.8608178757362503,1,0,1,0,3,1,252.37282048983909,0.036961572061161525,1,0.0,0
0.2695342214958707,0.06970325507263354,37.65599667780647,9.8522072765943,3.569685680977757,0,0,1,0,1,0,219.48117293254884,0.18277406133173274,1,0.0,0
0.007027587969314542,0.0015249118577676955,25.700006266377635,9.81764048937893,2.4765841469833934,0,0,1,1,0,0,210.58720261626772,0.13532616633550867,0,0.0,0
0.13591485340601336,0.05550913266366766,24.935867660571116,3.534912028178323,2.033210179885373,0,0,1,0,0,0,33.548547812714354,0.10333682046218673,1,0.0,0
0.008496180769630655,0.04875242690773008,18.834381777085,7.326768528880495,1.9601545772192144,0,0,1,0,0,0,217.78672311238836,0.3750290495147444,1,0.0,0
0.01926859816037027,0.024334658660741606,14.696750963960683,7.9853669988214655,1.552184996128234,0,0,1,0,2,0,30.0,0.6725572159596928,1,0.0,0
0.0262814811790723,0.024452870859652674,30.908789476103582,5.311634640549199,2.585168744209188,0,0,1,0,1,1,289.1135172563646,0.27176745412181164,1,0.0,0
0.005929559867316083,0.004556094612829128,15.494385893164775,10.892267434182214,1.929885855921969,0,0,1,0,1,0,30.0,0.4796918719020095,1,0.0,0
0.5013511914020334,0.06080456096563117,27.039835325148474,12.093506930852982,1.9557398797214234,0,0,1,0,2,1,127.03814478420372,0.04594309834993787,0,0.0,0
0.2270347292956081,0.004818904692714442,26.073819982187178,9.465697491496217,0.0,0,0,2,0,1,0,81.21265575683516,0.12789911990511552,1,0.0,0
0.006733268614577823,0.0189857793382096,22.13783503717395,7.3167083693151085,1.441722403791947,1,0,1,0,4,2,127.6206275942179,0.029015297129667696,1,0.0,0
0.0040520214846628865,0.27191384612442077,25.375576916158323,4.589827772163701,1.485135337596218,0,0,1,0,1,1,36.559910588039216,0.28686549982494247,1,0.0,0
0.10412470146353608,0.09696005428705673,19.161379824326826,8.372500156641644,2.492719346567025,0,0,2,0,0,0,172.5868437911635,0.14442005732432858,0,0.0,0
0.08141895512008317,0.14007565356484605,39.38881694049757,11.380220240138348,1.9015546858232515,0,0,1,0,1,2,221.78924600221026,0.12913722710731276,1,0.0,0
1.785048102609366,4.398293755105495,85.0,0.21921648075551262,10.67686955296531,1,0,8,1,60,13,13.22254821242716,2.1224915836174603,0,1.0,1
0.20753147106228417,0.013458477647686738,29.757652284574327,12.144926685987581,1.1218649269273562,0,0,1,0,1,0,30.0,0.1966131197683336,1,0.0,0
0.28805074648716283,0.0878935396774148,29.113974762902416,11.050494025843944,3.34648059555603,0,0,1,0,2,1,95.11057218297137,0.0979271334836159,1,0.0,0
0.08759663546097463,0.03396565925538418,21.472145870826637,6.094617942210265,2.7869545640946978,0,0,1,0,0,0,331.78958372845494,0.03235611781830685,1,0.0,0
0.10212841213524781,0.06454617327183268,33.5135660771148,10.468592890394092,0.2763146214409884,0,0,1,0,1,4,235.4499903319767,0.3187492545436508,1,0.0,0
0.05403537658475788,0.39473815451952876,18.976887183171524,5.279660404013131,2.0257048820279073,0,0,1,0,0,1,131.5950509462979,0.018196344880611198,1,0.0,0
0.1844897522702067,0.00021085006334792318,28.038985659831795,8.626367337615513,2.3580488388565706,0,0,2,0,1,1,103.00684255318455,0.41154938900685334,1,0.0,0
0.06525310721969928,0.17810501799927003,35.440852390518586,9.671983537957564,0.6767426432314525,0,0,1,0,1,1,30.0,0.2525180440557841,1,0.0,0
0.13203007699418434,0.1841344748331558,26.793341247337114,5.435556425519377,1.9759521749001738,0,1,2,0,3,1,118.22535987105306,0.07373114685657065,1,0.0,0
0.051192299462052095,0.07410829506892717,19.97693072353217,8.060946835105721,3.5861972650791305,1,0,2,0,3,0,531.2749647256092,0.3042072638810007,1,0.0,0
0.21383875345669673,0.07364129344161542,17.405200037601055,10.23071741810014,2.0683938606366623,0,0,1,0,1,3,233.57619046398145,0.19536332889774916,1,0.0,0
0.24381994912414934,0.045017692685402885,18.94963508731115,9.613435953266837,0.7993562676789048,0,0,1,0,1,1,42.47733591484783,0.0950056399305173,1,0.0,0
2.1022476197099964,3.6447277919146495,220.0,0.18425467785450703,15.120106504280582,1,0,15,1,32,12,13.610332716075533,4.235514262780885,0,0.0,1
0.026316965620965384,0.20639201757133271,24.18282294733511,9.087494703347998,1.0712166300165835,0,0,2,0,0,0,111.27858021238512,0.12023876544961443,1,0.0,0
2.2479031020266524,4.037884674781572,190.0,0.1365048925128732,19.128362881725398,1,1,8,1,25,14,23.762732119888966,3.048073581259951,0,1.0,1
0.06531085712322601,0.008946514766862592,30.238595557869157,12.786889637087295,1.2853871878757035,0,0,1,0,4,0,449.91366256831793,0.4632183420166436,1,0.0,0
0.05416638837975911,0.08662024442156437,24.726979539468868,11.176499261524151,2.8136899670407285,0,0,1,0,3,1,214.89779148766584,0.07445815283812122,1,0.0,0
0.01819807084566066,0.10193255914474918,32.45355464605332,7.839894529511998,2.802949926519495,0,0,1,0,0,0,286.8836515816112,0.035399016752763045,1,0.0,0
0.03192733991513961,0.02911895023821793,36.35637233302611,9.973674248210358,3.4356771037997964,0,0,2,0,2,2,69.57335901154727,0.3118009903995143,1,0.0,0
0.015927425020332665,0.007810561870970333,30.855942787753296,4.812494082414741,0.42772422027542145,0,0,2,0,3,0,140.1217539645793,0.01506267249252629,1,0.0,0
0.8,4.176202373150525,85.0,0.19766497223074592,16.688443307933536,1,1,7,1,60,7,7.948180990824394,3.507191605309827,1,1.0,1
0.06671962820204505,0.08046290793974108,28.16494869588686,14.693391027544106,2.422247498758354,0,1,1,0,0,0,226.54121850699465,0.5051190018103856,1,0.0,0
0.0610638617037599,0.13186505655829836,38.63791792493846,9.914974414410723,0.07051773737391787,0,0,1,0,1,0,30.0,0.1031243276784871,1,0.0,0
2.9532426712674864,2.6586003141630954,0.05,0.18979945985921087,18.343805454890884,1,1,15,1,45,13,22.569275552176368,3.2101553455582765,0,0.0,1
0.022848292039546438,0.15222570040789632,20.956814505274586,7.911753639247661,1.4648357328323622,0,0,1,0,1,1,206.2561733276256,0.04116539738523986,1,0.0,0
0.005563478882464167,0.02383281601774606,23.201212859994314,8.162456121124182,1.2318057649945178,0,0,1,0,2,1,69.83863242283304,0.05687820720326963,0,0.0,0
1.174520731978507,2.8335479572703828,0.05,0.17417106548002412,14.978008620808948,1,1,12,1,32,12,2.2304804617276544,2.869507996888982,0,1.0,1
0.253414844490593,0.030931007632000313,26.539550279670454,6.310615911945257,3.6528341863390272,0,0,1,0,4,2,136.37026010673836,0.10855090214004318,1,0.0,0
0.20297240123979804,0.04053181473815353,17.259356026661607,7.105340683005083,1.0978019130270569,0,0,1,0,1,0,252.93433001882966,0.06707245254123272,1,0.0,0
0.24122180953943065,0.0251209941807233,37.30348277973129,9.229423546416971,1.051168128376657,0,0,1,0,2,0,94.05162810410894,0.1294453955261736,1,0.0,0
0.2719918354357085,0.03268641401119967,32.2835904015482,9.990373763787655,1.6477826811025431,0,0,2,0,1,1,62.39033623479308,0.1659476391913179,1,0.0,0
0.00796356609521516,0.1447733384042944,35.78491014922049,10.991113629367252,0.45272144875308107,0,0,1,0,4,3,653.9140949636542,0.031602922583443986,1,0.0,0
0.00038681440226815496,0.003974240182454922,28.764170430018044,10.817130985644644,1.7635740616293198,0,0,1,0,1,3,466.95585121011294,0.03289683585057756,1,0.0,0
0.08169776778123335,0.04608602465572241,41.468989660239245,7.411423413689029,2.984950103005851,0,0,1,0,1,1,112.09550355964296,0.6804549846324668,1,0.0,0
0.03466258717497057,0.053741627044080906,33.513381238044815,9.9649530584762,3.455674857458357,0,0,1,0,0,0,254.99070909893683,0.0019062218485230169,1,0.0,0
0.20364777007560633,0.01572506396838713,14.984596845181107,10.368548035273093,1.131323084519027,0,0,1,0,1,1,132.26605374731696,0.19191480924338097,1,0.0,0
2.419933782712777,3.1860547996527466,0.0,0.2318651877178784,8.215318998187971,0,0,7,1,45,12,22.497470821787555,4.514429318063711,0,1.0,1
0.023527036823909785,0.007858382824899571,26.917835272726027,7.036281580283872,2.991646378260802,0,0,1,0,3,1,106.98257195379641,0.21966364264736993,1,0.0,0
0.10364007005615765,0.025431005003696088,17.533952697286587,4.083443960239815,1.1982108920489496,0,0,1,0,4,4,111.86506998976097,0.07026215715892507,1,0.0,0
2.382949773951834,4.156255134946449,190.0,0.12328080622736984,12.90981172811185,1,0,6,1,60,12,14.308408660691285,3.899098454978257,0,1.0,1
0.36794598348899027,0.058285583876257874,26.905951737707102,8.387828547442652,2.3286594981723145,0,0,1,0,3,3,446.221146929383,0.058205373599743586,1,0.0,0
1.9364782450076823,2.3242866076009325,190.0,0.10079434204781909,9.451959114951823,1,0,5,1,60,7,19.655286057713994,4.32202178086153,0,1.0,1
3.8776781923443275,3.202615931268702,190.0,0.12101650277518472,13.142958415817114,1,1,12,0,32,7,22.161382569398004,3.300148112677583,0,0.0,1
0.08258867399368434,0.08485398949193451,14.994386191453092,11.924615456733845,2.134387441879481,0,0,2,0,1,2,64.29167936397286,0.022680696093729594,1,0.0,0
0.13922913185337124,0.05846675663255705,18.271820565693304,7.6928133260261795,0.0,0,0,1,0,0,1,30.0,0.24750198739175455,1,0.0,0
0.13274905328256614,0.024661818505626164,22.80105716322338,5.921235821793214,3.369061299842465,0,0,2,0,1,0,162.23961438441023,0.08896725809443498,1,0.0,0
4.825556701630156,2.8843866325045795,220.0,0.24463208637572162,18.242143596751994,1,0,5,1,18,11,23.20448376562708,5.179899040279961,0,1.0,1
0.07921936737148504,0.207504156872553,23.199597962822317,7.74644906052429,2.100703214033978,1,0,1,0,2,0,49.82695945609668,0.03491618491558223,1,0.0,0
0.1295268419636158,0.04153128644034759,29.81237202149537,10.296489145712458,2.815853510078516,0,0,1,0,5,0,44.00740877041037,0.04925798531976459,0,0.0,0
0.385001706022948,0.14505340228541086,30.248598258706465,8.929065837772832,1.3646934656317964,0,0,1,0,2,0,184.40876873170794,0.007067733384636718,1,0.0,0
0.06019938481902939,0.03183012861304909,27.88143052404049,6.700284056729464,1.1527300557803717,0,0,1,0,4,1,329.22453873816016,0.030220776423727582,1,0.0,0
0.10640539356043649,0.046507731940360196,24.262242202972345,7.95941536475101,2.251785245675499,0,0,1,0,3,1,180.39652709994456,0.12073324482791017,1,0.0,0
0.0013780402925116265,0.11333007606911824,32.88615230732495,8.262931531942272,1.6001826689253997,0,0,2,0,1,0,30.0,0.4135679458858329,1,0.0,0
0.09001118309844872,0.018538133550587196,22.391715088412987,11.283983152362662,3.364869373855072,0,0,1,0,2,2,35.59773359093709,0.1250058535502561,1,0.0,0
0.005651325234302463,0.2718364658090007,33.392708761689924,11.1203897121086,1.7391291987541098,0,0,1,0,0,1,154.8937557922632,0.1217265765744062,1,0.0,0
0.15221692942155168,0.027976951976118682,33.650713776276675,7.276342366520194,0.9847457266537185,0,0,1,0,0,2,122.65547954503552,0.5090285016533972,0,0.0,0
0.001739769566496513,0.00727866213179034,11.687596973391123,9.260673300631765,0.838755547519642,0,0,1,0,1,3,284.3837409264552,0.15288994047903795,1,0.0,0
0.023286540384971608,0.04526018615217665,12.83695119155843,5.874678878401443,2.2484624211312916,0,0,1,0,0,1,39.55888994251962,0.02401865541648486,1,0.0,0
2.1035917182632087,2.7023943486643844,0.0,0.22592989689473766,9.028527379735735,1,1,8,0,60,14,13.935507017454354,4.988229824186145,0,0.0,1
0.06216010598876663,0.145534423405778,23.40984273913929,5.55370824670694,2.499792675478998,0,0,1,0,0,0,268.5156709799181,0.2883872876585174,1,0.0,0
0.07453839353509399,0.04135375944607958,23.653998028552653,10.276314643486883,1.3810224315929047,0,0,1,0,1,2,292.499692059578,0.048763523458024656,1,0.0,0
0.15449522103374635,0.05073809117971417,24.979088969194674,9.957483172931518,2.396381722509337,0,0,1,0,1,0,197.38126283225267,0.20032661104009206,1,0.0,0
2.9200577505220187,1.7551847822664441,190.0,0.004741413216361762,13.780830069994225,1,0,12,1,25,14,14.8153322864781,3.842832133447331,0,0.0,1
0.20221239390768103,0.034964457753615535,23.980269695227427,4.930122934255791,1.3557970016800613,0,0,2,0,1,0,127.05780055842183,0.5999984887729454,1,0.0,0
0.030646119527830928,0.014323599658526445,21.796453552102257,9.458708517637003,2.424902531786385,0,0,1,0,2,1,86.83387533515155,0.2966645749227076,1,0.0,0
0.004567619913934726,0.01629682810042752,23.129794119227626,6.96348935921646,1.6719296296353234,0,0,1,0,3,2,117.91419266860754,0.15426282566701932,1,0.0,0
0.035799284407378666,0.11136031197471383,15.788691252285146,8.249426754461124,2.428727993294068,0,0,1,0,1,1,64.05125124850547,0.12109884926944835,1,0.0,0
0.1606962146847005,0.1631598003783382,20.940538211888544,3.3927379687028036,2.219752955127549,0,0,2,0,3,0,198.942519564679,0.11085656034975917,1,0.0,0
0.10187033077137676,0.3598899572273726,24.32381434364091,11.333322616595913,3.0644562081406352,0,0,1,0,1,2,129.58787640992543,0.190452661096007,1,0.0,0
3.386860689591627,2.948040087117867,0.05,0.09230782304112811,15.92737897121131,1,0,12,0,18,9,4.713812842826477,3.8130112589127596,0,1.0,1
0.09727819111696727,0.1267841263301787,31.187118659355143,9.312170219748857,1.1595652373302932,0,0,1,0,0,1,158.692417476924,0.10525189380253196,1,0.0,0
0.2524228521891883,0.1318968756788133,22.07237608313302,5.786909895426922,1.5728894512673681,0,0,2,0,1,1,310.2300019676501,0.5338734720227819,1,0.0,0
0.16066954541216405,0.14682819923292104,27.757024802051028,6.108849343553109,2.2196016818135487,0,0,1,0,2,0,221.88154472123628,0.1348204776704875,1,0.0,0
0.034892779174854775,0.06052967097933915,27.17384074401693,8.779650542652107,2.3296255311747402,0,0,1,0,2,1,101.36093872497895,0.08381395078542324,1,0.0,0
0.15534646248724643,0.25356753537416654,13.58357407458237,6.869377770423785,2.1535479764239156,0,0,1,0,2,2,114.1409519830306,0.2563501268343504,1,0.0,0
0.08163875095871435,0.028909851464576596,30.686068600797277,10.081283167775343,1.7898363524439924,0,0,1,0,1,0,43.82313752894838,0.017777310181272873,1,0.0,0
0.1433364933851662,0.2513803550735404,21.23457103572374,9.043164400307184,2.0457391290026634,0,0,1,1,2,1,84.88613492682363,0.2279608095012452,1,0.0,0
0.05413377905695481,0.15649306256917642,41.038078046508716,7.092687245369834,1.810248442740317,0,0,1,0,2,2,203.960385793188,0.04310831665848153,1,0.0,0
0.06751868639090283,0.06385873800581277,22.760005999999343,7.803144099416812,4.071171302533111,0,0,1,0,2,0,30.0,0.13755460864959035,1,0.0,0
0.13455091884804815,0.09321034201107603,27.64449687561681,8.876957982178974,3.562889819678176,0,0,2,0,0,4,557.1767432205777,0.3168832205305923,0,0.0,0
3.310915349905312,4.774243591685659,0.0,0.1499246450481548,19.801120377271758,1,1,6,0,60,11,18.269482265804733,3.3744349398477205,0,1.0,1
1.9302670196046423,1.1346223604828864,85.0,0.19080082813921243,21.566714982776546,1,1,7,1,60,7,23.123349506602246,2.580376089396194,0,1.0,1
0.00958952221609478,0.010622677100465496,34.6480224302976,6.477925739908539,1.3628052827404433,0,0,1,0,0,0,403.3397625160858,0.9,1,0.0,0
0.03299542426662116,0.09578373686185497,33.69709125029369,8.791517278655315,0.351432400387123,0,0,1,0,1,1,302.82512344121085,0.16694184374594043,1,0.0,0
0.0015704626075542002,0.24336558025723873,34.79338207589578,11.466517769713182,0.33521099856723713,0,0,1,0,2,0,224.27153446930535,0.46472746394216174,1,0.0,0
3.0505324932139306,4.131390066737925,85.0,0.22502265366058155,14.545790798920713,1,1,12,1,32,7,11.82116276090933,5.012172359791009,0,0.0,1
0.05186299433614621,0.0914759141207432,26.395574539258895,8.610793823566668,3.16471078523991,0,0,2,0,3,2,228.83536309461323,0.03920312782482813,1,0.0,0
0.11934047990938622,0.10527465448012996,30.113864313074686,10.145718445566704,0.8539080395469045,0,0,1,0,1,3,205.8845188893945,0.048435231168743216,1,0.0,0
0.11202675801756308,0.011605588933617796,28.884497959462166,9.302933716963091,3.215325970476457,0,0,1,0,3,2,76.9535786540787,0.9,1,0.0,0
2.1082777331289555,2.7127078631928603,85.0,0.09360901900670746,13.338424604862771,1,0,8,1,25,11,20.014432774512642,1.8398905667166974,0,1.0,1
0.0441681705616537,0.06436275722457216,35.740205768691595,8.204923623799697,0.6543720816718532,0,0,1,0,0,0,30.0,0.2456657153994944,1,0.0,0
3.287395905237947,3.6503914400704978,190.0,0.19832402482066072,20.940637634403483,1,0,7,0,45,7,10.875731769278143,4.916022785805151,0,0.0,1
0.06794681670040939,0.016895398683139183,30.771439565678723,10.302223562124343,0.7627450171253722,0,0,1,0,1,1,30.0,0.00019038240890254047,1,0.0,0
0.06664045450997431,0.03237543583504658,21.634821837671524,8.902133980062784,1.3398359133864401,0,0,1,0,0,3,104.02565120628257,0.3118638563724787,1,0.0,0
3.57466711660639,3.6943835797502085,85.0,0.18825458829490402,10.49523492837579,1,0,12,1,32,14,14.58919464681112,4.756558901415935,0,1.0,1
2.478276674583073,2.152733018453172,0.0,0.10025230914314709,15.483933961960666,0,0,6,1,32,9,21.819073208303873,5.463126311024715,0,0.0,1
3.5432009055347558,3.8634615386553888,0.05,0.11793923386450392,16.00743931912326,1,1,6,1,25,7,13.288915244927306,1.5,0,1.0,1
0.14145858098428984,0.02126282077601441,25.664099436045934,7.791580476669102,1.442224637481237,1,0,1,0,3,1,30.0,0.14295050478978596,1,0.0,0
0.11880101652769101,0.07563590881185385,25.244114197911728,11.877644384605354,3.180317839177625,0,0,1,0,1,1,46.63182177226639,0.09980423027559057,1,0.0,0
0.1669707826312637,0.08483568424980406,25.030492846420326,7.4530951403310866,2.2014923231332744,0,0,1,0,1,1,148.8525823546541,0.20296603225480891,1,0.0,0
0.31425749413494936,0.00429473771957028,23.91435444630744,10.3479653582403,3.789374449095158,0,0,1,0,4,1,105.2859766631665,0.30326841700260543,1,0.0,0
0.32213246928656397,0.09554586440457512,13.447925482820946,8.952631905796958,1.2286227736603907,0,0,1,0,3,1,154.19615826537517,0.12554281853364782,1,0.0,0
0.080542292517537,0.020412760914037122,23.47138864959939,6.961709440386764,2.7123833448664563,0,0,1,0,3,0,177.77887654988794,0.063264338866944,1,0.0,0
0.10925740358644306,0.14331097845859905,19.22164895722509,8.633177653805843,1.9332291822892542,0,0,1,0,1,1,30.0,0.11328161113252842,1,0.0,0
0.029890187834460808,0.004295618624464855,34.17052413313061,9.333318121097188,2.2704635087305567,0,0,1,0,0,3,381.3969730868011,0.10091715569802187,1,0.0,0
0.725297662325188,0.02211365517293908,18.092327784826242,5.431638078625557,0.9618930135389658,0,0,2,0,1,1,105.08577754804331,0.1460943889463497,1,0.0,0
0.0015225202947522748,0.04942369631201197,32.619433992973406,5.172620043607234,3.185908255429862,0,0,1,0,3,0,126.09570091741926,0.15489660910954653,1,0.0,0
2.1401963801997175,3.316584999818315,0.0,0.08345549978560335,9.409016924288224,1,0,7,1,60,10,17.57569531946912,3.5584523370974335,0,1.0,1
0.6950907232843279,0.0707098418247774,25.66176224885959,9.492692822140985,2.320985969271416,0,0,1,0,0,1,30.0,0.06447884503374858,1,0.0,0
2.3047104359263373,2.6400823406111438,190.0,0.21262342256553163,15.256123756280013,1,1,6,1,45,10,19.496905699559363,4.247405718288525,0,1.0,1
3.1181930016389985,3.949765058342339,0.05,0.14524851953255657,14.390111252110392,1,0,12,1,60,6,17.339043965917448,4.2347007234887,0,1.0,1
0.0366384167014953,0.030925961910127326,29.890782193025892,11.798382646668923,2.1262558727139327,0,0,1,0,0,2,230.91075209079594,0.060125943783605966,1,0.0,0
0.008194725668826092,0.09737455078588828,24.419941578715054,10.689868111283857,2.3209357543208675,0,0,1,0,2,1,179.54701067881152,0.23808948641586777,1,0.0,0
3.2013132179760984,1.9605630948373358,0.0,0.18746551360769495,15.320627296200989,1,1,5,1,18,14,10.043906359163236,1.6088845608013982,0,1.0,1
0.027656622044468827,0.0039168489288197925,39.464594413224184,8.554354335344929,0.9496158926501936,0,0,2,0,1,0,143.12534098775765,0.1114083678609512,1,0.0,0
0.008277264093828647,0.15207963735348412,25.873060295443427,10.90642556458457,2.3535139844484254,1,0,1,0,4,0,78.69668385025649,0.0422991646271942,1,0.0,0
0.26559346315236054,0.22389319550910178,17.450918307763423,8.378228046186594,3.7648737104525094,0,0,1,0,3,2,49.01655600295683,0.05492026569782491,1,0.0,0
0.02234234667162146,0.12999484761900607,27.348334033108554,10.49876189278558,1.4956879664956833,0,0,2,0,3,2,145.11886348701606,0.013942002391756353,1,0.0,0
0.06272885676607573,0.1415891017042753,23.617616619819678,10.371946318531235,2.532372011296723,1,0,1,0,1,1,86.13084481313004,0.07849746674806951,1,0.0,0
0.19483107465354424,0.09763829784231629,14.230361757993151,8.06005982665394,2.679192141924179,0,0,1,0,2,1,518.6918074571779,0.22904332389508056,1,0.0,0
0.0040503143052672864,0.12116077853201068,27.915620834487513,8.57160520007168,0.0,0,0,1,0,1,1,147.78986902421477,0.14573435867332027,1,0.0,0
0.03606394688138969,0.1531351830057395,23.572750762942302,9.703872474206484,0.9226110361010631,0,0,1,0,3,1,285.14869081040206,0.008733264882499208,1,0.0,0
0.2768129313178112,0.11596133015014054,25.275760471071536,9.402645649486823,1.5131781274817024,0,0,1,1,1,0,380.9969876649964,0.05612556086563857,1,0.0,0
0.007609823413288692,0.02629522883203965,25.398952694415666,6.142117195785243,3.947256738664282,0,0,1,1,4,1,79.87755255158135,0.17456839940357258,1,0.0,0
0.010920587610282096,0.057023281124193206,22.944395957141197,7.814011548795536,2.168722577345877,0,0,1,0,4,1,100.17787253865181,0.1759511685937998,1,0.0,0
0.49705024517414087,0.04221384475252265,31.35806246062511,9.50047670139648,1.0655146516904979,0,0,1,0,1,1,30.0,0.03726387759672363,1,0.0,0
0.21043757422541104,0.04469200968889009,29.95148742833248,5.694141855173778,2.3058602707520377,0,0,1,0,0,2,208.28074434480564,0.023320227160091068,1,0.0,0
0.1907129403470268,0.0012089692281157917,31.90765980363252,8.210826465347104,2.0607361255813044,0,0,2,0,0,1,393.2496911848859,0.3296318475874626,1,0.0,0
0.05530733714247081,0.21495720419465705,24.025125398035854,10.698831203585874,0.8508010653119376,0,1,1,0,2,0,30.0,0.016385134572601507,1,0.0,0
0.1553952675500021,0.04536909511384752,23.21088307507443,9.994117655648246,1.522593768402184,0,0,1,0,2,0,194.8687285169863,0.1710164394911008,1,0.0,0
0.1759564851964824,0.21565489977794258,18.539381020558693,7.924594223741767,1.4544462195884729,0,0,1,0,0,0,82.55235265985176,0.021790329660690527,1,0.0,0
0.12356265213002818,0.1177265019520404,18.451794533595404,10.583333466166701,1.6734633966236716,0,0,1,0,5,0,306.6023025556247,0.3858711106619648,1,0.0,0
0.10059208847017448,0.24242988330520054,30.326479457510295,7.854955761785886,1.5362027303501207,0,0,1,0,2,0,99.32759768951767,0.25424123160416734,1,0.0,0
0.17753805314898136,0.06438260974585588,37.18178105255136,8.125851460154559,2.1156207904214335,0,0,1,0,1,1,122.85173074955912,0.17245028539442897,1,0.0,0
0.004930894053056089,0.10662935687471337,10.429311239737919,7.818558456935836,1.7519029503681898,0,0,1,0,0,1,30.0,0.15404595613476713,1,0.0,0
0.2457244262945713,0.046833495387574295,14.06656979040369,7.937953605447891,1.6476951266508295,0,0,1,0,0,1,492.98328450400686,0.6626217606124838,1,0.0,0
0.05105396747181845,0.0025336950515024164,31.552837471685216,9.390793544228572,1.8062236797843019,0,0,2,0,4,0,56.22448121251145,0.3556704141295675,1,0.0,0
0.027426436647618426,0.007158934197015077,35.27503258461947,7.795639103760825,0.10702892307819334,0,0,1,0,1,4,341.98932001078754,0.07027847371454984,1,0.0,0
0.3990045566279732,0.003129530729802793,24.43433399737589,11.594621966175357,3.207026513427685,0,0,1,0,5,1,52.291556910530865,0.23066311517887153,1,0.0,0
0.033979657020112,0.21705978196140183,32.51621167954286,4.639826261353136,2.5913201605738436,0,0,1,0,3,1,133.40937997486887,0.20839919636692664,1,0.0,0
0.03575745037666758,0.02274440713556428,31.473597748163428,7.570153971270559,2.8616488623231526,0,0,1,0,0,3,30.077755842309646,0.17366625539552166,1,0.0,0
0.07227388206913861,0.05147751669462245,25.08439584391131,8.396163282447878,1.0956048770453797,0,0,1,0,0,0,276.61118606037684,0.028281971964836658,1,0.0,0
0.0700707586001507,0.15869219384529248,33.7027502459511,9.188000212610072,0.0,0,0,1,0,1,1,210.4743706124975,0.0007642522669815385,1,0.0,0
0.14035890432133802,0.07645013045973327,30.622401381938772,8.586250861906098,2.901998378210093,0,0,1,0,2,0,113.99043288401366,0.07652826515538012,1,0.0,0
0.26515483268825135,0.10731762377287557,22.533494313966855,10.94438836021359,1.8578488263981807,0,0,2,0,0,1,30.0,0.06431154746943811,1,0.0,0
0.19867267557076784,0.08971579088796569,21.00459774756873,11.170906123403485,1.8678382476446762,0,0,1,0,4,1,30.0,0.017385136542800456,1,0.0,0
0.12443625435543286,0.003132610205009389,14.679796769681188,9.719818245309288,0.9988624421148504,0,0,2,0,1,4,98.38437334907437,0.20496009778494562,1,0.0,0
0.1716471303692237,0.14374052666254497,37.47272369319883,11.100353053626279,1.570323872925405,0,0,1,0,2,1,47.963785942304135,0.16278690328264728,1,0.0,0
0.05239553385417985,0.22006689426312462,25.700229346471367,8.982157952811626,1.729945101855688,0,0,1,0,2,0,298.2724040761182,0.08501925819156154,1,0.0,0
0.0010078624454540146,0.0743301454933967,30.04261868225048,12.30353141740309,2.186047712151212,0,0,1,0,1,1,49.09424918441858,0.5822618840318287,1,0.0,0
3.0910134725063,3.491599575487603,0.0,0.00872608878614789,14.54386950180307,0,0,7,1,45,7,17.27821379749895,3.4907580763256036,1,1.0,1
0.22721233840453056,0.020482416309139963,43.82238175159954,9.015163498420874,3.856415517826335,0,0,1,0,4,2,144.7880923083055,0.06612169792607628,1,0.0,0
0.02311688921499922,0.017521023395766614,19.676948224546237,10.286694525216292,2.0883090132843574,0,0,2,0,1,1,109.6506396516667,0.5062342656143265,1,0.0,0
0.1274594866241644,0.05823862547256887,31.76092014402325,10.139947284693573,2.522971573896945,0,0,2,0,1,0,30.0,0.19102083010646112,1,0.0,0
0.2711003767237074,0.07526884824484063,36.43816482996126,10.756005252403016,1.2190247071557128,0,0,1,0,2,2,125.27811553637976,0.6445743241919393,1,0.0,0
0.09368038153820837,0.015136708351859771,27.49918258792225,8.047649424638479,2.370502010828092,0,0,1,0,2,0,33.820720661533144,0.1322981716471996,1,0.0,0
0.2884569276941206,0.19658995796187673,20.01762750771454,8.295467299564814,0.26395794044860654,0,0,1,0,1,1,293.81954337228444,0.080545083500285,1,0.0,0
0.05868911307779403,0.10463020203864538,43.52266463548642,12.754594827499137,2.5267642170046773,0,0,1,0,2,0,30.0,0.11178152006092668,1,0.0,0
0.06498403669354025,0.03007670727064027,26.73159825253075,6.866276999570084,3.0917634909166436,0,0,1,0,1,2,168.47533616598798,0.19742536132102456,1,0.0,0
0.2399103830228357,0.11624846107059603,28.13559783294727,10.008375922064806,3.838436899528329,0,0,1,0,0,4,552.8607186360528,0.12215681382588127,1,0.0,0
0.05740216378785662,0.0070860541940658515,30.36468059178101,7.148862942817567,1.9805235346986545,0,0,2,0,0,2,365.95327899285826,0.16025775328681002,1,0.0,0
0.005772559715037266,0.03680111531976906,26.928183704182707,7.672379762756206,2.62493949031588,0,0,1,0,1,2,47.71359127308205,0.01619649010688836,1,0.0,0
0.08630807835742713,0.05242404773094206,26.52786390247266,8.60271751760536,0.0,0,0,1,0,1,2,111.23363043538502,0.31169593613571817,1,0.0,0
2.076253474015845,3.8432021875576234,0.05,0.17830649057382283,11.657973902922953,0,0,7,1,25,8,1.760328614494604,5.7180831490372395,0,0.0,1
0.10634067390380868,0.010816497414376682,25.791634581645187,8.240418341590614,2.724002255000016,1,0,1,0,1,2,71.20781104700067,0.1544310948815671,1,0.0,0
0.15111740695777215,0.20850412134872753,24.0270860542203,11.393645680223068,2.950241651717097,0,0,2,0,1,3,30.0,0.15362996933675666,0,0.0,0
0.9455049439306833,2.5405383447625405,0.05,0.07744151037703756,17.47494095943336,1,0,15,1,32,12,11.151160053205308,3.223494675472768,0,0.0,1
0.22459314766790064,0.1344872303693493,25.9647139084353,9.02773204180589,1.6837234568090826,0,0,1,0,2,3,419.58425408119285,0.02220754520084521,1,0.0,0
0.10501520713337367,0.10200497815489795,24.577820297107248,7.027869562918701,2.1880995661527485,0,0,2,0,0,1,242.40830644885094,0.06698011456805379,1,0.0,0
0.35963668598259424,0.025558537436527407,44.88830185155962,10.315959515610267,2.0176418087350196,0,0,2,0,5,0,30.0,0.01216874876288666,1,0.0,0
0.07723850035623513,0.17556971937906338,32.56157189977576,7.107765897307397,2.392547815237406,0,0,1,0,4,0,240.46349816855403,0.08111044116404284,1,0.0,0
0.050245670229272336,0.031748140055053525,33.64776483525812,9.31308427653339,2.7272793759371594,0,0,1,0,1,1,132.54623234501335,0.037117408792600226,1,0.0,0
3.19764305024528,1.9255963097890194,220.0,0.16281679822955614,18.11521959415549,0,0,5,1,60,13,11.073100306154087,4.355522147604577,0,1.0,1
3.394675353812848,3.5491422107334967,220.0,0.022809418189484565,8.643643723901265,0,0,5,1,60,7,1.2147693936852564,2.239789459827742,0,1.0,1
0.27983548346294146,0.0037731292050693873,20.01162112852093,7.165680899867347,1.5806869690155234,0,0,1,0,2,3,147.53573312211364,0.07648108973639732,1,0.0,0
2.7879811983276146,3.0618849202902476,85.0,0.14061496775889323,15.46015479957258,1,0,7,0,18,13,10.682662089918534,3.676656637852081,0,1.0,1
0.026025863335300423,0.04522326293586256,24.992000156088373,8.251743250364592,2.0716312767761695,0,0,1,0,2,2,89.71507305189866,0.10389883090849578,1,0.0,0
0.04484390739968449,0.03810825607018655,27.331562552914257,9.162445519719753,1.840057851701166,0,0,1,0,3,0,113.05007694522423,0.06945677845940945,1,0.0,0
0.04738823664603219,0.06514343461983145,10.741479370268282,7.370096946689559,1.138976893511741,0,0,1,0,0,0,145.80220912851635,0.7308971948046744,1,0.0,0
0.00960904119652593,0.08155492489422468,30.388139444703153,8.915676766728142,1.6195314638826654,0,0,1,0,1,2,83.56097813147603,0.06896994243092945,1,0.0,0
0.006366166565107396,0.12258056574676297,20.13523857182553,12.45141020246015,2.1668593898926756,0,0,2,0,2,0,122.76675624019813,0.013080258047450869,1,0.0,0
1.7041460015556082,2.8376899760609966,220.0,0.08803498088088266,5.838100509551339,1,0,7,0,60,12,4.03131618598463,4.969274592353249,0,0.0,1
3.4571565220443317,0.8,85.0,0.1167463096262901,14.889935690563695,0,0,5,1,32,10,14.585511437660923,2.7824068628497134,0,1.0,1
0.050880635879396584,0.01591743428294702,14.643755706943644,9.015723234589919,0.7603295606475193,0,0,1,0,2,4,436.98843106272267,0.146187592459413,1,0.0,0
0.216166450459487,0.03214750572468153,21.75741317446239,9.048920355227683,1.1919465709099628,0,0,2,0,0,0,87.52091886551304,0.1825621770276853,1,0.0,0
1.6907644298518167,2.573200091673594,220.0,0.16971118951347441,21.878277662800528,1,0,12,0,18,11,24.336778762788484,2.322414677171773,0,1.0,1
0.25376370230874234,0.03239813415907463,25.50979156234369,9.572975454242659,1.499008730269583,0,0,1,0,0,2,411.77774704838765,0.19203831517095266,1,0.0,0
0.07201114757187516,0.08115741605699643,19.69355217012093,9.230792416472386,0.9669711549650561,0,0,1,0,0,1,57.91251720624713,0.9,1,0.0,0
0.09114354028236826,0.016683275201728825,35.6823616073054,10.919787920038209,0.795185659062545,0,0,2,0,0,0,30.0,0.11775412950851978,1,0.0,0
0.16121898208616056,0.10902168176189714,20.369469487661682,6.417989563432426,2.891078677397397,0,0,1,0,0,1,85.51737206495072,0.10903640293459707,1,0.0,0
0.43979521470270805,0.06738840478446818,30.734499333724358,7.329873657206801,1.296166741930537,0,0,1,0,2,1,565.6364209512435,0.22156035026934823,1,0.0,0
0.29482662332322684,0.019068823014730802,16.552452308459017,8.358732040696053,3.520277988882833,0,0,1,0,1,1,74.73896261471236,0.2456003721386396,1,0.0,0
0.0714017596347429,0.03905832286449999,31.383950455170233,9.079568957316443,1.2477654634725575,0,0,2,0,3,2,52.51306268199475,0.38653138526211667,1,0.0,0
0.06056385683144542,0.237612832280818,30.9537477081907,6.488609825363613,1.461307318531873,0,0,1,0,1,0,178.24180622641995,0.06501848014820756,1,0.0,0
0.07920747576089887,0.025173970527613117,26.105862831091876,5.543772571224622,0.9200677181031607,0,0,2,0,1,2,69.5522493361737,0.13276630873577186,1,0.0,0
0.33433527183134887,0.008844178911914377,20.469880322293545,11.376391170417497,3.5122349106655983,0,0,2,0,3,4,64.41688069363254,0.14852561942091894,1,0.0,0
2.9911522800803185,3.763729500908492,0.0,0.1899964824201474,9.882319761533598,1,0,12,0,25,11,20.76644800675585,5.070374865925487,0,0.0,1
0.18817145109983152,0.0021442330296896337,27.250688426533504,7.97158143001127,1.5439583257140286,0,0,1,0,3,1,147.51509597562978,0.07421740622832,1,0.0,0
0.09148966296588337,0.04498954853584563,37.53514324048571,10.7980293921048,2.4915579194025868,0,0,1,0,3,4,197.9418007903634,0.09370835729993036,1,0.0,0
3.519711607957171,3.879366896237986,190.0,0.09433675020228502,9.145396887014082,1,1,15,1,18,10,24.938436786941846,4.05907680035063,0,1.0,1
0.0033051934364257828,0.032710785200609264,22.879432803212282,6.111682687817367,2.962591982845802,1,0,1,0,2,1,382.6723057598615,0.06422712614982665,1,0.0,0
0.1876916800005585,0.010875703657563462,38.89270926570625,6.7022523782453405,1.5665683623598554,0,0,1,0,5,2,185.90983042122045,0.024758917735918495,1,0.0,0
0.3176450887038674,0.042744745325409735,29.610037334190952,6.685238094473359,3.6956125332780863,0,0,1,0,2,0,80.351593181005,0.7351043133150748,1,0.0,0
0.06515429988091083,0.016664443738996303,27.52998222211601,6.417137460270915,2.000571665645777,0,0,1,0,0,0,211.52550033469697,0.7584904620215713,1,0.0,0
0.047216787185056314,0.10060751207476827,38.838941950536736,10.563477961028118,2.396267916565503,0,0,1,0,3,0,30.0,0.06148455903900951,1,0.0,0
0.061341537533797834,0.0031161315570555903,16.098758920435756,6.577497025097864,1.076584375009645,0,0,1,0,1,0,83.35106198303099,0.054493686040661064,1,0.0,0
0.13215469003828567,0.03511562634147844,29.748211231867433,5.6413470580518705,2.8717051310613773,0,0,1,0,5,0,30.0,0.2336679205902309,1,0.0,0
0.09493811611720579,0.0024716753326272383,27.559012438206754,9.208813134948677,1.90857963803088,0,0,1,0,2,0,184.9525024217737,0.2565173314529753,1,0.0,0
0.09599795525043595,0.005333133697443018,38.09830566396433,9.168599927502017,2.434291461315731,0,0,1,0,2,0,30.0,0.006912297170990316,1,0.0,0
0.22443512096145657,0.07150679935747689,25.390893436773037,11.578713045201386,2.6511897695753843,0,0,2,0,3,1,30.0,0.07425911337905106,1,0.0,0
0.05255031979129398,0.0090374609909454,29.73586673604335,6.533793705711702,1.120129595289908,0,0,1,0,1,2,235.3394328812746,0.8226270053780462,1,0.0,0
0.2098906481922407,0.18126686872338588,31.222167670879713,8.476820431362357,2.5669802632671006,0,0,1,0,1,1,81.95777103483458,0.11754852534121446,1,0.0,0
0.024715425296919693,0.003664115437784223,26.524213090600906,10.015509560416367,3.4070992891611134,0,0,1,0,0,1,30.0,0.1868072044875566,1,0.0,0
0.008253003597171347,0.09531650010302338,24.113543710072094,8.165727831674328,2.7038073822515747,0,0,1,0,3,2,262.4398008756756,0.09472091885628191,1,0.0,0
0.0651497597020657,0.06101983573805935,31.879611778194192,13.841350749726129,2.5304518530891507,1,0,1,0,1,1,349.7895448365993,0.2075426399686621,1,0.0,0
5.06372213040126,2.769253227192052,190.0,0.08643373054222261,9.419626101786573,1,1,6,1,60,10,10.404675311809882,3.9201061887611806,0,1.0,1
0.10607076694456483,0.018441855942474786,29.68886973954627,7.450662438869271,1.7022643511187687,0,0,1,0,2,1,206.43007925626515,0.3322533121031708,1,0.0,0
0.027388438385214924,0.06764601775949733,22.47650283365369,8.011808875682917,1.4253970784659846,0,0,1,0,1,1,253.25028210132385,0.42043585023793145,1,0.0,0
0.40514133982609274,0.06774358360261391,10.617492963165791,11.160687014979437,1.7355196512313773,0,0,1,0,1,0,468.99335106677034,0.10666521743512627,1,0.0,0
0.327627247476243,0.0954678263753004,26.63890328717301,9.358701427322542,2.816985143143284,0,0,1,0,1,0,177.97625041545916,0.044918138323821424,1,0.0,0
1.809756385768629,1.80297836348776,0.0,0.07855452562204232,8.184139131046148,1,0,5,1,32,9,20.137723589806164,2.760755203245289,0,1.0,1
0.04269742455717288,0.06574186463384099,26.093943397719222,11.287849061082145,2.479077055497452,0,0,2,0,4,1,468.19782449588877,0.048091385409681886,1,0.0,0
0.5873764219001392,7.249966102099665e-05,29.42463809485025,10.153167930274495,1.1832591338770881,0,0,1,0,1,1,392.7154161704497,0.2178659940202405,1,0.0,0
0.1267436917103146,0.0018969498339480014,28.494888084740634,8.66077007752731,3.0045978671244824,0,0,1,0,3,3,52.44631745478935,0.012899417857400992,1,0.0,0
0.02008888558942639,0.010902981480165807,18.10900133405149,8.06062590995232,2.259384333442802,0,0,1,0,0,1,30.0,0.13913434888121165,1,0.0,0
2.592097073268165,3.94646413888161,220.0,0.24704140839799965,12.54854457134206,1,0,6,0,18,14,19.20903267254326,3.920093717593445,0,0.0,1
0.07013178268463582,0.08966896826880166,18.393546677803027,9.092369107976927,1.358550681502134,0,0,1,0,1,1,34.44025979540627,0.3864194578173319,1,0.0,0
0.15667954905455986,0.058386624561987954,28.246510433479603,10.08137242005168,2.1301510619855843,0,0,2,0,1,0,30.0,0.22339054069417041,1,0.0,0
3.001560649465865,3.2342458882227816,85.0,0.19606094267077803,18.83401757342061,1,1,6,0,32,14,18.459956078003856,4.114040849376869,0,1.0,1
0.022187625243325397,0.009602362656633426,24.13097366763078,11.414875898740872,0.11138081028228042,0,0,2,0,2,2,383.19348874118873,0.22521827812070727,1,0.0,0
0.06940918166856926,0.029155085792755546,24.650357388848114,7.31911845959345,2.1809378270039996,0,0,2,0,3,3,44.037991683847814,0.008104873900643645,1,0.0,0
2.372380590330544,3.939782611936225,0.0,0.11779531511349003,13.946644341454125,1,0,6,1,25,12,6.468140328527126,4.150491925841776,0,0.0,1
4.142955000918274,2.404211805068269,0.05,0.20925387900594636,12.299214450199537,1,0,15,0,32,12,5.04967810065074,2.006610474308557,0,1.0,1
0.22381321838977597,0.008225302653712659,31.49588609822038,9.625958363809712,2.00030496426229,0,0,1,0,2,1,74.2540443669418,0.2761373039745207,1,0.0,0
2.905002321559675,1.2915090547733878,220.0,0.029590133302733496,22.661150646234717,1,1,6,0,45,10,5.696891323056365,4.41867648457165,0,0.0,1
0.08449408433648424,0.05312678562062547,21.423805791351228,7.257681513109542,2.5944664815532272,0,0,1,0,3,0,64.62118062151177,0.058022818730135,1,0.0,0
3.576659487137864,2.9816906344589276,85.0,0.21552422515206696,16.54834986284872,1,1,8,1,32,7,4.709520212725668,2.4157863752243585,0,1.0,1
0.031176618830087283,0.11639873475514957,23.810144688639344,9.799162663292346,1.5695852913127157,0,0,1,0,1,0,146.85119533625397,0.48493267802122536,1,0.0,0
0.03000157549273468,0.1302462256419646,19.842494271141316,6.781123626409379,2.8710452931452175,1,0,1,0,3,1,107.2370723541394,0.23815778174290553,1,0.0,0
0.21187170496735838,0.008532519037658877,26.887772795944734,8.405882918451226,1.121599522660699,0,0,1,0,3,1,68.86475268534548,0.35366909169436817,1,0.0,0
0.333798712628927,0.06577656839404326,20.226862143483462,8.497857732925171,2.820982092416911,0,0,2,0,5,1,57.55590321201227,0.017749022216208086,1,0.0,0
0.16050107419986787,0.035895723711020185,28.892032331668357,9.064001085109021,2.803316042737829,0,0,1,0,1,1,490.072910548203,0.09710020779918424,1,0.0,0
0.35270106366110415,0.04362444799443886,21.020760626174024,8.626035317798458,2.7963100828535357,0,0,2,0,1,2,30.0,0.2110869006167474,1,0.0,0
1.5348107558398247,3.08713934097039,220.0,0.017472345017758545,17.252738776786323,0,0,8,1,60,11,22.578263163188723,4.638254056911258,0,0.0,1
0.08876146065327203,0.14862859408661275,28.288961592890683,8.343781979774421,1.2166912432749366,0,0,1,1,2,3,30.0,0.07816077755522255,1,0.0,0
0.011104496280609576,0.0685476537963209,28.983095917523293,11.541201803526423,1.8381707369856437,0,0,1,0,0,2,49.32956937479908,0.30054488204545665,1,0.0,0
0.20043429004805882,0.1106534331133485,28.508098704529377,8.141343944253936,1.2603709515314123,0,0,1,0,2,3,349.37007892944456,0.06262115125411778,0,0.0,0
0.6795045004326534,0.10643628244080931,29.64556013984927,9.4250958455955,0.9928252642923499,0,0,2,0,2,1,30.0,0.3181871770819282,1,0.0,0
0.04719890452667125,0.07921735304684274,8.3487663897657,4.469556189135247,2.3459436679800665,0,0,1,0,0,0,133.39960045938975,0.013414461867217425,1,0.0,0
0.1703886877392432,0.09719732223463717,23.61234947500874,4.177888005301458,2.817686313054554,0,0,1,0,1,0,248.5093856350013,0.851930594906317,1,0.0,0
0.02818788374178399,0.19363790199122552,27.41399307530125,6.7504475514912645,2.8215388173082103,0,0,1,0,1,0,33.10514919133833,0.011272926089474751,1,0.0,0
3.869279011218838,2.08259631673456,85.0,0.08827950859578962,17.457459102925984,1,0,6,0,60,10,5.152425843087348,3.380540573310935,0,1.0,1
0.03772413668737295,0.155353762636488,33.546877770563405,7.75897328681226,0.49757540235644826,0,0,1,0,4,0,36.52592942365473,0.41622742732952234,1,0.0,0
0.013365615319579173,0.003894705191374621,29.733275214300434,11.363778127549027,0.29275886479463265,0,0,1,1,1,0,364.9750936435519,0.059386417595854904,1,0.0,0
0.059757824107338084,0.09543972457936939,30.225992683809373,9.64731392655343,2.078115692483465,0,0,1,0,2,1,66.18579843089344,0.015728562986721564,1,0.0,0
0.13365954470079003,0.14090736176622348,16.81915603470923,9.179057574808432,2.460422267984389,0,0,1,0,1,4,63.56528892758686,0.04688694664737594,1,0.0,0
0.04954726707786099,0.07722196719388906,22.523442635102274,6.892350703514509,2.8773622092064755,0,0,2,0,0,3,957.7998828750705,0.033569097885513585,1,0.0,0
0.44167679734681137,0.022284523540720858,34.23900445753236,9.602873076351091,2.1531931405580775,0,0,1,0,1,0,30.0,0.0007682798096657693,1,0.0,0
0.10330269085108888,0.052334880030959874,31.345677048032968,9.114618707472676,0.9460691521447779,0,0,2,0,0,3,266.3860787702599,0.5258938857887728,1,0.0,0
0.03413204573485469,0.0793038059994726,14.632575102010229,13.450627601872204,0.0,0,0,1,0,2,0,98.44181618532023,0.002636235613621059,1,0.0,0
0.09989517689617866,0.0246947642385643,28.579483107873273,7.519665369246879,2.087625155169964,0,0,1,0,1,0,280.3561325243931,0.9,1,0.0,0
0.1790694452565769,0.13085203728173675,32.845105905477965,5.445758409328489,2.451662473284194,0,0,2,1,0,3,248.69124836690085,0.8043857947801514,1,0.0,0
0.05526401377424872,0.02501265301504434,24.705862706283142,8.821409102556924,3.980154351531392,0,0,1,1,2,0,88.85142600744084,0.6264532096833777,1,0.0,0
1.8130291003622516,4.79226149095394,0.05,0.053572909190477164,11.23407499350255,1,1,7,0,45,12,16.75713139919804,3.892445559189039,0,1.0,1
0.12832607317571548,0.07710941189122039,13.56812427126675,10.57277181717405,1.3192783908822956,0,0,1,0,2,0,483.9189552438133,0.08168984605637128,1,0.0,0
2.8853904976203166,4.444773882397497,220.0,0.2244181816235109,11.249103390445741,0,1,15,1,32,7,6.290071876188485,3.6370984376021664,0,1.0,1
0.003984512580675395,0.15372937025514602,25.178127897585913,7.5242618238524095,2.506410341379137,0,0,1,0,3,1,97.16057413701277,0.10436108716569992,1,0.0,0
0.21980579786027085,0.11249774068180335,33.31822168337577,9.392748489517071,3.1868930775958972,0,0,1,0,0,1,101.839748309002,0.018359105504283386,1,0.0,0
0.27580078194607,0.09415470445215894,12.207839930540192,7.552234260428562,2.777549765524128,0,0,1,0,1,0,30.0,0.06956709613440534,1,0.0,0
2.909579110524419,1.5533087876278668,0.05,0.17194174251449051,10.246381733843794,1,1,6,1,25,13,16.53641055536253,4.98318438636684,0,0.0,1
0.07179592480172403,0.15883248690593285,25.318578217750872,6.0126537716223165,0.707570837399887,0,0,2,0,1,2,90.55652818794637,0.0012659195874977294,1,0.0,0
0.06268868189455168,0.0058529867339829735,35.34899318875729,7.822182908648332,2.2076273980159082,0,0,1,0,0,0,62.4099943247883,0.2988774359704933,1,0.0,0
1.9223280503465947,3.0595344720791506,190.0,0.007153083506492769,17.537321116241035,1,1,5,1,18,14,24.265372200740995,4.622221968844056,0,0.0,1
0.05154811389739727,0.12795822839925847,44.45668399361912,9.774238080822455,3.4262342580797647,0,0,1,0,1,0,34.24636143326044,0.44838848931455344,1,0.0,0
1.5433665352937616,4.352731970522256,0.05,0.11437615205793505,6.870164684794023,1,0,5,1,18,11,7.997231628590304,2.297509728052791,0,0.0,1
0.06167710966493286,0.2502883996003483,26.396946541874858,7.16128780749941,1.2818043662123766,0,0,1,0,3,1,315.8489068053039,0.10151364810298585,1,0.0,0
0.2652929828172142,0.020149087661273785,23.423592024994235,7.208183653475407,2.36926553465619,0,0,1,0,2,1,30.0,0.0913795428153144,1,0.0,0
0.10304425798230722,0.025365311392246317,15.897594443499441,6.642527368934431,0.8631288183655845,0,0,1,0,2,1,685.538316722792,0.042854220356645954,1,0.0,0
0.09791466131615774,0.05572410400148195,24.59520347137269,11.170209234537248,0.8049294364849437,0,0,1,0,1,0,183.0599524892065,0.6428815809741626,1,0.0,0
0.09731000982595954,0.09516372345473599,30.812855037147457,11.117978819458225,1.406300573012743,0,0,2,0,1,0,275.9784388082207,0.08532980277424182,0,0.0,0
0.0934743700992395,0.006517813576836244,14.211971875426848,7.065434053968662,1.8659512334978088,0,0,1,0,1,1,159.1789122457148,0.13180189362791625,1,0.0,0
0.024477555847416056,0.008596017061311363,24.364751273119943,7.629613335604414,1.5316513114405506,0,0,1,0,1,3,349.097517213664,0.2886138229762288,1,0.0,0
0.09771323582485368,0.037416985118175386,23.567497902058626,8.61236783678464,2.128763736348433,0,0,1,0,1,2,733.9062691807457,0.09577735782633842,1,0.0,0
0.07876645089087812,0.04479078577495875,29.121634439877123,9.047871473862676,3.270812229656913,0,0,1,0,4,0,265.04610450937713,0.006406795076348332,1,0.0,0
0.3131972939051898,0.08282989183033049,24.33881436063347,8.115393631436746,0.8919466731705576,0,0,1,0,2,0,101.34775171050464,0.285910913770729,1,0.0,0
0.10324075577026605,0.1373141850355772,23.018527804777037,7.100861442843156,0.13958849780350557,0,0,2,0,1,2,30.0,0.014150797338365231,1,0.0,0
0.06033402527264277,0.05276065926301672,30.927752737559636,7.596127723988019,1.9501816690939975,0,0,1,0,2,2,742.557675458492,0.4002586326418349,1,0.0,0
1.41087178970541,2.9375240609322764,190.0,0.036268232201572825,21.331931644109122,1,0,5,1,18,6,7.752735765920672,4.995210996523128,0,1.0,1
0.015307572394173751,0.07257587488792404,26.42549760750912,9.280385221210805,2.27845878944741,0,0,1,0,2,0,701.7956865514396,0.17290549907264716,1,0.0,0
0.8,4.432243730575301,0.05,0.026959972175887276,14.823015194143748,1,0,8,1,60,11,7.778074571051944,2.751119356985615,0,0.0,1
0.3905920387084885,0.0056982825332794855,25.65856614849568,9.099040838832321,1.7460990372591245,0,0,1,0,1,0,60.98932230096646,0.09485263641332574,1,0.0,0
0.14405700283886172,0.044053903644526715,19.137282239615676,11.02352232079,2.055538740891666,1,0,1,0,0,0,66.42190058111666,0.004034519156080358,1,0.0,0
0.496847644420957,0.03243319193395532,25.023205699504675,9.220261902555125,0.5952347783329992,0,0,1,0,1,1,111.19522343354713,0.0455695019833705,1,0.0,0
0.06954728906985685,0.0465572499252291,19.976332924131327,6.264211322559585,1.642995510548985,0,0,2,0,1,2,243.40316646964752,0.42874995246749825,1,0.0,0
0.021197436623201307,0.11785789233564281,30.901468932631357,10.502652269599185,2.346533146819245,0,0,1,0,3,1,110.68628171949165,0.04124138436818579,1,0.0,0
0.19768179495642793,0.030622696359119916,9.304204109148746,8.18159657682672,1.9658281184656725,0,0,1,0,0,0,105.06949331823182,0.4995673521073256,1,0.0,0
0.06906569920378726,0.0483254159773261,37.12608898493189,6.902296911965408,2.5892282848866373,0,0,1,0,2,2,580.4987097374595,0.41476428374725977,1,0.0,0
0.04390886122466787,0.0717022666792763,25.533792810846183,13.397624611480454,3.2462627809986806,0,0,2,0,4,0,89.83703861589433,0.45785186842422027,1,0.0,0
4.023647985237504,0.8588214407257468,220.0,0.023787778640190216,14.944704656550797,0,0,5,0,32,9,7.424752030590791,4.6301019346806696,1,0.0,1
0.21153773669362563,0.11027712444029093,36.368656141365165,5.830346364823013,1.1581266490829112,0,0,1,0,1,2,149.47198758800926,0.18989661454224693,1,0.0,0
1.6360962266590415,2.400224446583116,220.0,0.0013947659512907329,9.505433583380269,0,1,7,0,18,13,12.778467864305496,4.067127468250385,0,0.0,1
0.027115830507815117,0.002670107485803541,25.32530754579572,6.83953073266543,2.199021112762732,0,0,1,0,0,1,30.0,0.017849099514900393,1,0.0,0
0.2694303008217758,0.06912697528400678,34.54385422751863,9.88739591002629,0.4668254046376654,0,0,1,0,2,1,314.35921496428983,0.09625159164816507,1,0.0,0
0.006989964458867771,0.020917959987214588,26.247599919620473,10.86365658788408,2.638516579248364,0,0,1,0,1,0,37.91961402489588,0.0891554001313899,1,0.0,0
0.15645105623217082,0.08038559794619422,22.1421863197156,8.94719890889181,0.604109765536381,0,0,1,0,4,3,109.43655522799713,0.1051955989527757,1,0.0,0
0.0013043937651617658,0.029553133752650788,39.66350362662197,6.4406894886151616,2.477634391009885,0,0,1,0,1,0,170.8896815827503,0.36046740825276524,1,0.0,0
0.28387704818914683,0.06252330224468546,26.649201460456865,6.499722157520086,1.678830600956318,0,0,1,0,3,1,141.61871719919895,0.9,1,0.0,0
2.4978153357432564,1.1415422228410415,85.0,0.11067641868937361,19.65172334810137,0,0,12,1,60,14,12.904416990848205,3.7521520826265196,0,1.0,1
0.01694435028421997,0.011339996906380313,24.13416887003477,8.330658205000672,1.9490822696607821,0,0,1,0,0,0,129.06321173258692,0.3617134929977117,1,0.0,0
0.343574534722938,0.2652423676624636,23.71370353537151,12.639895478139358,2.9626072740766523,0,0,1,0,2,1,55.441505594822196,0.25701025420329876,1,0.0,0
0.04217820307523163,0.11538357695714074,30.226131113331554,11.667872881926966,1.446954992283064,0,0,1,0,1,3,30.0,0.5885784855281629,0,0.0,0
0.3023860281956532,0.048654618929847245,3.3720419724129655,11.590452891769639,1.8111198632865442,0,0,1,0,4,0,181.1917766318401,0.09721028182955105,1,0.0,0
3.047244413559255,1.2340398869213678,220.0,0.15285514345973358,11.235424888007701,1,0,8,0,60,14,11.64318773237715,3.399792083508135,0,0.0,1
0.026659575084728517,0.06003026375702394,28.884584254100222,9.81880357969699,1.9685969830754961,0,0,1,0,1,0,46.66633237377798,0.44467710056277004,1,0.0,0
0.0860208670963304,0.00628489391438677,27.356590996369643,8.24400604957321,1.8503246259867392,0,0,2,0,3,1,101.64417781255426,0.12791043353268428,1,0.0,0
0.015529008722881122,0.00628252212888579,22.43074232994057,12.964692066371477,3.9874008825271634,0,0,1,0,0,1,90.80877735848821,0.31281208658528825,1,0.0,0
0.1772129558449675,0.0580446845830855,15.371090108199223,6.851555121265094,2.6388688736788817,0,0,1,0,0,3,81.29465376954971,0.3977561880139006,1,0.0,0
0.0650043007911736,0.21020511167628864,33.04487728018589,9.336430156532394,2.599441015306259,0,0,1,0,0,1,30.0,0.20050817210391547,1,0.0,0
1.2293687468530625,3.149082320519085,85.0,0.1955853460364628,15.263961244746334,1,0,8,1,45,11,10.943139776537905,2.182197919331239,0,1.0,1
0.21174694382891207,0.05583216858174533,20.538992830285597,6.624093182310215,0.782328622393516,0,0,1,0,4,0,56.64125705116038,0.013693480124529324,1,0.0,0
0.3127579412462882,0.035008986002160916,24.64791342605295,10.227654688311535,2.845460532974367,0,0,2,0,2,2,259.3231134635885,0.40895116084322264,1,0.0,0
0.25871358361848396,0.0006825497388332491,27.609470417925564,10.105455144875396,0.44346306579837513,0,0,1,0,0,0,112.15662438824828,0.1781846227881484,1,0.0,0
0.14989516131799194,0.00433486755815677,25.82999453030982,7.320481518665729,3.0243517898599652,0,0,1,0,2,1,278.4860155992106,0.019595150839042574,1,0.0,0
1.85339683082585,5.053628935715824,220.0,0.2061066497082781,19.012467420522476,1,0,8,1,32,7,11.029817528504019,4.231234008592592,0,1.0,1
0.008857695725270594,0.028608960977808077,22.704051189144014,9.617116306563144,2.4767725530026037,1,0,2,0,1,0,105.0272782553488,0.6747172881604031,1,0.0,0
0.021321783054727775,0.03520059772189231,43.558143911395945,11.376057443746525,0.931796168545683,0,0,1,0,1,0,30.0,0.26547357550162554,1,0.0,0
0.24074928743617857,0.015476128539644344,29.017067844910535,5.970222311794583,1.8301067983324042,0,0,1,0,1,3,115.83714492838821,0.08499138468758015,1,0.0,0
0.007417810476540978,0.011901542942480244,31.044474619500868,8.801735257023125,3.1665772055734003,0,0,2,0,2,4,333.6787108134945,0.06584520136361595,1,0.0,0
0.13390951317815303,0.053085871762216595,26.93759318066409,10.262026694330405,1.2170569207276156,0,0,1,0,3,3,243.7787334804827,0.07918192086397124,1,0.0,0
0.07204344581094514,0.010528920983150938,29.780124612061986,7.560084253653697,2.8804813009141137,0,0,2,0,2,3,48.779525490085994,0.9,1,0.0,0
0.016417573901599678,0.0688345065636764,22.025345104711263,5.547539039381203,0.7429469253565575,0,0,1,0,4,1,30.0,0.16918166620659014,1,0.0,0
0.01467993851336818,0.04837483330796303,23.094360642922698,11.010452493269163,3.1324231099888955,0,0,1,0,4,0,241.4595876082666,0.44204625966980227,1,0.0,0
0.06903834753941174,0.10337374092905387,35.81050242586511,8.615508293334456,1.573213529076575,0,0,2,0,2,1,230.29240141042735,0.22725846757153653,0,0.0,0
0.22043820845733644,0.033268269714673226,24.512838081008606,6.767986582034748,1.7849379639391367,0,0,1,0,2,0,210.30394042631323,0.011158770229294002,1,0.0,0
2.5252595857345916,4.940464416686069,190.0,0.009100685043164164,18.220548521149258,1,0,8,1,18,10,2.008645840426939,4.908711136326724,0,0.0,1
0.14250708162001816,0.046069173938854735,17.797180896692325,11.571061546743765,0.9305976127645033,0,0,1,0,3,0,155.78944713022827,0.12203831481933741,1,0.0,0
0.02232455281255127,0.1109550319972004,15.03128440182853,6.799983490479228,1.891146119267299,0,0,1,0,1,0,30.0,0.17589950064627158,1,0.0,0
0.05993125968979133,0.0479117311857868,26.419740003869947,12.49230463950985,3.0642758718444707,0,0,1,0,3,2,206.1337710847055,0.14838803234275208,1,0.0,0
0.10946314204986864,0.009324298226675852,6.942821013056427,9.033043299956402,2.041589067558434,0,0,2,0,3,0,345.8471211472024,0.1383025098906717,1,0.0,0
0.26516109941441834,0.19730103855551606,17.22618797193487,7.23910961841364,2.1650406365377393,0,0,1,0,1,2,30.0,0.21532175073325482,1,0.0,0
0.06695034735868348,0.2292053923428043,26.003919946377867,7.539159561193012,2.162634469900177,0,0,1,0,2,2,150.26867495344453,0.9,1,0.0,0
0.046930537574307915,0.02120887384643698,36.18378321902655,6.6588335483270455,4.208348264339871,0,0,1,0,3,2,61.09508448822571,0.01380937445856579,1,0.0,0
0.06464621071965237,0.11197077410196739,15.397985436590105,6.381318625450347,1.9429200968041023,0,0,1,0,1,4,215.99574386563168,0.0008997993249150901,1,0.0,0
0.023377418097972953,0.010705484408362423,39.26604028476279,10.034125378979404,0.4397580224462827,0,0,1,0,0,1,188.9474355445352,0.05666492334933974,1,0.0,0
0.33862144843024733,0.027306687141633347,26.562237008376485,9.105227051892507,0.9391157443004159,0,0,2,0,1,1,181.3948345369865,0.166149699961246,1,0.0,0
0.16240883247168839,0.0337892773203095,17.048849016265205,10.732861497564414,2.5976610012779955,0,0,1,0,0,1,210.6446030937639,0.5575093951925494,1,0.0,0
0.05843588678519522,0.018929379727151276,20.248234215864844,5.419134565751407,1.9888974093771656,0,0,2,0,2,0,65.13318417887675,0.14881372484544217,1,0.0,0
0.023387883492565008,0.05829548415214221,24.282847596685382,4.515628867301572,1.7393511501050778,0,1,1,0,0,0,67.74458278974348,0.49487538057953206,1,0.0,0
0.008429718034932995,0.028216240414197763,39.94466085248217,5.962497984797434,2.4354156527309407,0,0,2,0,4,1,483.8932545913827,0.06150799831856858,1,0.0,0
0.08593118843194844,0.051036128308843944,22.704714306126526,9.808711381192435,1.7122929444505235,0,0,1,0,4,2,30.0,0.11935571121650777,1,0.0,0
0.028957892911016716,0.060373537518290304,35.15574934784541,10.48882056243526,3.070882292171469,0,0,2,0,1,0,30.0,0.471457024093358,1,0.0,0
0.028387307874002943,0.050147653801919996,36.45596831303874,8.337440903972828,1.8047054202038013,0,0,1,0,2,1,141.39744919536173,0.10480796137340949,1,0.0,0
0.060219163780376984,0.08511533519309965,6.817015045755483,7.5255581166635555,2.001912936020994,0,0,1,0,2,1,73.47867458763673,0.27656421659209746,1,0.0,0
0.04023539911099943,0.002010428009179326,19.15442815113153,7.619348630647619,2.6080926239670688,0,0,1,0,2,0,211.95159957855827,0.1582156716921892,1,0.0,0
3.9963127972313264,5.1761910877201345,190.0,0.20061201971733514,12.808341039384395,0,0,8,0,18,9,16.22326037342635,3.2796099006678867,0,1.0,1
2.8214019095706218,4.477780124861245,85.0,0.04042303733649352,10.622498651807033,1,1,7,1,45,7,17.04906498528464,3.1313891227979713,0,0.0,1
3.917120603025581,1.1022076153179792,0.0,0.10389827479238639,8.811500058316675,1,1,6,1,60,10,3.5285609090470667,3.5091796954472687,0,0.0,1
0.20847095309303412,0.06473974720046605,25.389961253652025,8.075531396768907,3.5447973463842604,0,0,1,0,2,2,281.8973304525971,0.04164795324644209,1,0.0,0
0.1697870229746097,0.045228696682175926,36.56666794889198,8.954627590984636,2.2238466897796565,0,0,1,0,1,1,169.20408437839154,0.3339849509003582,1,0.0,0
2.8817070603679174,2.2786030906822528,220.0,0.07667358686273887,12.073369440923404,1,0,15,1,60,11,19.83215987429518,3.1856287588085457,0,0.0,1
0.07936531878141904,0.037345604958688064,18.891447928306754,8.610460872962223,1.9242855963922423,0,0,1,0,0,1,426.1819914878603,0.2824468922321354,1,0.0,0
0.0013268075558036635,0.03343181227689352,20.809512250610926,7.762233794125953,2.2745361875832817,0,0,1,0,1,1,97.03519003950171,0.024344539985939554,1,0.0,0
3.1710867735271204,3.2310222906447357,0.05,0.02390582140606229,18.45633587072037,0,0,7,0,18,11,24.008617334586965,2.1449677079298377,0,0.0,1
1.7497629126587697,2.5607124618436203,0.05,0.03233826926737951,21.765114573294284,1,0,8,1,45,12,16.85436639422325,3.2067263647121553,0,0.0,1
3.477833333488771,3.9801892131817724,190.0,0.06699056786282201,11.914321855158041,0,0,5,1,45,6,16.374437383544276,4.577488719386084,0,0.0,1
0.00929710425735708,0.20259597953315947,23.16643234405795,9.027638171358682,0.7959130498288034,0,0,1,0,3,1,415.5391792090416,0.3058738815059446,1,0.0,0
0.1178382946382682,0.151256322646667,34.12057758679029,7.3521307338516,3.026162214844198,0,1,2,0,0,0,30.0,0.1893896957168601,1,0.0,0
0.009061899547033302,0.028247955492362725,9.508567525473744,6.013282524781292,2.23741194901094,0,0,1,0,2,2,621.8613791124432,0.1727701817918269,1,0.0,0
0.010746104527668953,0.20281834166876603,26.46124126021568,9.666809831596382,2.904149594851582,0,0,1,0,1,0,546.3563280284154,0.19327283881007717,1,0.0,0
0.04150229377753627,0.12233565210508796,31.7072691676631,6.625884647067733,0.8508166325963342,0,0,1,0,0,2,129.67372447557838,0.13483233313804185,1,0.0,0
0.14001343152686274,0.09526647163017643,25.209132138253725,7.329109958160064,0.7519894111063399,0,0,1,0,0,3,144.49068304583022,0.12920487028548003,1,0.0,0
0.09578587873752971,0.10196126505406998,23.862835925370046,6.731239569275591,2.657912631592761,0,0,1,0,2,1,163.7692023178582,0.0019143839722363491,1,0.0,0
0.05008894576929571,0.0008015408248489786,24.54878732794229,9.987021340669193,1.7764929397034896,0,0,1,0,0,1,82.81146880776934,0.39662520623295,1,0.0,0
0.04067058775604566,0.094516747654487,28.212614754762537,10.859076535215475,2.810530762789549,0,0,2,0,1,2,92.54501018725203,0.017934372953472322,1,0.0,0
0.2866633141307208,0.02964935885395957,18.43714869505049,9.063897747618102,2.178931728938161,0,0,1,0,2,0,41.78881108230627,0.2659318201116309,1,0.0,0
1.5607041908295285,4.8304831962676795,190.0,0.005582614126093788,8.353133471782789,0,0,6,0,25,12,11.046380002973194,3.3099008634071367,0,1.0,1
0.013375316941992529,0.08490398423730611,23.399765852386203,10.786608548660027,0.8953750259060074,0,0,1,0,3,0,59.59244838519147,0.14173742513422938,1,0.0,0
3.3572801647401223,3.2157941428673253,0.0,0.06655590902203601,14.748030234839863,1,1,5,0,45,6,17.47034077192346,2.808145730805848,0,1.0,1
0.1267669465502052,0.08971452198204496,23.43084169694851,8.120037153005844,1.712569791773792,0,0,1,0,1,1,175.87885618318558,0.048147110366972744,1,0.0,0
0.18992282830352808,0.13692999027294175,24.749233786744114,9.652457439191252,2.174311003526577,0,0,1,0,0,1,110.8545203331676,0.02269254255103726,1,0.0,0
0.008156032821498776,0.07066750675708582,36.23201911379983,8.297604745364936,3.2439419249661245,0,0,1,0,1,1,794.1106086612263,0.3690632515877774,1,0.0,0
0.044044514236670086,0.07521497886754057,15.892497542554409,9.754796971242682,1.3760857981550871,0,0,1,0,1,0,60.42129137383306,0.3670426594872232,1,0.0,0
0.030227775468249913,0.08811370969586824,14.773893674790733,6.893242585667419,1.2739958967539988,0,0,1,0,1,2,30.0,0.05302619043036995,0,0.0,0
0.002316140323870301,0.026865162574853912,34.90699867971617,6.832505518561769,2.5198829317679476,0,0,2,0,1,1,30.0,0.09512771008562626,1,0.0,0
0.38989102338081044,0.07560436919884325,31.855388965754585,8.019203048623178,0.2731967972932441,0,0,2,0,2,1,373.286699180571,0.017597610325785763,1,0.0,0
0.08053025994106319,0.1707188126667252,21.97859306208607,5.9232971615919165,2.937225173666614,0,0,1,0,4,1,73.60060485790888,0.018380142838098846,1,0.0,0
0.01001958429248579,0.06062864594044697,21.766967933551655,10.740258812662088,1.3001434403422434,0,0,1,0,2,1,30.0,0.07940981764176552,1,0.0,0
0.2205652471428694,0.0045040422281047736,25.95055966814419,6.397916099426613,4.1173728164203425,0,0,1,0,1,2,227.04260516974261,0.3971433580249362,0,0.0,0
0.41215113734211495,0.09116625757730586,25.426880759664126,6.065001347568268,2.4317057853214803,0,0,2,0,2,3,55.95130370336353,0.2162739535076486,1,0.0,0
0.05736024694897202,0.036780501099499915,27.53442931343512,6.4156503858031115,2.8852366136499787,0,0,1,0,3,1,340.6593238271513,0.4080999541887265,1,0.0,0
0.11759190065856456,0.15700551754060063,30.163980613780712,8.000454775919234,3.871714624315838,0,0,1,0,1,1,125.05366683644014,0.018971664714226094,1,0.0,0
0.24546368547016686,0.07087925005270515,20.997351182113054,10.393097055433564,2.8585514701033783,0,0,1,0,1,1,55.671133639391975,0.17766443371630225,1,0.0,0
0.13071218364431866,0.012467960505460118,36.64064218693771,6.517611564750891,0.9827546307131585,0,0,1,0,2,2,146.5697085271082,0.005686961278945726,1,0.0,0
0.1477909194145575,0.012591147182852518,21.957260151865512,7.376678886149148,0.0,0,1,2,0,0,0,229.34249057400513,0.07645959149690884,1,0.0,0
0.02299250670469605,0.13571095852444637,27.07822289178511,7.227603117595743,1.7638454321427735,0,0,1,0,3,1,127.91797353174906,0.13345360535555809,1,0.0,0
2.6553968486786217,4.2830097813925345,220.0,0.019067429416830817,16.921203110881606,1,1,12,1,60,6,15.873707877157457,3.3417420061754393,0,1.0,1
0.08891160932425628,0.010874981727865898,15.509551519955517,8.981161515453184,2.902491655557847,0,0,2,0,0,2,42.98588066340274,0.0924847654339009,1,0.0,0
2.9151581822773025,2.610099134692506,0.05,0.24259575973078104,12.030886699886409,0,0,6,1,18,8,6.9136487638575534,3.358171324204939,0,1.0,1
0.1343724974699468,0.11442281247475831,32.76287727871218,10.093871851317191,0.8396265489320001,0,0,1,0,3,0,669.7999925774529,0.03469535053648369,1,0.0,0
3.1541263435220688,3.1075101177808597,85.0,0.07893587350600956,12.109122945436468,0,0,8,0,45,11,20.895410764336667,4.499715673752933,0,0.0,1
0.004525175432269167,0.07807006545700249,23.435608260035696,8.866483820917438,1.296263043275037,0,0,1,0,0,0,115.74323546516182,0.3654500161401791,1,0.0,0
0.10662108563090998,0.07315889245285313,38.68089041235739,8.690606798307236,2.546524416053513,0,1,1,0,1,2,91.4286746354322,0.35700136522602804,1,0.0,0
0.006367811509237128,0.12241373375388265,0.0,8.833935246668327,2.983178480999021,0,0,2,0,4,0,383.85346220712745,0.10820976537158947,1,0.0,0
0.25295629211500076,0.0834208652762053,21.87059222625047,11.736136962332079,2.620093197586867,0,0,2,0,1,0,51.55412523645292,0.03059704777052898,1,0.0,0
0.011843524702483267,0.17741547753614145,26.979874674249476,8.823026998476815,1.4553766106617028,0,0,1,0,2,1,80.65029478812338,0.16009770254757585,1,0.0,0
0.10342532705048774,0.0988410117085574,14.300674126556595,8.229910796274451,2.0272645076344746,0,1,1,0,4,0,36.13200396339913,0.5285269237372753,1,0.0,0
0.32392583579451545,0.009834471180316029,24.63084734205542,8.423660826067144,1.5167166057024133,0,0,1,0,2,0,198.0734704601122,0.057582085667146024,1,0.0,0
0.07181691225885312,0.014540988587648702,17.8171336285125,11.702237371278539,2.794426689250848,0,0,1,0,3,1,224.72734286712148,0.3195209034481686,0,0.0,0
0.002540090214193815,0.1269923521999596,23.682829660543437,11.270875563312764,0.3322165394525223,0,0,1,0,1,1,183.2426117398744,0.19097782207646516,0,0.0,0
0.23603850052837225,0.21090215410021196,26.3119872762249,11.417770777264938,2.1485310156415047,0,0,1,0,0,1,303.8804340894163,0.7572644983217913,1,0.0,0
0.008250499414816452,0.2331686402755138,24.16436501432001,10.6357133545888,3.8926537083371135,0,0,1,0,0,1,240.51687501947944,0.10705141746695844,1,0.0,0
0.14208065444429716,0.06528127274906666,23.32055118803309,8.280690301765082,2.1215500827851543,0,0,1,0,2,2,77.57903753804763,0.4571870881978899,1,0.0,0
0.06885487317781051,0.030427708259049394,36.89491224900237,11.519093725225263,2.6891895986981487,0,0,1,0,1,1,50.59955857029632,0.16681676231675013,1,0.0,0
0.008112052651431018,0.02208603774216157,33.43271652192812,11.080850649233724,2.33914168620787,0,0,1,0,2,0,66.6236481100235,0.15921142331915475,1,0.0,0
3.2362223816633557,2.1494088068145825,0.05,0.08119231693474332,11.553001435264271,1,0,8,1,25,12,18.66715775868061,3.9668378293663995,0,0.0,1
0.3177951113452113,0.003074105184863355,32.645075488627214,6.740652373170726,1.858863178483634,0,0,1,0,2,2,90.23585109620204,0.03392853808695368,1,0.0,0
2.780005763592234,4.263068401807634,0.0,0.047920422678310814,14.466604241682589,1,1,6,1,60,7,21.118535824785262,5.463182330100138,0,1.0,1
0.0777449476725388,0.021871947362770424,27.521840969089023,7.850041111477347,2.603196073058685,1,0,2,0,2,0,206.81005973719098,0.3711714176514118,1,0.0,0
0.0137000922230239,0.0032593042023879104,40.54444309638912,6.038043006389481,3.031415906434008,0,0,1,0,1,2,149.13902391388518,0.19811109899647025,1,0.0,0
3.5108038586822,2.612193616324027,0.05,0.22649296314061756,12.599008602166004,0,1,7,1,60,12,14.715415207443098,5.1315037232380325,0,0.0,1
0.03170910371964783,0.014293414822892274,27.765363979640007,11.069833569750166,1.5689000104743072,0,0,1,0,1,0,174.84054837138453,0.15901979660303595,1,0.0,0
2.3877424751942726,5.10412489903805,190.0,0.10155727125522396,12.326206368541484,1,1,7,1,18,9,20.770022553141114,1.5,0,1.0,1
0.11911539484574248,0.1335465052715308,26.71251833595129,10.1538921218856,2.0576227631595954,0,0,1,0,2,2,131.84958217896877,0.15240056259351287,1,0.0,0
0.08945173034281026,0.050466267181092324,29.700443707341915,8.598594850434317,2.9965812952746225,0,0,2,0,1,1,105.97640897689826,0.016261738847672815,1,0.0,0
3.319380792267311,2.912846634860578,85.0,0.0641172763048215,16.38381465018633,1,0,7,1,18,14,23.07259543596403,3.5075434278697837,0,1.0,1
0.03385927206356513,0.06565901044183983,35.0660398093674,8.006284214978294,2.913889741525953,0,0,1,0,1,4,1080.3332144791068,0.5582634327841447,1,0.0,0
0.2553055581662584,0.102794473400011,25.195343479557103,7.048163828012443,2.384750533766803,0,0,1,0,1,1,427.3903743459683,0.0299659284848414,0,0.0,0
0.1463638017049007,0.009750088317919174,24.514289831120486,7.4562689668965065,2.9515520780790863,0,0,1,0,0,0,294.8893960188717,0.16919590272723886,1,0.0,0
2.0992578134630744,2.989509412407051,0.0,0.200692798242943,18.165700118604974,0,0,8,1,32,12,7.16860597697907,3.870194625556543,0,1.0,1
0.08444489877081052,0.25387037173539506,20.949016423619796,7.412179892973485,0.6808280421678763,0,0,1,0,4,1,373.29340230323004,0.020042491288935843,1,0.0,0
0.1091813172235791,0.13963889277390737,30.68359647187267,10.774117720091045,1.7500815151604714,0,0,1,0,1,3,245.8333525762039,0.04283816183547759,1,0.0,0
0.03590917088980443,0.0550632925542639,25.928560797263472,13.896080913634853,2.1583919557524687,0,0,1,0,1,1,65.56422534850246,0.018064324502921118,1,0.0,0
0.17311444559059455,0.043474689178102585,33.784327894722445,8.673389142971068,0.7996795478026832,0,0,1,0,3,1,161.98508892929127,0.012730457742393748,1,0.0,0
0.02477900945454965,0.004628458662394384,29.120872126604727,7.290638299745178,2.132928464827501,0,0,1,0,1,1,175.03715037223898,0.03331430843680657,1,0.0,0
0.12585285771633217,0.02073599235352042,24.37408548040369,5.190979210174508,3.722627660704549,0,1,2,0,5,0,114.14757264044752,0.13035018028793713,1,0.0,0
0.21976158142056365,0.2458153317529921,29.715611085709106,7.852701910581678,2.7188634195406998,0,0,1,0,0,1,49.84306662560298,0.0906490203414497,1,0.0,0
0.03865314239761551,0.006557363157966379,29.99658695759539,2.6275981124437697,0.6508278958564837,0,0,1,0,2,1,30.0,0.41030810258228967,1,0.0,0
0.07123389444122805,0.09995157605903929,13.994346569722227,8.733131313630672,1.0827933036649746,0,0,2,0,0,2,338.98894844479935,0.06995316058998663,1,0.0,0
2.1423384903087035,4.634825989639967,0.0,0.19980527483725855,9.540246651938379,1,1,7,1,60,6,13.188256894752362,3.240023622148289,0,0.0,1
0.054418882387067005,0.08859882458713356,26.10285866881057,8.644751031229784,1.1818657783623254,0,0,2,0,2,2,238.28296447114303,0.19892318001654252,1,0.0,0
0.07046079066096586,0.0025923348458245133,28.058114795146416,10.31446932011524,3.4344253164448015,0,0,1,0,4,0,278.755095655149,0.024524612378470076,1,0.0,0
0.04208725110284171,0.09897609441010292,16.17468652249733,7.855877207043336,0.6605078370299642,0,0,2,1,1,2,422.07821732390175,0.01688423678940855,1,0.0,0
0.20687206871507552,0.10182569472003787,26.841389911222386,8.487198494793724,2.9482059948233497,1,0,1,0,3,0,117.23184096416647,0.3792408760366886,1,0.0,0
0.15372517171738864,0.012634973279305267,29.119745349573467,8.670679551589787,1.2764948909379923,0,0,1,0,0,1,140.26821063490246,0.016520515767551567,1,0.0,0
0.24127553009927882,0.023010190581331504,27.73813833015189,8.623576540459297,2.7191833809492874,0,0,2,0,1,2,126.36685233982828,0.3951223213860837,1,0.0,0
0.05251365685490237,0.03795908719344147,21.819047449076265,9.969871948508631,3.257676977853204,0,0,1,0,4,1,30.0,0.3509172836634568,1,0.0,0
1.6827331412297937,2.3807595617937993,0.05,0.030436682413421123,12.294783469931566,0,0,7,1,45,6,18.072316472391975,3.2150133140086266,0,0.0,1
0.05606524806608114,0.028411363850877083,36.59996515004339,10.90283406357405,2.5567959468277808,0,0,1,0,2,2,202.4245512147814,0.06105498484592593,1,0.0,0
0.32215588123034594,0.0033145838019381373,25.995740623743973,9.25265191529315,2.6734588757272224,0,0,1,0,3,1,530.2507588812439,0.10303392747070349,1,0.0,0
1.3305187803889242,3.161360445625684,190.0,0.23772377664678176,8.335051298322835,1,1,7,1,25,12,4.661210680454757,5.56017672172361,0,0.0,1
0.05744184677370942,0.23546165978538813,21.917839979208306,5.927061012861175,2.70960102140148,0,0,1,0,0,1,30.0,0.012143844686499096,1,0.0,0
0.1550803642428353,0.039275587498492456,28.231861823662978,8.128526473163003,1.8019727804025976,0,0,2,0,0,1,282.08679325419433,0.026732193839838,1,0.0,0
0.18579381516899524,0.030963125797365154,24.693987228612446,9.8479303034201,0.8896458390583226,0,0,1,0,1,1,150.2109039680438,0.012809758109960191,1,0.0,0
0.19963772675953034,0.11680030742684357,26.650549568780846,6.387383739048493,2.63936284348663,0,0,2,0,1,1,30.0,0.07283981454722192,1,0.0,0
0.008354928870876131,0.055297710552741686,27.535162391924377,8.15765760951693,1.815545529345432,0,0,1,0,0,2,332.9564628693504,0.014999781980936613,1,0.0,0
0.020533495665157317,0.018809115344741216,15.426177647413526,12.981224240348563,0.518154498918705,0,0,2,0,1,2,254.74566805514615,0.11247460155857375,1,0.0,0
0.07787638861175135,0.0383849920092546,22.200407197981242,6.3079759042578925,1.993607679940213,0,0,1,0,0,2,85.4897510610191,0.2841765268154454,1,0.0,0
2.1518676553062988,3.1073232616068878,190.0,0.13570029777816953,19.03720096130755,1,0,5,1,25,7,16.928930414811127,3.2901288071669064,0,1.0,1
0.13053748721527048,0.022461799678861822,23.62638193831221,9.750153594008145,2.1055007497962794,1,0,1,0,1,3,261.82129482307204,0.3105017403170444,1,0.0,0
0.281407382757773,0.14481599347694554,17.537987947654948,9.77947501339779,2.7055485647959867,1,0,2,0,2,0,102.60907512213888,0.16466465557672724,1,0.0,0
0.05895608306686887,0.07395499060911115,22.36953401760797,9.725252754674225,2.2332875815573794,0,0,1,0,2,1,44.33151731136333,0.12219823588414394,1,0.0,0
0.0493998852742628,0.13629319360047698,24.73434788438942,7.868864614930955,2.5170276448247577,0,0,1,0,3,1,89.56770457348178,0.1526712077133574,0,0.0,0
0.18647880164352865,0.029728107708262976,26.884187602108994,8.900789569752703,1.6848079400765554,0,0,2,0,5,1,224.8932843940205,0.09966811995719464,1,0.0,0
0.0010895476621085142,0.1891091670727965,36.45899328086777,7.2109845962486565,2.555997051571444,0,0,2,0,0,2,113.14316960443743,0.9,1,0.0,0
3.0506268583413965,4.558837946414676,85.0,0.1617941276861363,16.208197126027105,1,1,15,1,32,7,15.722604648744792,3.9868205476182563,0,1.0,1
0.5350273974022534,0.10171118581131093,27.8282917889574,6.299966715850674,2.9839269092062235,0,0,1,0,2,1,48.240996586876896,0.43826034994103324,1,0.0,0
0.14945007466782465,0.040037705415922956,19.777982113750276,13.859257387800007,2.817484980770319,0,0,1,0,2,3,118.7089414547556,0.2171940405939616,1,0.0,0
0.11694366653490756,0.1057388398301964,29.99771840013958,8.627642450067277,2.186614826073569,0,0,1,0,0,0,76.20096463493647,0.21623698538801037,1,0.0,0
0.05123675343344568,0.11683348941125246,30.35665382931183,6.8416821550292,2.3548401555702974,0,0,2,0,5,3,104.57743520491951,0.0817651314305643,1,0.0,0
2.734795860634935,3.340299871428827,190.0,0.24462908798021338,25.0,1,0,15,0,18,14,5.67417400929626,3.7209677333420634,1,0.0,1
0.07939534912920293,0.1613570369595524,33.731343926862266,5.68219219114919,3.4416461833422005,0,0,2,0,1,2,140.15290056469863,0.1159968994076805,1,0.0,0
0.22128925695857732,0.0824977407115018,27.478465794571196,11.275931167946736,0.17090558607878314,0,0,1,0,1,2,30.0,0.2287754610073674,1,0.0,0
0.0589552553733337,0.0137849188785548,24.46411375319551,8.55268257749487,3.4425781722524427,0,0,1,0,2,1,43.818829971423455,0.6332721066817784,1,0.0,0
0.02452663194094869,0.05860306471432522,26.06200392568227,8.963056960435038,2.28483969535545,0,0,1,0,2,3,474.8383101665454,0.1216112465294508,1,0.0,0
0.04559345863519549,0.10099822323300464,29.142599027350983,7.322614950616016,3.5876929682261434,0,0,1,0,0,1,110.15367005739783,0.20746436313398564,1,0.0,0
0.03264583466507943,0.1988783409804877,23.906516403389617,7.437881659242649,3.6627060160034963,0,0,2,0,1,2,30.0,0.06289912102560209,1,0.0,0
2.5529063290509972,3.5174773995902906,0.05,0.007840744086849816,13.084923943948837,0,0,5,1,25,11,7.102135120500828,5.176007312781573,0,0.0,1
3.612141056451104,5.774025609280462,0.0,0.21702164827001355,16.651365634426696,1,0,8,1,18,14,16.423847000295826,6.140600757413559,0,0.0,1
0.05668173138999154,0.13200301457727273,25.546594181414864,4.423106950235654,3.7175802050443183,0,1,1,0,2,2,185.2086138940552,0.042338932153868185,1,0.0,0
0.4592152627757281,0.003647505653644888,31.95025476632699,7.886007285674793,3.670718296177581,0,0,1,0,1,0,30.0,0.09126062800369528,1,0.0,0
0.42813577659500396,0.21572931575174592,41.778266762447835,11.177039017162544,1.5619213518964632,0,0,1,0,1,2,121.84976770213218,0.8765843247909748,1,0.0,0
0.28610555481226657,0.15308102835070275,19.98378193586388,8.994579999148504,3.922036939606547,0,0,1,0,3,1,206.82159214638588,0.0016186061834757258,1,0.0,0
0.12421992752165978,0.11749491934921856,13.063229213280243,3.901088952660203,2.8804711054283936,0,0,1,0,2,2,583.6175791272831,0.12658782647280176,1,0.0,0
0.10516581175100617,0.04656133978426345,14.368933075754056,9.682579178586945,2.4887864737823993,0,0,1,0,2,1,155.60356774458307,0.031163747801731326,1,0.0,0
0.10506645326434422,0.03048960596255431,22.94868971636697,6.766053087134896,4.997198291719139,0,0,1,0,0,2,288.8022487249671,0.24504728431463219,1,0.0,0
0.02478976667981019,0.00783437848230764,27.59731102272669,3.4371399084439904,3.618106783047688,0,0,1,0,4,3,40.17548678004653,0.06158927629285245,1,0.0,0
0.06278129620455203,0.01676068284069685,24.922715582100555,7.527014768909029,0.5366063714947709,0,0,2,0,3,0,665.215294973834,0.4318546447702456,1,0.0,0
0.27251689501540294,0.03571045630205037,19.08733926301104,9.059643191888554,0.526719827106308,0,0,1,1,1,0,106.26372964630556,0.5316115794000963,1,0.0,0
0.18014910485455507,0.02736858086588832,15.449419257312432,6.5550987246259895,1.758678612062147,0,0,1,0,0,2,119.69103862063649,0.04851259859499456,1,0.0,0
0.3045885690854445,0.1793750517294307,20.30434797403713,6.612118713335126,1.7457843497119345,0,0,2,0,1,0,135.78011918362034,0.44489650292875266,1,0.0,0
0.11069197955454631,0.21366922356315216,16.830164119375006,9.042422950559947,2.050707253863674,0,0,1,0,2,0,196.69927959122782,0.1290182902839746,1,0.0,0
0.0030813131449769255,0.20928242935243851,20.490746047466907,8.760258876196083,2.791153650364226,0,0,2,0,0,1,347.6652804916216,0.3319236041170958,1,0.0,0
2.9495289219350576,1.5780801451043949,220.0,0.11910507634043022,19.107790969112934,0,0,8,1,25,12,24.741138692731056,3.758531973561477,1,1.0,1
0.1322279352373458,0.05874766244009624,38.029077309219,6.7584672471185225,1.7299880125487979,0,0,1,0,2,1,30.0,0.006500230865977598,1,0.0,0
0.09808324890737916,0.02182366292084176,22.10297471499986,9.432133496557208,1.7110227417338417,0,0,1,0,0,0,245.91847067854525,0.20237681258042645,1,0.0,0
3.2695184679403053,2.952009087236445,0.05,0.13607675205152894,17.01230854422219,0,0,6,1,60,11,7.872677521667977,1.5,0,0.0,1
0.15373137757164382,0.10146647632632981,11.197144806483852,6.858322082299417,2.989950854400108,0,0,1,0,0,2,479.9570235316686,0.09513311086760663,1,0.0,0
0.13408832811637764,0.01085971851722358,27.51703749486018,9.170842640960739,1.7363009341269213,0,0,1,0,1,1,30.0,0.07569984779149974,1,0.0,0
0.05610472562583338,0.15786758484102914,13.836196612282597,8.00652543889305,0.5749674930963269,0,0,1,1,2,0,1132.334960111551,0.06963619971843348,1,0.0,0
0.09428378733383133,0.07260126307273232,24.642036452033626,7.147368272845275,1.6173048589171963,0,0,1,0,3,2,30.0,0.2310369306091129,1,0.0,0
2.4205652406105713,3.639160101485817,220.0,0.22388677110894137,14.05495798186397,1,1,8,1,45,11,15.62163006035755,2.8053150250407777,0,0.0,1
0.07087212153490466,0.012943336575647278,30.3633961047238,6.363951248217645,1.7183116792108704,0,0,2,0,0,1,149.2942453680784,0.12755938187622598,1,0.0,0
0.19730510198921034,0.15927436226644232,12.656343659374336,9.298009518487705,3.7459036321856196,0,0,2,0,0,0,397.02763787196994,0.054499337303436896,1,0.0,0
0.1979349411565288,0.05824093847716158,11.545943056214508,7.339289994294537,0.9129324870650819,0,1,1,0,2,2,30.0,0.18111077921609794,1,0.0,0
2.7204909869984264,4.169025070124814,0.05,0.04296628098973476,19.301388266960767,1,0,15,0,60,13,5.134151557694379,5.073176836971791,1,0.0,1
2.08867306271965,2.393642161642131,190.0,0.009548106801502837,15.078594662569339,0,1,6,1,60,11,12.604465390563654,4.159563352962757,0,0.0,1
2.195737638267251,2.2144071087015775,190.0,0.1619619148268193,5.0,1,0,15,0,60,8,10.36605116076635,2.6243511288231764,0,1.0,1
0.25910847734021214,0.008520293192433671,32.901638683203046,8.894736924469383,2.0444479187755067,0,0,1,0,2,0,542.0810441794622,0.057672587863819916,1,0.0,0
0.002879196557857038,0.0256764529886428,29.279718798335868,11.966882678768526,2.0868851398778117,0,0,1,0,0,0,164.52730995585412,0.03818794892385985,1,0.0,0
1.4860911939508337,3.708977364208525,0.05,0.09608739014661488,13.171158062025492,1,1,6,1,18,11,22.134294531141254,1.5,0,1.0,1
3.4190591919077136,4.035907001702079,85.0,0.24779897732811737,17.23579580438161,1,0,5,1,32,9,17.507402335514456,2.1794694542963517,0,0.0,1
0.14033502757901206,0.03082016394990454,28.425689128191003,10.736337096747949,2.4050296044441932,0,0,1,0,1,1,370.2791142087216,0.68953926518343,1,0.0,0
2.5003144606997934,2.7938979496318876,220.0,0.19420062952327627,19.7427012174978,1,1,7,0,18,7,2.7704752821239342,2.46344420117196,0,1.0,1
2.7026826397927923,3.3645292636537114,190.0,0.007700685573459959,13.49576735667107,1,1,6,1,32,11,20.317031058480882,3.0345555076353934,0,0.0,1
0.0550526569547524,0.12952430088441014,32.83554612344215,7.245926981700311,1.0837069529954397,0,0,2,0,0,1,107.03755270264769,0.006604620627159988,1,0.0,0
0.01586561218686855,0.12292585084795578,24.71207937927925,8.135370598566013,2.7579230340112386,0,0,1,0,4,0,91.35281982699507,0.28609173997123455,1,0.0,0
0.010808314831116505,0.03296423378156056,32.76842180752828,8.164736949023272,2.762510580763997,0,0,1,0,1,4,121.2622735953599,0.002402105168315787,1,0.0,0
0.026147551312854,0.11832613281746451,20.744957658550312,8.110830673920665,0.0,0,0,1,0,3,1,93.7361478507495,0.02930388409135422,1,0.0,0
0.20919020265734772,0.1162987566293413,34.18006254991367,7.627419618011686,3.4940052477075456,0,0,2,0,0,0,480.93757071409016,0.1357605745909055,1,0.0,0
0.2176904220745119,0.06216009761285946,18.09955839934555,6.810525182417647,1.8526237748021817,0,0,1,1,4,1,151.02538078512885,0.13368539357429027,1,0.0,0
3.6241916002414296,2.6046165540214594,220.0,0.24780708057013942,12.944426632044602,1,0,6,0,45,11,16.568247925339328,2.3304085324824735,1,1.0,1
0.0016532258013139012,0.02727954151485531,25.490242971867605,10.60662055928374,0.1765072649504138,0,0,1,0,1,0,626.0114539835688,0.010656598756992744,1,0.0,0
2.1531267052232055,3.6665342991900953,0.0,0.06522973548477343,12.67205281688065,1,0,5,1,18,10,2.818295216571423,2.833344972364449,1,1.0,1
0.27301478702334275,0.09653369346481336,31.922829285071536,8.807056914500702,1.324281997584468,0,0,2,1,1,0,171.59200087780505,0.0027673033008702177,1,0.0,0
0.07745919181766386,0.022158124191657906,25.239683415431603,8.57255858527667,3.6241913277220643,0,0,1,1,0,1,73.06619295882425,0.07995384987367936,1,0.0,0
3.332698907850968,4.313539143431646,0.05,0.20151867164841583,14.495838193807758,1,0,12,1,45,13,22.630838878978675,3.36369074217987,0,0.0,1
0.12433492098572303,0.04722205998351523,11.493513728128013,8.513969832511878,1.3407009631495495,0,0,2,0,3,0,169.92512154211383,0.17228092699380573,1,0.0,0
0.12551291651784863,0.032035207806647384,28.045858193089984,10.51858991155962,0.9521336940110283,0,0,1,0,3,0,310.87321778196934,0.9,1,0.0,0
0.049936704999877,0.06163151977525625,28.958400320347963,11.456367871278005,2.475249929005834,0,0,2,0,0,0,30.0,0.12326217652198879,1,0.0,0
0.07812346574541211,0.006330792574273631,17.827494232835,5.930110676090344,0.3981447061152237,0,0,2,0,2,1,489.3897692931002,0.05141286994124741,1,0.0,0
0.1453836614511012,0.036026523202364644,25.215114894720585,10.37863978046491,1.6314230932598632,0,0,2,0,0,1,30.0,0.0055266866048447,1,0.0,0
3.5241298952899314,4.406457207651533,85.0,0.2030676648292073,12.216835175845675,1,0,8,1,18,9,16.26805298952101,4.827641430500511,0,0.0,1
3.3852254095000656,3.784517544189241,85.0,0.06025115451653357,16.59765949968571,1,0,5,1,45,11,8.588666761772675,2.8014564696358164,0,1.0,1
2.2024567698118678,2.8028339396585706,0.0,0.19056652476553082,21.064769150052115,1,0,7,1,18,6,7.560885987778079,1.5,0,0.0,1
0.025302472933840043,0.024464799120223472,11.409678650600396,6.46392465615437,2.3625110113441723,0,0,1,0,3,1,555.9326637396395,0.25939939197404954,1,0.0,0
0.02103101216754758,0.023513587317133974,29.194491811928874,8.395104600701762,3.0468009034913464,0,0,1,0,2,0,532.4694084991958,0.27870546048330863,1,0.0,0
0.06167491705762276,0.03916826142291527,20.524743822331562,8.05720348362981,2.5105926708043897,0,0,1,0,1,0,213.46459148474298,0.27159446276545424,1,0.0,0
0.2900602475892299,0.003398866589192056,37.24913305774497,7.088029669002179,1.0160519341174454,0,0,1,0,1,2,119.02281444267612,0.5034735357017349,1,0.0,0
0.07743162617064998,0.022939438416782237,29.666094357896974,7.514690293573193,2.787375138223993,0,0,2,0,1,1,109.1287707723931,0.37395385860697083,1,0.0,0
0.08700099024545276,0.04665073432656433,20.3759600808012,5.272197089042017,1.7178404640125355,0,0,1,0,1,1,30.0,0.25116111096183835,1,0.0,0
0.3590086230040123,0.023884089440076164,21.61035022659393,12.608191165847288,0.43222765241022487,0,0,1,0,3,1,194.7558181999404,0.2557864881556434,0,0.0,0
0.04641723524008759,0.018766432743675395,34.150882183746894,13.29689857117614,2.792961605445475,0,0,1,0,1,1,52.798623745480946,0.7171978471527751,1,0.0,0
0.09325623154856302,0.057399024222332264,29.171277596004412,9.426539138295041,0.8930829469847446,0,0,2,0,3,1,83.81026314942012,0.8942431737625276,1,0.0,0
0.10857278867524572,0.12877679913603873,23.571952084527727,8.410910271510422,2.038738609191707,0,0,1,0,1,1,30.0,0.0683743310930911,1,0.0,0
3.46386927255859,2.7694316389182756,0.0,0.09966646210722341,14.83200362296964,1,0,7,1,60,11,8.896072989216403,4.261761006640272,0,0.0,1
0.31253944467151334,0.1994501731119198,19.277528635005204,7.183782381234468,4.2051873001591,0,0,1,0,1,0,50.18296149001209,0.381424536588854,1,0.0,0
0.08525246125610281,0.03232848562240934,31.003122092623897,6.660203659107693,1.4096383081946693,0,0,1,0,0,3,262.2894406424013,0.11160079601913866,1,0.0,0
0.002319660494476924,0.01989016565736121,20.646055401843277,10.158547373132935,4.190785514210701,0,0,1,0,1,2,36.6401552144345,0.3929853945892611,1,0.0,0
0.25540859618777395,0.05058699375945753,29.676185192835177,11.538039145061962,0.0,0,0,1,0,5,1,30.935666293887383,0.10509176660720887,1,0.0,0
0.1723462120900667,0.16603933702710794,28.76250858349666,9.959686070229965,4.661318651757835,0,0,1,0,0,2,32.33809963658957,0.13658917896676576,1,0.0,0
0.0014633796298533144,0.029027812688347334,27.350032902051336,3.7036738094982047,2.478300392254689,0,0,2,0,2,0,80.90695287861004,0.3612930097048036,0,0.0,0
2.1362116234242663,2.10478144959096,85.0,0.1606903802967731,14.913334937821986,1,1,15,1,32,7,14.42816791305751,3.254451563381716,1,0.0,1
3.27965953492137,3.330849850915467,220.0,0.13918135586241506,11.304078313795465,1,0,12,1,60,6,3.1433002279744864,3.6711693245146217,0,1.0,1
0.060696891732791886,0.011600072061285866,21.97778699271626,6.589835423728345,0.0,0,0,1,0,5,0,46.13704089313701,0.07569170378256665,1,0.0,0
0.01878370331825637,0.19159927754074418,23.034164981625267,8.977132252284152,3.3597392550370184,0,0,1,0,2,1,384.826426857239,0.033720795351746234,1,0.0,0
0.3007499991404607,0.005568642056901885,20.21544300313892,9.732051417495343,2.9085910951875515,0,0,1,0,2,1,245.78568172071292,0.4044244347532736,1,0.0,0
0.0824042057990299,0.007248241028672422,27.925016088042675,9.20407722591624,1.4144784381042608,0,0,1,0,0,1,86.54391608410972,0.040372796539353266,1,0.0,0
0.15023373991588038,0.29118453926843896,25.064605891912603,6.017401454518087,1.0583822344162983,1,0,1,0,2,0,255.27873066199152,0.05133580025922738,1,0.0,0
0.13180964946227555,0.008731183998070048,15.981681667349736,8.780586851401088,1.2957054305157956,0,0,2,0,2,2,66.1686767350621,0.02709561211923673,1,0.0,0
0.4044998830651894,0.13045411178393904,25.048888661453425,7.147270993928789,0.9909897689151401,0,0,2,0,2,1,328.42334160240176,0.13947961628324076,1,0.0,0
0.0029085165611100433,0.0751236356379901,20.169957073918255,8.669595458052287,1.2972228340079965,0,0,1,0,2,1,30.0,0.17870303881444266,1,0.0,0
0.2899847741536765,0.12664817784852375,35.19431212927665,7.841207088074914,1.5437659953915055,0,0,1,1,2,0,276.1459741227198,0.2878913536608358,1,0.0,0
0.006742028298779629,0.3871923219630139,21.374111622731935,10.534348428340312,2.6519334010300284,0,0,1,0,1,1,375.85014257749174,0.04026713881035849,1,0.0,0
1.572754596887889,2.305171481935356,0.05,2.5228987645870005e-05,19.336059042822097,1,1,6,1,45,11,6.540751883356946,2.9827180545592924,1,0.0,1
0.11454547541753766,0.29589672141853507,26.721547550715936,9.391418280270734,2.270049613445196,0,0,1,0,2,3,270.77564073995603,0.46958686163310326,1,0.0,0
0.2629159617504846,0.03625610934191294,39.56666429575198,8.335108081701692,1.2776663761497957,0,0,1,0,1,2,382.0148008668269,0.5089535146530523,1,0.0,0
0.12537451045192116,0.02812825187028663,21.167536937115976,6.439755789406449,0.634945556929583,0,0,2,0,0,1,39.52848397248389,0.010400483490166012,1,0.0,0
0.037902175852336475,0.17949512989470062,28.402109879381918,11.013756063349843,3.473737578076169,0,0,1,0,1,0,247.0856047990512,0.07846385328416337,1,0.0,0
0.029002107805943887,0.1809247434135968,21.997849240754665,7.614565860935649,2.9821153121650608,0,0,1,0,3,1,36.75974749910051,0.009738189674008196,1,0.0,0
0.05502327782260067,0.11068476198128205,24.69494508924912,8.65615542779198,3.5511470813980184,0,0,1,0,0,0,30.0,0.17933219724108296,1,0.0,0
2.2727158195948447,3.2529636489418285,220.0,0.14623637997980388,15.270653281520001,1,0,6,0,18,7,22.04382880883523,2.699260170876114,0,0.0,1
0.052314424154008,0.03249041798831783,32.2705735276515,8.043697301423531,2.869762058176292,0,0,1,0,2,2,323.5444071775571,0.1464072006123999,1,0.0,0
0.001108752673319329,0.03788261608262993,12.134144703541562,4.2427017509629605,3.2553231895309382,0,0,1,0,0,1,251.04652249452593,0.044552814911598154,1,0.0,0
0.01805009450513486,0.11920897242828478,29.566594947507802,6.629834327144906,3.6834148447426687,0,0,1,0,2,1,98.59730556863904,0.010050111587532136,1,0.0,0
0.009502180823389477,0.008636415160635503,28.767150768545317,6.677659879950311,2.1862524599012665,0,0,1,0,2,0,155.55221924782433,0.37946263645432143,1,0.0,0
0.23747391939553683,0.1341925066287619,26.36720170822611,6.654046203251812,0.9500864546304726,0,0,1,0,1,1,780.2937525196992,0.02955035589675341,1,0.0,0
0.4468268410439991,0.061350813058001316,22.873498672297757,5.857581536287742,0.6256007515258715,0,0,1,0,2,1,58.159834227918424,0.06760344211216016,1,0.0,0
0.12455088972914734,0.00595507175420079,34.06644047273348,6.410149930755496,2.4778789360960514,0,0,1,0,3,2,31.174833432623625,0.023221509203774283,0,0.0,0
0.10110277444573641,0.03674668050132841,17.30249414156429,10.432557478469343,1.672672559478564,0,0,1,0,0,0,108.026626040931,0.06421847558406042,1,0.0,0
0.06890526049693575,0.013698336403786105,27.791840024931396,11.102259704357145,1.7826138005834948,0,0,1,0,2,1,30.0,0.06379109786591843,1,0.0,0
0.09551695288438675,0.14631108208817292,25.477851260943467,6.564687143422957,2.043652734302961,0,0,1,0,0,0,71.26900892350756,0.30594046550198084,1,0.0,0
0.06403996007509226,0.006272578915587389,36.79783047961882,8.883844010072227,1.9419849056060696,0,0,1,0,1,2,389.1903170325911,0.028089999036729374,1,0.0,0
0.38951979267269116,0.001344966803216534,32.19389807960811,6.015160652335176,2.6010529350741036,0,0,1,0,0,0,126.25222310918429,0.2216539736341221,1,0.0,0
0.08233132975162201,0.05089689090979195,23.651389175768536,6.269159992939588,0.8184692466698444,0,0,2,0,2,0,493.48201367357706,0.20371537657001834,1,0.0,0
0.04935502972424765,0.04259655185670558,18.730214000749708,10.916879978272176,2.7130732322865354,0,0,2,0,1,2,104.48571820640204,0.28335908330614357,1,0.0,0
0.10367012731533509,4.2262662150665705e-06,29.643587476397958,4.816868767030879,0.8606883279324495,0,0,2,0,3,2,166.01141070688016,0.3821956009903021,1,0.0,0
0.3629694381842462,0.0019754704422812416,34.479992525427015,9.153191919832713,2.5680874206116737,0,0,1,0,3,1,106.42179964073519,0.057642703941566266,1,0.0,0
0.16046671902835685,0.030396057444876345,24.526255417529057,9.921548050350388,2.6176893882633405,0,0,1,0,3,3,30.0,0.22514572883980502,0,0.0,0
0.02402478737803767,0.04928629180779981,31.7878704149638,7.935845886247303,1.4651420944938025,0,0,1,0,1,0,132.34097342396603,0.12056998405288091,1,0.0,0
0.14127783439857752,0.019751029206680887,12.475543890360283,9.15525243465683,1.7943480881466136,0,0,1,0,1,1,201.54320597198335,0.3120254231953667,1,0.0,0
0.06562575719383172,0.09048274454240728,23.306455834771505,8.307277428823554,2.015387564501269,0,0,1,0,2,2,365.0393272350279,0.9,1,0.0,0
3.148523867055116,3.0731580853130764,0.0,0.11050514121350685,13.70302536884257,1,0,12,1,18,14,6.151001751583315,3.3272920730021016,0,1.0,1
0.013364520850898948,0.09255152082106557,29.17255331598028,7.399023479464741,1.6010038557777033,0,0,1,0,3,1,230.7643241986912,0.23643298991422187,1,0.0,0
0.2237503192941957,0.0464066891778249,18.15940407232126,5.520780775297995,2.663094021340344,0,0,1,0,5,2,136.23337048777935,0.19781911768341762,1,0.0,0
0.0049122890452714405,0.09895745300676102,14.270936852631339,10.085480352611544,4.133645604681897,0,0,1,0,2,1,42.57573679946153,0.1259275234011215,1,0.0,0
2.001417596003457,3.2391280871711223,85.0,0.0726963710882377,13.53197838144013,1,0,6,1,60,7,11.940875912153501,2.7815663871657677,0,0.0,1
0.03311654387287465,0.04074737790482515,33.27108941609528,6.629129189082587,0.985578376716415,0,0,1,0,3,1,258.1106276406951,0.10986115933786414,1,0.0,0
0.20383956408434153,0.021470445331325385,27.21763045888968,8.610416017984667,2.537365424934825,0,0,1,0,1,1,131.43394084256713,0.2882832738634707,1,0.0,0
0.05005589207942061,0.03927827828024387,21.118450404586802,10.559133847645501,2.132508096842181,0,0,2,0,3,0,80.53286677972027,0.4723208565439695,1,0.0,0
2.8112973327144393,2.615477017101756,0.05,0.0808047136773824,10.83758505600299,0,0,6,1,32,8,9.47976791294074,2.8606863718181748,0,1.0,1
0.4072496138915593,0.04597909995784067,15.325105418991583,6.722150381880459,2.4559026331676472,0,0,1,0,1,2,170.98505065122328,0.3783339624303343,1,0.0,0
0.1006438417648066,0.04125231839652133,27.58579925651697,6.49131947540082,2.0591734655604963,0,0,1,0,2,0,39.90431070946967,0.0002639302765951262,1,0.0,0
0.14526607782138204,0.22497208468462454,31.299224455377843,7.3213268708296395,2.925290549685498,0,0,1,0,2,1,52.19933211536358,0.016150891348754425,1,0.0,0
0.10723590361754103,0.10196785817678983,32.626039025013704,8.472275730991457,2.674505033154822,0,0,2,0,2,2,398.5265342354857,0.15345923213110685,1,0.0,0
0.0012927743908309646,0.02831059604542812,27.8935943282648,8.92185232392786,3.5703918403378156,0,0,1,0,2,0,71.01910219489173,0.3802047545021263,1,0.0,0
0.10705930556681571,0.055286815708232274,18.468743198930184,8.33785851798395,4.1634748537001425,0,0,1,0,0,2,491.7373344841266,0.4555357826254602,1,0.0,0
0.2674114668531667,0.07598167132089342,17.646369620196793,7.425187242192372,2.318500852998173,0,0,1,0,1,1,30.0,0.10955271442868529,1,0.0,0
0.18588531714925183,0.1427807003115817,24.727865236688658,11.464888057509274,0.8386531292827526,0,0,1,0,2,0,106.25086103791857,0.41678932217934545,1,0.0,0
0.042172778007892764,0.1860237843687966,29.545740739701422,8.57529474433872,1.608973682234445,0,0,1,0,1,1,131.70816511277692,0.017585148486982536,1,0.0,0
0.05320615511625635,0.02863910146343876,28.8345894767074,5.379133064389938,2.9564964758415364,0,0,1,0,0,1,235.35257352622557,0.07514070745197984,1,0.0,0
3.164174073632411,3.0973850147897886,220.0,0.010327536490184697,16.407027966462497,1,0,7,1,32,11,3.604132748609226,1.6535368050970671,1,0.0,1
0.19888494087116548,0.017122455632803166,22.196056991564383,6.5639740708214385,2.47849973179589,0,0,2,0,1,3,44.32212857837867,0.011126671651928023,1,0.0,0
0.007706641496888729,0.017496404802759612,17.749990506608782,7.028292848175279,4.1145434623013015,0,0,1,0,0,0,171.04273755426726,0.18686939272140196,1,0.0,0
3.1404885712797084,2.9754579284415996,220.0,0.2485246413239277,10.193111490736726,0,1,7,1,18,9,4.596352417420951,3.159118616306509,0,1.0,1
0.07384994058071899,0.14091988258381058,23.327601623281698,11.719083314076737,1.7822869587825099,0,0,1,0,1,0,54.511240803205396,0.059833233031389293,1,0.0,0
0.05767757548603598,0.2886411631088479,41.34146778538491,8.149083129916475,4.001575745129749,0,0,1,0,1,1,132.40629515151258,0.11141622639126328,1,0.0,0
0.02109700302000754,0.1602405841055062,29.01716070607625,6.504484434681291,3.623861412322142,0,0,1,0,1,0,279.5074613541371,0.33463540602869046,1,0.0,0
0.009160526706712448,0.04270918986953419,28.355498521746306,7.30645504726477,2.127988363677264,0,0,2,0,2,1,63.76185961691468,0.05791703052177234,1,0.0,0
0.12861759458037147,0.028525927061765887,33.98175386869843,9.129525122910326,2.6893825429756255,0,0,1,0,0,3,237.52555715201956,0.04449431380855743,1,0.0,0
0.021997362407275404,0.061674331675022016,17.925622283779497,8.696160900559589,1.9597557253078144,0,0,1,0,2,2,796.8447108909186,0.03515484394059323,1,0.0,0
0.007880167896573947,0.021935997501439035,39.22495156852797,10.081235437679954,1.4170705044007326,0,0,2,0,2,0,30.0,0.23101065587611969,1,0.0,0
2.5366929878915676,3.042543014033119,190.0,0.08321886261816169,8.050074822025746,1,0,12,1,18,12,4.385877352421011,4.436264618265891,0,1.0,1
0.03899867687959267,0.055968512872936665,27.580516238598648,9.66686713831193,2.348198828464448,0,0,2,0,4,1,30.0,0.011341570025600727,1,0.0,0
0.1257082063688366,0.022129761761039233,27.798982119100813,6.007319412758252,1.6632569699521045,0,0,1,0,2,1,41.077146374355344,0.2737810878018922,1,0.0,0
3.2665576842449204,5.950224063353195,0.0,0.03468899664555675,14.803932371452257,1,1,5,1,32,10,8.643299023015915,2.4641875554234964,0,0.0,1
0.22941241335701806,0.038898193213965086,29.17733660608943,8.780933951469713,2.7524362008174794,0,0,1,0,1,0,429.8615975441629,0.2921416252990738,1,0.0,0
0.05548848914796015,0.003591807549687442,19.14408983249392,10.322524566075646,2.574746929125505,0,0,1,1,1,1,79.3761635496845,0.19291992848622083,1,0.0,0
1.6857434806141478,3.5343055154991903,85.0,0.24718894034362,15.894741790160046,1,0,15,1,32,6,19.517473313367162,1.873583399938524,0,1.0,1
3.7402008164058222,3.0238144861594654,85.0,0.05173651479437491,7.814617679041227,1,0,5,0,32,6,1.6005673791550405,2.669405477900796,0,1.0,1
0.06021841846452932,0.3042994665446699,27.954680708547,11.02810034101433,1.492654804015964,0,0,1,0,1,1,247.91657974503,0.15637939320873512,1,0.0,0
0.2958146536563416,0.1376438371575254,25.147839223514623,11.4690415316974,1.6959589008466833,0,0,1,0,0,3,30.0,0.4503019047024512,1,0.0,0
0.006298697699405347,0.0681698881050403,20.265134750674395,8.350124856552553,2.9013767164289197,0,0,1,0,0,0,81.53958301299555,0.07925700243377394,1,0.0,0
0.0737791582108899,0.11213334122513233,29.155686354322597,7.497524084999844,1.2931566536853996,0,1,2,0,2,1,30.0,0.21496583718950438,1,0.0,0
0.07269229757055583,0.023255229705788076,41.19835002743746,5.464101770106593,0.8396270223325351,0,0,2,0,2,1,164.9954328853589,0.49163184856171593,1,0.0,0
0.03316959697612148,0.08321716174718838,24.195928068895935,10.593758064646575,2.303016292474963,0,0,2,0,3,2,176.10579857854083,0.03263573348135384,1,0.0,0
0.010911851342094702,0.1082857709343199,16.696946539435864,10.080698017384577,2.771522530876119,0,0,1,1,2,0,338.6778915088306,0.3388678745141167,1,0.0,0
0.03526666011520817,0.08550005789752942,8.437299750534471,7.58674242855619,3.2855004964844134,0,0,1,0,2,2,67.06450997263859,0.0969119502573646,1,0.0,0
5.523126153137428,3.9869974123902256,0.05,0.02407945108398754,9.9083142011599,1,0,5,1,18,9,13.081991825714143,6.1652585398406865,0,0.0,1
0.17509871659356596,0.1116782423765695,33.067101775238356,10.338372307353907,1.7670449865514661,0,0,1,0,3,2,68.59646592884857,0.055186949742241004,1,0.0,0
0.08392010186438816,0.00010282008866208231,16.636280697386212,5.698660290226904,1.579644673423474,0,0,1,0,2,1,150.45007936400114,0.12805386744539793,1,0.0,0
0.5177701301440054,0.04582608001765636,15.881372965782736,2.869752620188301,3.9979482045129,0,0,1,0,0,1,227.07143562478058,0.43482755596771344,1,0.0,0
0.010316766828285443,0.01332337341035434,37.29084719415138,9.587308256561213,1.9133058464146222,0,0,1,0,1,2,380.995466508454,0.04813596843687396,1,0.0,0
0.01229269362554365,0.11446701936712891,23.73213404509596,11.16687833206593,2.5303061822496025,0,0,2,0,2,0,41.201466807434564,0.0953681492849901,1,0.0,0
0.1897004985732955,0.07647586886107864,24.76706061602455,11.213456981424242,1.1043114883042275,0,0,1,0,2,2,43.65625296349773,0.01093039689489381,1,0.0,0
0.044490753386691895,0.04860583015852982,21.185509936221983,6.874830971489466,2.1575174973327997,0,0,1,1,1,0,147.02697696574504,0.18335004225445106,1,0.0,0
0.1707576317891817,0.03842485284099041,23.331338989089886,10.537249020067621,3.605198015209525,0,0,1,0,1,0,128.2801765121967,0.000496697698351379,1,0.0,0
0.2169321170538075,0.05689821871503237,22.453556163484564,7.387068444300048,0.0,0,0,1,0,0,0,117.36888775083767,0.011747238746502407,1,0.0,0
0.1931346385684851,0.02074580026544039,29.31335672888477,8.46639736804452,1.6986681385966176,0,0,1,0,0,2,84.39162768490829,0.35878836632734323,1,0.0,0
0.3639168958414578,0.11648548227092138,33.52170853160952,3.2657737651375784,1.357467831193763,1,0,1,0,1,0,105.40288145263298,0.1318438964317413,1,0.0,0
2.166955566629163,3.863334332555413,190.0,0.11876604282654227,9.547097791573862,0,1,5,1,18,11,2.1189794801690676,2.4909536797121143,0,1.0,1
0.18302584720055348,0.020891109592038246,30.005211917262244,4.901286637567053,2.063513261280459,0,0,1,0,2,0,270.1384840295445,0.3087631249993884,1,0.0,0
0.0010025695350293828,0.0464934014450597,31.537980030491184,9.80937698601629,2.2084572170523664,0,0,1,0,0,0,49.40339697619276,0.013311257678119682,1,0.0,0
2.4816115661122593,3.4990103225076252,0.0,0.11345335837698367,14.572526174547209,0,0,15,1,45,9,17.186881775110873,2.909394738706501,1,1.0,1
2.925251200383735,3.052476332372739,0.05,0.12893849883216035,5.0,1,1,12,0,18,12,3.0091440731258388,3.129080774019834,1,0.0,1
0.00986753400538966,0.09408411300028863,32.32140716715853,12.674544323587256,3.0421283086144433,0,0,2,0,3,0,294.7089464907077,0.1692245041190277,1,0.0,0
0.1640801060174656,0.05509362750227612,32.43482764176904,7.34162771770614,0.6159110079875767,0,0,1,0,0,2,428.53359274850783,0.09193899787699213,1,0.0,0
0.0262413070274669,0.08887435485212879,34.452522364663444,12.134621639451215,0.3254303743260929,0,0,1,0,1,2,97.13092257013969,0.15670342951076865,1,0.0,0
2.2293461674019066,4.429212516990914,85.0,0.24217552415207264,20.094604421906364,1,1,5,1,32,9,2.4379136342165886,4.174233415002391,0,0.0,1
0.005387125068018844,0.03336835134223206,33.718844322520646,7.790298537296369,1.4301020805878941,0,0,1,0,0,0,366.42035518229477,0.3524434331340325,1,0.0,0
0.3180462113951946,0.012461227252949007,24.138559480631137,9.940448033810815,3.334482350743504,0,0,1,0,0,1,126.95748929227832,0.049698653975591804,1,0.0,0
0.04498032495503347,0.032907116132309844,35.63362379444901,13.674542911690619,1.2289636858589774,0,0,1,0,2,1,171.2238628872496,0.36570707993152934,1,0.0,0
3.345134392654776,2.2132189170584704,190.0,0.18964509962204806,13.21802667845624,1,0,7,0,60,8,10.897788916895845,4.382635036225265,0,0.0,1
2.169526888673777,4.681042440300914,0.0,0.13120974571791547,14.845694600901492,0,0,6,0,45,14,10.991566847026348,4.324372677435051,0,1.0,1
0.21089612902768237,0.06262442038743987,25.55687744053064,8.753541202284227,1.465737977327812,0,0,1,0,0,0,194.8968875557613,0.036841985328712086,1,0.0,0
0.09698765783175975,0.006894507880493918,22.9715373856653,8.730304628880951,1.2489731931809778,0,0,1,0,3,1,30.0,0.018225095684842537,1,0.0,0
3.324464504790936,3.559379067724042,0.0,0.19301014439922284,16.121343668058667,0,1,6,1,60,12,18.832697723093204,3.365822646530604,0,0.0,1
0.15652427254746093,0.04108677087595868,23.10592838336443,11.59221712086282,3.554840240426257,1,0,1,0,3,0,30.0,0.0006445781919548054,1,0.0,0
1.5867115218922578,4.631118812731418,0.05,0.11974963542334563,14.511523928957867,1,1,5,1,25,6,6.310537908996027,2.049518168829736,0,0.0,1
0.8,3.4122897923965456,0.05,0.039759025966288275,16.075171027240575,1,0,8,1,32,9,4.740164927251047,4.296801292584572,0,0.0,1
0.06232397810130403,0.03660422910646489,29.667992689090298,9.602566665551175,3.2647695267749652,0,0,1,0,1,1,170.010805332975,0.1677600832147419,1,0.0,0
0.015401020999693725,0.047865542962467145,31.702791061058484,7.478445616191055,1.2986718998618367,0,0,1,0,2,2,137.41146773209695,0.8024026506048587,0,0.0,0
0.03253495783246479,0.2352550195104017,32.9561818400757,9.232654967082155,2.058460456834026,0,0,2,0,2,0,447.0541288045781,0.08204200089849847,1,0.0,0
0.010125759504089935,0.0803624002109408,14.728158168457398,8.07508254993146,3.191720302401696,0,0,1,0,2,2,86.90907998818761,0.4216570670578125,1,0.0,0
0.05632608055860738,0.04781876764631634,49.64168043357852,11.087506311731921,0.627208750253591,0,0,2,0,2,1,41.09453320905557,0.2133223814062121,1,0.0,0
0.026917361249070952,0.1319505949579272,17.677412173626557,8.582653663754007,3.2689650254316334,0,0,1,0,2,2,42.497374110730206,0.048041376618045036,1,0.0,0
0.008842091562820923,0.048898336352942176,23.883553035677746,5.585654603158087,3.59309361816525,0,0,1,0,1,1,151.6323079725651,0.1602395906211774,1,0.0,0
3.129519230675627,3.004555626470698,0.05,0.06977925542999541,17.36147482796137,1,1,5,1,25,13,13.504405563114911,4.1257735570897935,0,0.0,1
0.03788776388311992,0.021610477277728024,36.97963289830788,4.541340610007197,1.9973142741367578,0,0,1,0,0,3,118.01731684963809,0.12629649198661796,1,0.0,0
0.057556309071680786,0.03361105941110536,18.78939761566899,7.803785309597406,2.254819218346998,1,0,1,0,3,3,495.15437844311367,0.17039297879730503,1,0.0,0
0.08485016814189594,0.0188625804751404,33.401991009798955,5.626696415641508,1.7656339782805623,0,0,2,0,1,0,46.24132807548558,0.2224081061772446,1,0.0,0
3.0768533534956557,3.869478190875988,190.0,0.17662681211732978,10.373375502856812,1,1,7,1,45,11,9.641858668010181,5.274220673211495,0,1.0,1
0.24739581568972996,0.22206943512551508,20.72817868565594,7.183649451725792,2.4867105303254986,0,0,1,0,2,2,30.0,0.06542430206180289,1,0.0,0
0.011285571514760123,0.14219184280074754,10.202924262974069,8.410802656009553,2.645384671756881,0,0,1,0,4,1,30.0,0.11784478440495201,1,0.0,0
0.08443383936982034,0.010452571719022004,30.228681984488972,8.769166569624494,2.20498914730891,1,0,2,0,1,1,186.3919707263598,0.08310681111002038,1,0.0,0
0.005926278534185039,0.014398846690923785,24.12878083782534,6.932316521830632,2.8813614866061226,0,0,1,0,3,1,54.485427934171966,0.02158350220973275,1,0.0,0
0.04719770558209576,0.056241491683867946,20.114596770709625,4.694747527137116,3.132842211712895,0,0,1,0,1,1,146.43754618069562,0.05426699440004234,1,0.0,0
2.6574156516405414,4.195465272544958,220.0,0.0029444534473127004,16.8521601611533,0,0,6,0,32,6,8.636708687894252,3.840419086102482,0,1.0,1
0.08520115800820871,0.016966954401285612,27.161013187590708,6.434714603755884,2.3375737334390134,0,0,2,0,0,4,293.37520421334943,0.3943385134371304,1,0.0,0
1.689865054186182,3.9271228036309322,0.05,0.09729020180252776,10.934321534911739,0,1,6,0,45,13,6.627681700585493,3.319846476997848,0,1.0,1
3.1726887662054204,2.401071291001486,190.0,0.20913173603542204,9.488623743524702,1,0,7,1,32,8,2.1620267461332014,3.3447566293132356,0,0.0,1
0.037829956618650726,0.10913735097793663,34.90738331594132,9.87369395412744,1.8508460110327563,0,0,1,0,2,2,30.0,0.028521100943111485,1,0.0,0
0.07476703185649185,0.05146249929910182,20.13833447222273,9.220032930476451,1.2397376002965208,0,0,1,0,0,4,296.96782539576657,0.007469979430088068,1,0.0,0
0.13659463616149514,0.042999042493104364,18.106863341538656,7.998424785578736,0.9356222357620361,0,0,1,0,1,0,294.4831235370555,0.025233520057195383,1,0.0,0
0.034363351190512176,0.1563648895483091,23.896014265903258,5.299621426475682,4.457004443250513,0,0,1,0,2,1,499.0144304936881,0.5981513107943432,1,0.0,0
1.621483287268113,3.411556731912678,0.05,0.01398623111859068,11.456430791814466,1,1,5,1,60,6,20.856695545691103,2.122380744725506,0,1.0,1
0.04849802504285973,0.04227909901969129,24.181951802464273,10.87612375250212,1.9976926546015252,0,0,1,0,2,3,67.28697900030866,0.027889947156384695,1,0.0,0
0.1424860937267023,0.03446347864240781,18.309244385959303,5.9101362293194795,1.6773235350000348,0,0,2,0,1,1,356.3125644190388,0.2582209019213959,0,0.0,0
0.14133835712709872,0.03826802906205862,22.52655886980945,4.065432579492864,3.6628710985640573,0,0,1,0,0,0,133.6205434291745,0.13762945735650678,1,0.0,0
0.17694836796711144,0.12941478189314076,26.382864057622385,3.867110286145019,2.6460809376377297,0,0,1,0,1,1,73.78220153603766,0.03688431907146369,1,0.0,0
2.6091857280753272,2.6908122666270824,190.0,0.03324773558013086,14.362267833469724,0,0,12,1,18,8,23.206930105067546,2.2565904532461416,0,0.0,1
0.1969122219871971,0.06398212621328286,21.560076982278805,13.880630014577388,1.9640987023998921,0,0,2,0,2,1,497.32840426827,0.15346224470246805,1,0.0,0
3.3445651415049995,2.8939898111635167,85.0,0.202733964671106,12.222160487875012,1,1,15,1,45,6,2.1270789932717076,3.6393996932510935,0,0.0,1
3.3744343249324094,2.853079707794276,190.0,0.04334883313830143,13.327834757411111,1,0,7,1,60,8,10.599055449907388,2.283466351090939,0,1.0,1
3.737636312114575,3.092733491027235,85.0,0.09517903162177574,15.974451164157138,1,1,5,0,25,9,13.205055124822882,2.2817027675228845,0,0.0,1
0.4542886541831227,0.009052712978787594,21.054671494639422,11.28208495011189,0.2686931903272465,0,0,2,0,4,1,526.182868389366,0.021719186009140606,1,0.0,0
0.08398319062693718,0.08660304738843795,28.855153356282436,8.195245005457647,0.5243212518098417,0,0,1,0,2,0,128.27824580482155,0.6635547245733342,1,0.0,0
0.06794923195695426,0.014971687885173359,23.644185551536225,7.434413573839106,2.667394438057835,0,0,2,0,1,1,106.19392539975046,0.2920855372730104,1,0.0,0
0.007053732807595524,0.0403417023635732,25.39648031394783,8.038302064192578,1.9372514744308489,0,0,1,0,1,2,201.10804016257794,0.14238178698716036,1,0.0,0
0.01408125595521102,0.01164987938705409,27.405169785308725,5.659396439858611,1.2096686183015324,0,0,1,0,0,1,943.1793004761308,0.176713811750842,1,0.0,0
0.012773747038837598,0.04446668387921754,23.605878579366575,10.316890331291544,3.118169414895207,0,0,1,0,5,0,30.0,0.1695366409732033,1,0.0,0
0.11125580873026539,0.023550077064048273,24.368459655644248,12.349690990247042,1.9511227664804058,0,0,1,0,0,1,305.6198182225925,0.15273760050606006,1,0.0,0
0.35050940511176226,0.0710223342348383,31.458800485285348,8.6878129633209,2.269235132886258,0,0,2,0,4,1,508.11078161865845,0.15329578997287566,1,0.0,0
0.09161998150714162,0.017562610166781064,22.95002417330684,6.2064338027469015,3.429774859514874,0,0,2,0,1,1,859.6010476277462,0.3373309890959112,1,0.0,0
0.07168369186380684,0.06100911604042216,30.45587244811285,9.520133186342132,0.7663058356714507,0,0,1,0,1,2,42.442816942236796,0.2007783081420223,1,0.0,0
0.11100741909721151,0.10024955993403213,34.07039279343367,10.267966320939335,2.6131224992291844,0,0,2,0,1,2,30.0,0.18070362162293155,1,0.0,0
0.13386075040175827,0.07661575084335359,32.60235312434456,8.017891570812072,4.3503391201543025,0,0,1,0,1,3,197.78256203915157,0.20530689348629905,1,0.0,0
0.0032242887200873314,0.014825625696623117,33.85182399671543,12.210237146070693,1.8374720353237433,0,0,2,0,0,1,197.30102695257773,0.0647131750377085,1,0.0,0
0.048977637901117026,0.022905509406910208,28.804491468378856,6.7581534602599795,2.0820868996274315,0,0,2,0,2,1,30.0,0.449491702143353,1,0.0,0
2.5707312580910577,1.7701008503177282,220.0,0.19985848364530223,14.68124752239585,1,1,12,1,60,7,10.62757040369561,3.869585047447559,0,0.0,1
0.028117087110311495,0.005997657542054653,21.174696523439497,4.98515325919449,1.9391316225797985,0,0,1,0,1,1,30.0,0.11613164209848093,1,0.0,0
3.737681813142211,4.485085651531205,0.05,0.13578687060626266,6.927040291642333,0,0,5,1,32,7,23.03183346643829,2.669744830257223,0,1.0,1
0.012533725165331131,0.04938124154619897,31.758776986019008,8.999184952148767,2.89347289442599,0,0,1,0,2,1,30.0,0.20034804721713978,1,0.0,0
0.03584825452216749,0.046261384603759746,16.566035387834177,8.902067007433141,2.774914554913987,0,0,1,0,2,1,124.19689790844785,0.08769216693571215,1,0.0,0
0.22243069637615054,0.057024820640135254,27.83411602050933,5.585452683601094,3.236318179706405,0,0,1,0,0,2,55.76111623839904,0.6935394833683187,1,0.0,0
2.645100237740308,2.8553036238245566,85.0,0.19405724107348069,14.185837575738958,0,0,6,1,45,6,18.510426743367205,6.197705253004751,0,0.0,1
0.08379510578596734,0.019649621845582423,23.817500987207826,7.1792372589289215,1.0395830795907712,0,0,1,0,1,1,204.3905913402426,0.5124595850372455,1,0.0,0
0.08917891855111162,0.0005992903193379044,17.687127832574717,7.780188925633503,0.8193739547048893,0,0,2,0,0,0,92.3099570132483,0.28814438231486156,1,0.0,0
0.10499776583637964,0.18377046720399073,32.29108741809551,4.146440598056303,1.9986699219736765,0,0,2,0,3,0,30.0,0.16102837064462264,1,0.0,0
0.04037553976688264,0.023000430005940365,23.538378713160494,8.541608047545088,2.601082738107764,0,0,1,0,4,0,60.720717033907526,0.008238224539499394,1,0.0,0
0.20740169210662474,0.045107606301903296,28.41934241256012,9.066449917221437,1.233058737616937,0,0,1,0,1,0,170.65975991852397,0.6881502513504874,1,0.0,0
0.07096177546988103,0.07109604329711543,26.96138927195573,8.850730481310668,0.9129696719987248,0,0,1,0,0,2,272.00199434905437,0.2072935368344036,1,0.0,0
0.015788630227372067,0.09290561760286176,27.58944137200905,4.925722824831097,0.44164355527947996,0,0,2,0,2,1,46.346046743922805,0.23773075776207336,1,0.0,0
0.06403329551080952,0.0224780762644594,21.590209777010173,9.157533702882116,3.2951961769007685,0,0,1,0,0,1,81.11017369499676,0.03645151165287925,1,0.0,0
0.011513508356521648,0.08604679087134968,14.095609252440354,10.34617458490026,2.324504322370813,0,0,1,0,0,2,572.4822697733597,0.48114478651244613,1,0.0,0
0.013563706022456452,0.13076685217782255,24.242175157502913,9.649123435073431,1.8367216147716967,0,0,1,0,1,2,244.51663009631412,0.2648209303436298,1,0.0,0
0.04396835574353542,0.08100054691109781,15.945532800725875,6.563900408900608,1.643583465977257,0,0,2,0,3,1,188.58412372845368,0.06304491906111716,1,0.0,0
0.04278343907001802,0.07312332607037987,24.923338554832753,6.072575602053499,2.2894549488591363,0,0,1,0,3,1,191.46536498243157,0.03715841441035602,1,0.0,0
1.7177890625236791,1.4354099220763257,85.0,0.1004934967319793,17.545590649259278,0,1,12,1,25,7,4.188568546059582,1.5928536671508706,1,0.0,1
0.04096158257813156,0.01327900083195637,38.11362566279571,6.565490524037868,1.774887439314884,0,0,1,0,3,2,290.8305414729095,0.35651945881118935,1,0.0,0
0.10349903657256632,0.07147505247014825,30.25944154074655,9.5993396269761,2.5950088021082798,0,0,1,0,1,0,698.845613662189,0.12049388472607732,1,0.0,0
0.018500716195710108,0.010004909104325936,21.059711064409615,6.359489119971167,3.384100030890104,0,0,2,0,0,1,328.37499562143256,0.08279769423450165,1,0.0,0
1.1253167529098738,3.0274128439930905,220.0,0.0005989050213641711,18.191575397681525,1,0,12,0,60,12,10.896820760086378,2.0827123914763366,0,1.0,1
0.02606543182788399,0.1688786360247298,24.952548390237453,12.41065243229958,1.972016007329205,1,0,2,0,1,1,288.58737640981934,0.209394653552971,1,0.0,0
3.500270061115133,3.353969461801895,85.0,0.23182834831544422,19.487140236837764,1,1,12,1,60,14,10.053442714650906,6.235587710637033,0,1.0,1
2.2694087119141226,5.197549813459649,0.05,0.22101858973605729,25.0,1,0,5,1,60,11,16.915634096737833,4.149676802905354,0,0.0,1
2.394752240310191,5.221451144301101,85.0,0.13506860011395,18.34528067179502,1,1,6,1,60,11,4.861662795403846,4.207036156035605,0,1.0,1
0.009143343340666906,0.019366210835801007,25.139217373559415,8.070610905226326,2.4400506606935735,0,0,1,0,3,1,252.3454422735695,0.04414819827918094,1,0.0,0
2.1193814802618047,2.18625199600542,190.0,0.08791876995094772,17.14033405928851,0,0,7,0,32,6,6.2595845182834555,2.626421901513226,1,0.0,1
0.04938019336099716,0.007867036541324455,20.10530917195028,5.810026662783182,0.6932770307880427,0,0,2,0,1,0,54.80309066448184,0.12461641825008643,1,0.0,0
0.10877573491547195,0.01937441110358541,37.73143151326563,8.877340895019998,3.8079328389524703,0,0,1,0,0,0,49.476485723409084,0.010924901256257691,1,0.0,0
0.3007075075099423,0.1059167724143179,37.69883722212544,7.601429304128383,0.5994776089692877,0,0,1,0,2,2,214.850871093038,0.3721135487750453,1,0.0,0
3.5788306438103508,2.623682783630815,0.05,0.20209087773228027,8.832897782855255,1,1,7,1,60,14,14.384749229761518,5.570694879454949,0,1.0,1
0.021750189314617974,0.21259291948781525,19.77108660341201,9.900994126316327,1.6258264151965627,0,0,1,0,1,0,100.13407099085902,0.004247238457386972,1,0.0,0
0.13982207216172246,0.10678563553154645,18.815524643270727,7.688825286504642,0.3159062706525946,0,0,1,0,0,1,207.56624667190408,0.059777122909109005,1,0.0,0
0.035590142983838884,0.023846095371507024,15.299884124154332,9.93586277164533,1.4534788392914213,0,0,1,0,1,0,92.97453773329238,0.59980391398379,1,0.0,0
0.09675032033846129,0.07619151933586471,21.219454255793696,11.238228735349502,3.885668785055305,0,0,1,0,2,0,250.0045590819135,0.07388245568123279,1,0.0,0
0.016490174896389972,0.03876314241254777,22.971383406223854,7.0799498263697975,2.052622130017261,0,0,1,0,0,0,40.58186029667812,0.07902854717079733,1,0.0,0
0.012782784426187377,0.04464303468758781,32.24314344199192,6.882411763167138,2.8584588426390307,0,0,1,0,0,0,30.0,0.02742381594565893,1,0.0,0
0.0030810497703333286,0.016271297044310656,19.16502122187881,6.152364005803152,1.8465576326844864,0,0,1,0,1,2,37.92762796733556,0.08913942255225082,1,0.0,0
2.9890688029962713,2.64912872004229,85.0,0.16581068943449173,23.478111779528582,1,1,5,1,25,12,22.5856009037974,2.736390361926436,1,1.0,1
0.0729810314351544,0.013602556339574278,28.771399546706316,9.245588317058411,2.1585496531596426,0,0,1,0,1,0,580.4215755130414,0.1462137505026235,1,0.0,0
2.6378271732615475,3.070038033774144,0.0,0.07584186865181561,15.761172894225904,1,1,8,1,25,9,3.1134279767434903,5.63285417133758,0,0.0,1
0.14142646033698386,0.05844557401721037,31.13874435065074,8.237639691470319,0.5987459858002318,1,0,1,0,0,0,111.7503359356771,0.01973173393382224,1,0.0,0
0.053756132888838716,0.028666564699680847,29.802798754819914,9.092590731007336,3.136534855774768,0,0,1,0,1,4,149.14585304639513,0.06638402920556379,1,0.0,0
0.06120287034339457,0.012352987363575749,19.06542145750533,9.286756688939425,0.09020233034107328,0,0,1,0,1,3,115.09265399430399,0.5866656412293815,1,0.0,0
0.5923218890373733,0.0054970345790734424,12.60661765694038,9.228852154270696,4.011721575442747,0,0,1,0,1,2,499.8933867856384,0.09606488182882966,1,0.0,0
0.01562806559797401,0.19760100299266647,19.01914529422109,9.67162596710931,3.126457757129158,0,0,1,0,2,0,171.87959391927276,0.08271311977987605,1,0.0,0
0.1845523213237094,0.05999229889621243,30.20513110601914,8.423477435071689,1.8141943899002217,0,0,2,0,1,0,74.9487771084048,0.379226957085103,1,0.0,0
0.07261671269583525,0.07272865108839292,30.997142108630964,7.605551280644953,3.01013071434825,0,0,1,0,3,1,52.05502376802977,0.04198835619116862,1,0.0,0
0.09239675811490045,0.06296580848486148,27.041661331757133,6.393061931853446,0.8669248269078431,0,0,1,0,1,0,567.96317131437,0.027192152869115496,1,0.0,0
0.26532056930177506,0.1232707784589471,25.340090979383238,6.083615083283922,2.2468869015322666,0,0,2,0,0,0,150.34945564890756,0.1392379505587989,1,0.0,0
0.20523626576492748,0.07048437719570885,21.619588693877567,8.312308767553267,2.637931960055289,0,0,1,0,1,2,119.70389816216579,0.05970667073618117,1,0.0,0
2.618809165931998,1.8373700372865704,0.05,0.16977521660613792,15.840167663181354,1,1,8,1,25,9,4.368212380646469,3.875485995781911,0,0.0,1
0.21905323627947879,0.019804662658104617,23.55020943754098,7.5819910795541805,4.742796604370019,0,0,1,0,2,0,30.0,0.030123201427728744,1,0.0,0
0.012793045469446252,0.0052992795703005035,30.987372351036633,13.26919560066294,1.0452901663070775,0,0,1,0,0,1,378.2644111031512,0.024783477867375656,1,0.0,0
3.5808384063536423,5.606320132209925,220.0,0.08892041158034206,10.433838125323451,1,0,12,1,60,13,18.986785127765756,3.285574098630865,0,0.0,1
0.3518942353131076,0.0752320256560563,31.26738363951953,10.076997894702039,0.9213392289694478,0,0,1,0,3,1,285.33186504019676,0.15379088244723993,1,0.0,0
0.14517406828264556,0.05169226631080807,39.71778787369118,7.6202934737991885,2.634252876471426,1,0,1,0,1,1,126.67000567573868,0.07203471294256199,1,0.0,0
0.16990308406484753,0.04964550237084898,30.18720505234356,4.205735800067936,2.5242025730471775,0,0,1,0,1,0,204.84271913955047,0.25190782199801526,1,0.0,0
0.03346994195939347,0.2968158603417849,22.334070019773325,7.134919907692908,1.575923406633021,0,0,1,0,3,2,330.74489603524506,0.04045110669389041,1,0.0,0
2.788050607771205,4.030749084937931,0.05,0.0962379676473675,15.465203160628944,1,0,8,1,60,7,7.828552266352105,2.400389704806036,0,1.0,1
0.20052328452836093,0.0017491426688271408,20.866260403601174,7.713215124088529,2.837746225555152,0,0,1,0,0,2,30.0,0.35704983011143326,1,0.0,0
0.05279891830588532,0.044664615438538856,26.10067397370986,9.23783025765839,1.5403018575260794,0,0,1,0,1,1,74.69218683556115,0.4443923366315784,1,0.0,0
2.5439642869464256,1.8265932060092667,220.0,0.10646696882231399,19.316360127367496,0,0,12,1,32,14,20.683088209257214,3.384226057067922,0,0.0,1
0.25827851640312005,0.03076190890590117,29.49082938494881,12.970854869513921,1.6618132830175316,0,0,1,0,3,0,590.3550819491109,0.3573860007855776,1,0.0,0
0.03737021606708695,0.22187155562118668,18.37955609858673,8.406750469570662,1.8568336663644678,0,0,1,0,3,1,208.04342596697433,0.7375431928990958,1,0.0,0
2.8347172857262235,4.877269662058225,85.0,0.042508987086308125,10.597704176521216,1,0,5,1,45,10,19.498878850644076,3.895127535706053,0,0.0,1
0.017722597298628844,0.026970053534307575,21.077904764209304,6.3310587528424325,1.5106676245377946,0,0,1,0,4,0,35.61614574142648,0.06912256767043388,1,0.0,0
0.2607672648036901,0.08117820019538206,22.290049478075673,6.871857555015634,0.671924967245288,0,0,1,0,2,0,30.0,0.2237120849006436,1,0.0,0
0.04968558117735886,0.018333172251328564,26.293271448079935,10.97096753900614,1.6678022838580666,0,0,1,0,1,1,37.02383293940094,0.544225796319589,1,0.0,0
0.30440322556547134,0.1460282802629526,27.62211659421275,5.469770127501039,2.936814316922667,0,0,2,0,1,1,190.33905070259422,0.43494538849746545,1,0.0,0
0.04760990762783792,0.034415188750548054,25.935886730257412,10.722290430408925,0.5201350944911862,0,0,2,0,2,1,88.23319398114694,0.012755234111129207,1,0.0,0
0.09958409662520669,0.036119610719001584,25.316655129581466,11.343786177408685,1.4083526014842485,0,0,1,0,1,3,30.0,0.0037631838003290225,1,0.0,0
0.18189485898618327,0.061347272315396786,39.958866185141076,11.112560951456405,0.5801424654150273,0,0,1,0,2,3,59.61415384441933,0.2002355980608543,1,0.0,0
3.086587438269981,3.4581868725341405,85.0,0.22918937748958867,11.801358649778257,1,1,15,0,60,12,18.721683697199676,3.6546645729585214,0,0.0,1
0.052801695518773485,0.023957963381260324,26.044670786743204,5.290391378203875,1.4855832383434726,0,0,1,0,3,0,37.87569546582389,0.16553185827318825,1,0.0,0
0.0213031262108567,0.04329860016100447,26.00377553840215,4.801183988243189,0.7118892699324728,0,0,1,0,1,1,98.85973508512785,0.09449744462242814,1,0.0,0
3.427796405247108,2.9016194250803036,190.0,0.05352396465436415,10.497643196380112,1,0,8,0,18,7,20.79370067115092,3.056877507601897,0,1.0,1
0.8,0.07003741770614866,20.94015643375225,6.698376517977272,3.5960892921942413,0,0,1,0,4,2,30.0,0.26493853150861657,1,0.0,0
0.024230117757554088,0.04194260661244749,26.8726437538529,10.931747124397962,2.6112911472382443,0,0,1,0,1,0,30.0,0.12770845372682052,1,0.0,0
0.11852090076096264,0.10386810804965721,34.7000379400082,10.356777358272343,1.1291011795320656,0,0,1,0,1,0,103.11229138180032,0.22499964432141772,1,0.0,0
0.020925968862135703,0.017475795792090475,27.7640263284135,9.772471656860649,0.9325830141113112,0,0,1,0,2,2,165.68689151704768,0.14858568589483187,1,0.0,0
0.1575061636152609,0.012426453584712307,37.09146062609941,6.861894713762388,2.0988872158551835,0,0,1,0,1,1,321.05656112421474,0.0666121875816542,1,0.0,0
1.8780092686221446,1.3265503844469084,85.0,0.024805048602494856,7.260873884535509,0,1,5,1,45,7,9.176618160927832,3.7638686125734853,0,0.0,1
0.09460889691645509,0.19337166437074757,28.98137676970988,9.064705327959306,2.5557313191030024,0,0,1,0,1,1,531.5870652233552,0.13354125963501046,0,0.0,0
0.04538608665750702,0.025282486314764457,29.473739963717996,6.854102748275285,2.5821669967373477,0,0,1,0,2,1,246.70512073998984,0.017290950196021296,1,0.0,0
0.008071671705516509,0.06648551751606846,24.777464380228604,10.386318402000333,2.9078606377044913,0,0,1,0,1,1,112.71212016550888,0.03509880785331517,1,0.0,0
0.012881160554986422,0.07704648617407928,9.518619541123783,7.13729678712958,2.6546419928245037,0,0,1,0,0,1,45.68058296704537,0.024332629223684142,0,0.0,0
0.29793344745657224,0.22305610924811423,21.699035328865108,9.155637431631968,1.0539722540103869,0,0,1,0,0,1,215.71061573539998,0.006296755159372987,1,0.0,0
0.20871173358319198,0.038495911478731715,26.517208552871878,8.182717947913797,1.0435328562603898,0,0,1,0,1,1,30.0,0.21787552637630359,1,0.0,0
0.24312379466322195,0.07236416031117564,26.21744398479252,6.068124364048197,3.0031370033055653,0,0,2,0,4,1,128.9185261420168,0.026770504546090274,1,0.0,0
0.1826943091337377,0.04614279210517287,26.4835963490699,8.697648090032864,2.352750225258872,0,0,1,0,1,1,311.9795067856192,0.0867128058524391,1,0.0,0
2.3831316719002076,3.330778615215417,190.0,0.19606088523426615,14.25787464590363,1,1,7,0,60,12,9.861513134590364,4.070097152412751,0,1.0,1
2.939286177710047,3.7725735946249546,85.0,0.15827849991821832,20.24738850553318,1,1,8,0,18,8,8.186604460336756,2.584311362176531,0,0.0,1
0.013400940071807031,0.13628384252158116,36.672470175379296,12.699505095991977,2.0164409286193816,0,0,1,0,1,0,333.02729729848164,0.9,1,0.0,0
0.1711658242671847,0.0023989697301628377,18.101540637424556,9.50400377813312,4.1580190108571955,0,0,1,1,1,0,413.28729157757056,0.042751733271987315,1,0.0,0
0.5998747291082821,0.07445130494402591,36.55817524123285,9.366092757207893,2.877909797753002,0,0,1,0,0,0,33.005323646123024,0.17192082328044064,1,0.0,0
0.15628576593355933,0.03141957834669844,28.582420420357728,8.611479546652737,1.9078259199466965,0,0,2,0,1,0,157.55526300121514,0.05340531740849365,1,0.0,0
0.07923381397299081,0.022662109187353275,33.18949210450897,6.977088886472298,2.1936282509182634,0,0,1,0,0,1,392.7163984689417,0.22150194698367864,1,0.0,0
0.08469101866268126,0.007946418290837209,29.847020212451106,9.513272909818006,1.9411735908319496,0,0,1,0,2,2,30.0,0.08523589454330026,1,0.0,0
0.022015832415691283,0.17126532571490713,31.927879618284155,6.986439265958266,3.0010648425707633,0,0,1,0,1,0,30.0,0.09948151372960955,1,0.0,0
0.06745115740217869,0.007644902746168385,15.612146583728077,6.614073255100472,2.7657805394802746,0,0,1,0,1,0,40.428782619356035,0.19628594442481928,1,0.0,0
0.07044788081314834,0.07487107523706718,29.498751451816666,6.8522773787538265,2.646870464896778,0,0,1,0,0,0,348.2840915932828,0.02628213283644822,1,0.0,0
0.13582220811208187,0.04434120260157122,32.632583360028974,9.063868606410324,3.2103238499415534,0,0,2,0,1,1,65.89437062877263,0.2534869776187322,1,0.0,0
0.369626854373005,0.009027683135521275,20.430414063219345,11.045820434494848,0.0,0,0,2,0,1,1,30.0,0.395909757740932,0,0.0,0
1.446070069722914,4.048507696406544,220.0,0.22171677121247796,8.724119306160581,1,1,6,1,45,14,22.979378509108994,3.6402274869798608,0,1.0,1
0.03785725718712026,0.05679282305633513,28.436667042511413,11.30441917900654,1.343126717706606,0,0,1,0,3,2,124.40791277154487,0.50173180142941,1,0.0,0
0.03704136772176418,0.11484976784957784,25.23564833849613,10.226828143123221,1.7215352862816151,0,0,1,0,2,0,30.0,0.13045226172399704,1,0.0,0
0.005096171813572105,0.06157949111847438,27.187852105798985,6.997953217218951,0.48634582553768224,0,0,1,0,3,2,30.0,0.44555287341549876,1,0.0,0
0.06339666677871628,0.25355176036815325,24.98593271397734,8.709084491098432,2.8483172197046054,0,0,1,0,0,2,31.56769900925467,0.17520439001577362,1,0.0,0
0.04747529637453483,0.018583071310499383,27.143994742702915,11.840187801166179,3.5099796104154892,0,0,1,0,2,0,171.21848429519744,0.046696457744889695,1,0.0,0
0.008937838470679797,0.043226985157831584,24.30337179326422,5.410757662785173,1.7487191386752554,0,0,1,0,0,0,77.1849157669117,0.07775059595189063,1,0.0,0
0.41251860034048116,0.011222030680008746,25.536838458174955,2.8633914275956425,1.885182960351574,0,0,1,0,0,2,83.51744476761903,0.2616657396549766,0,0.0,0
0.017871742274953733,0.060740961793291366,31.485623319586953,6.1014351560717355,2.2952297411054325,0,0,1,0,2,0,74.59363970682338,0.009233854207221288,1,0.0,0
0.29593970551355586,0.0007366249819187909,21.250536886589448,8.213153567082141,2.3482862476668185,0,0,1,0,3,1,302.49087174973465,0.2075849560903099,1,0.0,0
0.2504048727954641,0.007475131678316759,8.776949245326563,7.362342824886818,2.6949148109113903,0,0,2,0,1,3,123.01384388348441,0.03709406071089782,1,0.0,0
2.582844035107643,4.638150783098255,0.05,0.057702033589975166,9.38331996850463,1,0,8,0,32,10,2.7394178879863045,4.094937260295114,0,0.0,1
0.09137854049464574,0.017991516870394197,23.86150375862443,8.43468819251938,2.2833235925356665,0,0,1,0,0,0,366.13884764503115,0.4059194789538495,1,0.0,0
2.729685473812388,3.8750198254110355,85.0,0.18055560630379727,16.225930483703678,1,0,12,1,60,9,19.413820945596054,2.9164125484290375,0,1.0,1
0.12139562235885093,0.11538194595535432,35.56350349644052,10.433766833511488,2.659458524439355,0,0,1,0,2,2,96.41600780521073,0.15739054570320796,1,0.0,0
0.005325965913583934,0.012479595542843237,23.32858233210752,8.829913750818049,3.1644646925122126,0,0,1,0,2,2,247.48476022435128,0.028242295280462543,1,0.0,0
0.09124375542086748,0.20352947255429732,25.482106529246117,8.394891676159613,1.4851803376026251,0,0,1,0,0,1,492.8951706788149,0.5845941756129397,1,0.0,0
0.3770292615052937,0.057817798595942174,28.480165670632026,8.232648170690377,2.22489579488632,0,0,1,0,0,0,32.70821334880133,0.22351689715902842,1,0.0,0
0.12340729765306693,0.04162231452467488,35.991300561163385,8.032184029110212,4.2281544333496495,0,0,1,0,1,0,962.1330817281628,0.22119552859657376,1,0.0,0
4.078564525847717,4.1652977188954186,0.0,0.05109271647312866,7.791443748845587,1,0,7,1,25,7,19.88861451416242,4.409593419718464,0,1.0,1
0.028239642776195006,0.10863879110481829,23.161476434121386,8.097784409421147,0.38763188190951614,0,0,1,0,2,1,276.8961458801541,0.4056937218680477,1,0.0,0
2.93906549059478,1.196702759584391,0.05,0.18657334771084336,13.835678205218228,1,0,12,1,32,9,9.670086832579049,2.300329008322775,0,1.0,1
0.2155966723792081,0.09666346115051035,27.25589919734189,7.174965707386519,2.0212330657758213,0,0,1,0,2,0,30.0,0.09689263933808544,1,0.0,0
3.5755686460997937,3.429700553795249,220.0,0.06899216216758286,11.000616799008995,0,0,7,1,60,14,12.041818902325753,2.653846321529416,1,1.0,1
2.683113678693238,1.7173811418791303,220.0,0.12896524482486782,19.214924854476145,1,1,15,0,25,6,21.407215670644863,3.7985048302884126,0,0.0,1
0.06743976103248074,0.07414243216243321,32.57814837222973,10.332657906877142,1.7347761345494657,1,0,1,0,3,1,30.73595386485175,0.022492267845110596,1,0.0,0
0.09033164645634653,0.24010659177955745,17.524801613595848,9.195832156241767,1.2604894287059474,0,0,1,0,0,1,306.79978653520624,0.1950263217206485,1,0.0,0
0.15022531394033103,0.060757801720860025,24.610015691833276,11.071518073021132,1.7604505431151618,0,0,1,0,1,0,248.7817147146226,0.08911406544007433,1,0.0,0
2.102317347469413,2.8005916846892154,220.0,0.1250425245536601,15.317802526647018,1,1,7,0,25,7,17.95306840021052,1.5,0,0.0,1
0.021354485382292454,0.022562545187636455,10.017329557694723,9.441934139570325,2.2377973631390593,0,0,1,0,3,4,604.6575481667215,0.03337478534444387,1,0.0,0
0.02907945072922725,0.06529376751468581,30.73895868162538,6.189983005200195,2.3898651580657173,0,0,1,0,1,1,134.71811274547707,0.08141745889320373,1,0.0,0
2.6328693255004763,2.7852274728497446,0.05,0.02987306092050704,14.629640410646255,1,1,12,0,25,6,19.103909029437588,1.5,0,1.0,1
0.26716902195884956,0.08087133268223369,18.809236787464098,9.491033048289792,2.1032162597659174,0,0,2,0,2,1,307.03064895063545,0.028554886576686218,1,0.0,0
0.43562332501732093,0.022318151603897593,17.159946723902756,9.873550978095329,3.3602949929499104,0,0,1,0,2,1,156.41423364954647,0.31581012209998943,1,0.0,0
0.042381462000194464,0.11714537812058605,31.858938082435714,8.25337680186768,1.5969077102459903,0,0,1,0,2,2,113.91319915924366,0.07836333055661447,1,0.0,0
0.05120448667134438,0.022097148050401846,35.21205193802949,10.492776851286019,3.289593619624759,1,0,1,0,2,1,30.0,0.26641214205917324,1,0.0,0
0.17095347043165932,0.037832387049918766,17.192147594428985,10.765912329612275,0.425132387525347,0,0,1,0,2,1,509.7558447888935,0.05691405853040794,1,0.0,0
2.724919388013772,5.663333843292632,85.0,0.08113028400289707,15.417480400278794,0,0,15,1,18,7,6.889499820446613,3.020626871720659,0,1.0,1
0.09436027540131395,0.07795075676799874,17.18654561986265,11.826084519192236,1.8880833148007954,0,0,2,0,0,2,75.89126197205762,0.14837535820127878,1,0.0,0
0.06528454386384616,0.04632306708276209,24.27400262018298,7.327429900895696,2.837209486728681,0,0,1,0,1,0,70.91860889862116,0.16224042757889912,1,0.0,0
0.18680508388533495,0.07860510861969938,22.954459308965788,12.711712688726653,1.2477111782385317,0,0,2,0,1,3,262.93740074761394,0.5591984760712324,1,0.0,0
4.51093318288171,2.6583161227719927,220.0,0.17856209567293363,17.759588601495683,0,0,15,0,60,9,5.790721530667296,2.1995654513085316,0,0.0,1
0.19898249636803347,0.5,32.16741224440203,10.55576778286682,2.5063634710620626,0,0,1,0,1,0,612.5554523852464,0.47694340906547694,1,0.0,0
3.432740443983084,1.3761505181519804,0.0,0.030875080115841086,11.013896881474926,1,1,5,0,32,9,9.106228912451435,4.04874269722944,0,1.0,1
0.12445726233934669,0.014193128038071368,15.798904986913179,8.892544676881727,2.774563304382459,0,0,1,0,3,0,96.61208697545369,0.01784769608216829,1,0.0,0
3.451034672935039,3.092344394841583,0.0,0.1086378779937496,5.785528312215179,1,0,7,1,45,9,21.38167396154826,3.622385108045638,0,1.0,1
0.01150091467270032,0.08709991398668565,20.563141629194995,7.3550499523768185,2.5059343058207517,0,0,1,0,3,1,107.72750355189109,0.0481548809394361,1,0.0,0
1.5343932621180991,1.1566578459158863,85.0,0.16057664762466178,13.921737304427126,1,1,5,1,45,10,12.697206027985153,4.6380223667531215,0,1.0,1
2.157024645924791,3.5619053082277934,220.0,0.1255273592172925,15.068073993495956,1,1,8,1,60,11,9.64579015098225,3.6429430146561756,0,0.0,1
0.10466465187899407,0.019412914074626992,34.33821131458067,7.331180450623522,0.7905775461081657,0,0,1,0,2,0,51.03942546402713,0.21847621414135246,1,0.0,0
2.6135505547154847,4.351150133486112,85.0,0.04688705787014985,7.557837333100735,1,1,5,1,32,13,7.233781405743734,3.739933749165427,0,0.0,1
0.21590615475042316,0.11208540001550825,35.2785015380488,8.913765059513581,3.198573670866252,0,0,2,0,2,1,97.40498036041451,0.03739891964325272,1,0.0,0
0.23739171250458863,0.14250066839188216,16.791932138789164,12.645197081525037,0.9264565564761107,0,0,2,0,2,3,180.2336334003921,0.3525206505257938,1,0.0,0
0.31413229994684627,0.013539090402408048,24.250743849315676,5.953489096386281,0.8614192662656173,0,0,1,1,0,2,464.3225172523391,0.105923015167932,1,0.0,0
0.05341079510133694,0.2750236794570219,22.760843464025633,9.975056126933076,1.2178132559979011,0,0,1,0,2,0,32.078469184551835,0.13019446953501776,1,0.0,0
0.040630098965444075,0.0060013103160147605,41.28961421228431,7.34269789175909,1.347736816256245,0,0,1,0,0,2,30.0,0.27961435892390263,1,0.0,0
0.42509639071467037,0.008361106817180919,25.132753457353594,11.865325829296228,0.4635402964538782,0,0,1,0,1,3,30.0,0.007928173865112093,1,0.0,0
0.6548621556760585,0.02538103517122764,29.92532887603901,10.378058314998292,0.9349824507853592,0,0,2,0,1,2,30.0,0.07638346852687906,1,0.0,0
0.08715070470698016,0.10339215353174645,26.890217434359997,6.244991505827008,1.0801893868490926,0,1,1,0,0,2,347.23276121836125,0.5392990990459884,1,0.0,0
2.9689284357379093,5.834854412129268,0.05,0.04890576109783626,15.69867931756781,1,1,12,1,18,10,6.162004707040319,1.5,1,0.0,1
0.28887768877934356,0.09385550778903028,25.56504753471484,6.276298586671942,0.8791507321883782,0,0,1,0,1,0,476.0543364017093,0.03742951989844077,1,0.0,0
0.11742746946565051,0.09914639595115285,26.59405820852773,9.075839242492,1.2077240458285288,0,0,1,0,3,1,235.6725686706754,0.16217386794998323,1,0.0,0
0.060489258757023476,0.09512370333247921,18.238645732165033,13.180600431713959,1.2713408589662176,0,0,1,0,2,2,30.0,0.14628157536643568,1,0.0,0
0.043605824351014406,0.15657506308483835,20.081134765517703,8.865175608428672,2.426367818973557,0,0,1,0,2,0,55.666891944547565,0.010372091670210486,1,0.0,0
0.002325460735973556,0.09094793507864109,29.513301635904703,10.5573974317798,1.279631145103346,0,0,1,0,1,2,30.0,0.2958242677036634,1,0.0,0
2.720282702545455,3.2495956177569365,85.0,0.22312553214649652,16.058692595344038,1,0,15,1,18,12,10.33403206710662,3.333740245563424,0,0.0,1
0.07169346357513386,0.2302702508793049,25.466326878755815,9.755404789103842,1.9700453538734701,0,0,1,0,1,1,426.6736492199041,0.24667046858768363,0,0.0,0
0.07182139894150567,0.09619202208576706,24.936342135696098,7.252567930167214,2.59317099099803,0,0,1,0,1,1,450.32204795772884,0.05593506988695882,1,0.0,0
0.018557500506083246,0.2221464524498163,30.46728828509749,8.844317339212882,0.5372826645727009,0,0,1,0,0,1,30.0,0.2509362558790558,1,0.0,0
0.018516918545054325,0.07478171968310422,24.493625735078737,6.843193556503498,1.9720522287217073,0,0,1,1,1,3,239.22684909349056,0.1885129143475607,1,0.0,0
0.02295514577460263,0.03248172594161514,16.585505490543795,10.248480338466484,2.1865062168834,0,0,1,0,3,1,54.75393840518538,0.3134666990713951,1,0.0,0
0.010030155129665059,0.011969136638679701,31.311934360871575,8.251845547793922,1.5760587004392173,0,0,1,0,3,0,207.58458774237977,0.3647085579401135,1,0.0,0
0.058853917651501574,0.11111792042305847,26.21564994498565,9.81361165701896,0.35230646523040776,0,0,1,0,0,0,140.0808301437093,0.10502835359306661,1,0.0,0
0.05298998751031714,0.10832367034374508,31.02888188443641,4.456012954503874,2.210570752333942,0,0,2,0,2,3,404.46348596160175,0.17505846404799466,1,0.0,0
3.228852783493198,3.0029896506507407,0.0,0.1921003695976271,12.562850782214829,1,0,5,1,32,8,16.55946555620503,4.761122721896946,1,1.0,1
4.375143728697269,1.9008739794861205,0.0,0.09941071740878507,15.53614401518227,0,0,12,1,45,11,4.472635282316079,1.7913725324608716,0,1.0,1
0.012182078583181143,0.011285031270165554,30.894487070703907,9.685042019521743,3.741818414959714,0,0,1,0,2,0,108.80638886165956,0.005698765355140613,1,0.0,0
1.9381984087860427,2.6776640061371397,85.0,0.09260285699468487,19.0438273338267,1,1,7,1,25,14,1.0367705143817743,5.040965059265081,0,0.0,1
0.17090073651618654,0.12162491531825904,21.868446235860556,5.83551082647311,1.2155580812587536,0,0,2,0,0,2,374.473172417196,0.014620986878867318,1,0.0,0
2.078333752314857,4.178439932535307,190.0,0.13686742665330845,12.168099189263838,0,0,7,1,45,7,21.420197331567273,5.914038581038266,0,1.0,1
0.06725703641913326,0.1226675054004918,27.424374024166013,10.746160798681277,1.6384867728931325,0,0,1,0,3,1,128.70269978222498,0.5425527691893047,0,0.0,0
2.96060754343598,4.100699802767691,0.05,0.09635046700905217,15.864047409079904,1,0,8,1,18,11,10.438461578489989,1.7786923896186957,0,1.0,1
2.9944690309907456,2.1908692800167158,85.0,0.01968865640426873,18.678753301662237,1,0,5,1,60,10,24.74462441146371,4.251614891513022,1,0.0,1
0.18876971698375,0.02666582481957946,30.17257045892741,9.289640040824354,3.4692134397269894,0,0,1,0,1,1,206.7684960224276,0.5176206620678101,1,0.0,0
0.12838729207391328,0.0693499877359106,20.551840128954478,9.676473589030117,0.8861556225989831,0,0,1,0,2,0,149.1492467190238,0.2569119870990845,1,0.0,0
0.02019963196220385,0.057663406832590657,30.151378351981148,5.054555036869289,2.620875415906747,0,0,1,0,3,1,58.35035301450229,0.40912638245071753,1,0.0,0
0.0014977930170033623,0.1803685141762697,24.04271096066726,8.382785848435056,3.0771925042677895,0,0,1,0,1,1,30.0,0.06267162417207475,1,0.0,0
0.060549822587265684,0.05434429564923812,24.581759589573483,8.330066806223705,2.555294190013616,0,0,2,0,2,3,52.78905004960617,0.3089379342660087,1,0.0,0
3.0270517871010916,3.2703158160823462,220.0,0.24895768842156743,14.95443607668629,1,0,5,0,25,13,14.166018487815995,3.299236503449481,0,1.0,1
0.0067581779091952544,0.21133990762985627,29.66326647910012,8.510915688562628,3.5909413585541055,0,0,1,0,0,1,30.0,0.14241044642597558,1,0.0,0
0.052570105012427905,0.11928206008664344,21.383531942131007,8.22840871948597,2.223679696495556,0,0,2,0,0,1,240.73322850681794,0.16603465592005376,1,0.0,0
0.010211394184452265,0.002749855867775514,27.61321916439343,7.558921720941165,3.7600437651348573,0,0,2,0,1,0,173.67378828529786,0.14519575576082167,1,0.0,0
0.01742616387942763,0.0351461352516866,25.737055434436662,10.224781151835375,2.0442061748804523,0,0,1,0,3,2,724.6474092284135,0.037456063225524326,1,0.0,0
0.10114804350712875,0.044813515660950085,33.479846909187096,8.011200328924978,2.069169793035983,0,0,1,0,1,1,30.0,0.12036095650683486,1,0.0,0
0.08777433669121823,0.07394846581686315,15.128753055121255,12.225519372760564,0.7681313118669197,0,0,1,0,0,1,30.0,0.1295379047413345,1,0.0,0
0.031754952838581194,0.06235488138125063,14.243480449606176,5.45311588372876,0.13593517494428786,0,0,1,0,2,1,257.0299681086743,0.1636729869390818,1,0.0,0
0.034036617774249746,0.3437100348073364,48.98882740901519,8.79974439587055,1.9569600677634105,0,0,1,0,0,0,40.914262535087715,0.0239437389473446,1,0.0,0
0.012986146297686511,0.06886843401830489,29.93101429399773,6.014871994400589,0.41187007400445586,0,0,1,0,0,0,137.67559773320508,0.07968984236200778,1,0.0,0
1.6123348296540827,2.510769710283198,190.0,0.053089565708083264,10.006148972118837,1,0,12,1,60,12,14.075378901609163,4.151789259228812,0,1.0,1
0.3955945533321199,0.07201300262933805,25.24834967112968,7.062914586441919,1.5688202796504274,0,0,1,0,2,0,57.21326711746302,0.42487656726214545,1,0.0,0
0.028658995311638725,0.05621370740034358,31.024170946612855,10.287084411778219,2.358909981412686,0,0,1,0,0,2,48.30918628351701,0.15644869790162885,1,0.0,0
0.012568804018184557,0.12908294405677276,30.755056739876444,10.136627472639924,3.259045004063905,0,0,1,0,1,0,30.0,0.03249733125074555,1,0.0,0
0.1625272729536749,0.0913006488577837,26.67206487597935,12.422208582582934,3.3919956981126695,0,0,1,0,4,1,301.85920287356976,0.12131014676699033,1,0.0,0
0.04993225651565755,0.020653369984901616,37.36470447624264,9.272452128209164,3.4043055051659383,0,0,1,0,1,1,100.94129423949988,0.11500384915047446,1,0.0,0
0.04091052387924413,0.16736032374915794,22.232340089476477,8.560567273105928,4.029089859949066,0,0,2,0,3,2,30.0,0.28743565853029845,1,0.0,0
0.1837518965229673,0.01146488938460616,24.925495131011512,8.848735175536607,4.006105097417404,0,0,1,0,1,2,282.2343949047612,0.10030565714775928,1,0.0,0
0.061099781209081626,0.06954657640924429,27.025329281573228,10.141817042338214,0.7964331037711674,0,0,2,0,2,1,275.3081594885293,0.009556233016376514,1,0.0,0
0.030500480068870354,0.037761647109649854,16.911718422317684,12.338562600288919,1.73783607987486,0,0,1,0,0,0,49.20507892155222,0.08570429044374905,1,0.0,0
0.3289019980381179,0.019883704395034753,24.834600910029177,11.161607831279724,2.933342304207253,0,0,1,0,0,0,150.77799057046775,0.03076627528247008,1,0.0,0
0.008838574860868333,0.04037121842405128,21.47630373097384,10.480249573785633,1.6353579458828673,0,0,1,0,1,1,882.946425747807,0.12023629315118832,1,0.0,0
0.056722744530948783,0.10691738517584366,29.8648720931089,10.724653648780526,3.0561640438100355,0,0,1,0,2,0,145.61857491589282,0.05705626863110404,1,0.0,0
0.03590443757472597,0.22061993293725263,25.29512889027976,10.00255541028522,1.8235929463716722,0,0,1,0,4,0,139.25216226554585,0.1824252169547312,1,0.0,0
0.0014026303261117084,0.1478858061215846,32.57278628093354,6.414449886487162,0.0,0,0,1,0,2,1,641.7698680827325,0.7673667986697252,1,0.0,0
0.1927825876752228,0.001069614991624375,23.884114255422315,9.912133899710861,1.9508258699729095,0,0,1,0,1,2,44.28994721890838,0.2938038793154281,1,0.0,0
0.6207143455669681,0.09216733957848769,33.341561077698685,11.344517017152654,0.9831054857623989,0,0,1,1,1,2,38.58684066882428,0.14049223088034776,1,0.0,0
0.06415883215441608,0.22302936727549091,24.314929872076643,7.332878904207853,1.5958460942926773,0,0,1,0,2,1,137.01536971532508,0.09389001269270981,1,0.0,0
0.004942500714833153,0.038237696791969186,18.083088280600897,5.773191505324972,1.022715167957031,0,0,2,0,3,1,101.44473176334293,0.11766714827734706,1,0.0,0
0.02134234425207688,0.06181335299127092,18.82346639983797,7.655598630390512,2.1939219464815354,0,0,1,0,2,1,300.46575201582965,0.0009150748564801186,1,0.0,0
0.16856890824436616,0.28283555085915957,19.6837799178382,6.504487441786131,2.842802691260533,0,0,2,0,2,3,288.4801944212725,0.056318638143648625,1,0.0,0
0.015368266425416478,0.06462742495339653,29.235078672417742,8.989196139298436,1.552789263455448,0,0,1,0,2,0,138.51781153112535,0.2877899127213796,1,0.0,0
0.10017038393297854,0.0377204926497904,31.384506940603348,5.68203140009653,1.1917545070119762,0,0,1,0,1,0,35.18566700078548,0.1797969316707815,1,0.0,0
0.07145575026767141,0.10033602500021646,31.65851684765996,7.246999567913346,2.8802141396241767,0,0,2,0,1,2,86.40776928479784,0.04326658038395885,1,0.0,0
0.061841041074539055,0.04487451944626418,34.81220344019975,10.718198930953438,1.7568190519228988,0,1,1,0,0,0,54.4049880761949,0.15037162123974435,1,0.0,0
0.4960524634958129,0.12137863105034305,29.993402602557836,9.074440690350558,1.375285833146725,0,0,1,0,4,3,65.47954290035925,0.24339214347334123,1,0.0,0
0.03000608327865445,0.024317163577034943,29.724157025909502,6.3631250283083425,0.5870824005851276,0,0,1,0,1,2,101.37692367953971,0.10577062603267073,1,0.0,0
0.14336564900980556,0.005228189506440091,30.849430387957664,5.541821423804956,1.7096281559840667,0,0,1,0,1,0,141.84899792626547,0.013922428342515756,1,0.0,0
3.2787264810964105,2.257099605183943,220.0,0.18326872623630336,11.637333627553451,1,0,6,1,32,12,7.746454484869947,4.1921379004592785,0,0.0,1
1.9609795175720401,3.550880063592377,190.0,0.1579772159610407,15.696771856684345,0,0,5,1,32,8,1.283764639859525,2.129777117134857,1,0.0,1
0.33661133031498985,0.016441675126977796,24.107400206049462,12.73546000601713,1.680487550080965,0,0,1,0,1,0,182.1633167001983,0.008952393444330227,1,0.0,0
0.0027217407939057496,0.03449616285678219,20.057667405406747,4.50590512676405,1.0622133336588395,0,0,2,0,2,0,120.28158409871482,0.04725460073738946,1,0.0,0
0.28384645214520887,0.113023744223529,20.156190626173288,11.230657496551643,2.223038024826475,0,0,2,0,2,1,103.4341771225697,0.1888798513275285,1,0.0,0
0.15632987141907792,0.020472923672266736,19.059310712267575,9.334658603320879,2.1358417481081124,0,0,1,0,1,2,76.40763028279476,0.05832748265682047,1,0.0,0
0.036660366691978856,0.07420613075270956,28.35384065830127,5.6142228518846125,2.2553543421120037,0,0,1,0,2,2,69.41101858040062,0.4268589293091041,1,0.0,0
0.31979616158193447,0.09539178700398467,31.32821827336147,12.29114954645712,2.5456106633808284,0,0,1,0,1,1,146.40554913884912,0.013055793080768775,0,0.0,0
0.15173074337028633,0.1250477195325886,27.881955504806943,4.596514781979101,1.9976565968504798,0,0,2,0,2,0,255.1336037525432,0.07727124045237412,1,0.0,0
0.06863549960902637,0.010853924914395642,27.100020485917742,10.206220528899479,4.783235142247329,0,0,2,0,0,0,96.34980114132092,0.0033204695259223304,1,0.0,0
0.18300360683211508,0.11631491924126211,28.58484644354933,6.255698877027171,0.6523152000525174,0,0,1,0,0,2,242.70040913312243,0.1040993720727546,1,0.0,0
0.08488405194703584,0.06359684167858236,30.75561219401885,10.022861248121787,2.0176213109768533,0,0,1,0,3,1,114.20638015290209,0.5304958725552992,1,0.0,0
0.16067662588412499,0.04797058019478622,32.424405053860504,9.597757031040667,2.9305107655361016,0,0,2,0,3,2,185.5055150222413,0.4118003500564978,1,0.0,0
0.06804858201627735,0.0020863635140833557,22.427961883058558,7.41972192107278,2.9207545652572384,0,0,1,0,3,1,274.5692700349113,0.006489373928628039,1,0.0,0
0.5038818869915941,0.06508235347693353,18.911201056420552,6.290663287795787,2.71373521966136,0,0,1,0,1,2,34.32574741796385,0.0895158766853823,1,0.0,0
2.1987329810981056,3.2164981508610264,220.0,0.03011879660749786,15.936035772184306,0,0,15,1,45,8,17.558127736659074,3.3092747942048626,0,0.0,1
2.895086912852987,5.317937003135981,220.0,0.17501869508523746,13.212951467737975,1,1,15,1,45,7,14.219548191338502,2.9441182426969945,0,0.0,1
2.4393979415547635,3.6471966431578364,220.0,0.09964069130157693,12.315089489204313,1,0,7,0,60,14,20.00341789042649,2.9365300482850056,0,0.0,1
0.009065530743095657,0.018956063793556997,19.208100718642328,8.11599745947716,1.1966580247095246,0,0,1,0,1,0,30.0,0.12775654067631662,1,0.0,0
0.010545395195953128,0.1593595959277858,31.37556364461576,5.495222036620966,0.9426954124686866,0,0,1,0,2,2,30.0,0.04313692691820911,1,0.0,0
0.22857853587015345,0.07429943784756078,37.164441456602106,7.899114382344897,0.7270066677687284,0,0,1,0,0,2,145.84327697394707,0.21365838969145,1,0.0,0
0.06707583907820588,0.016962653995468306,22.638498961073203,6.551879686163557,0.9250104328695945,1,0,1,0,3,1,30.0,0.3064696449558375,1,0.0,0
0.02657214358212254,0.001548727570898384,29.575148847250915,10.981931197477063,2.2613657421135738,0,0,2,0,4,0,30.0,0.3863297660046544,1,0.0,0
0.14148870903837774,0.04840487269849817,27.465442001342822,9.410151151440742,4.93032028549251,0,0,1,0,3,1,30.0,0.1949448166471762,1,0.0,0
0.07952300202448098,0.03742771454934123,31.778899524086956,8.334819349166976,1.821780987432144,0,0,1,0,1,4,316.769224422359,0.06400470811877979,1,0.0,0
0.029039473589285675,0.1518404219631519,23.89527947689422,8.085286462611991,1.4099740309091786,0,0,1,0,1,1,151.22437467589896,0.045948360008411994,1,0.0,0
0.41376988094409606,0.16128518702834949,21.722992131372596,3.7160362208877196,2.112337948732377,0,0,1,0,2,3,507.1340328117264,0.736276656501629,1,0.0,0
0.010029275467771175,0.09469789464199874,22.65012013297597,9.684205966404983,1.5133371926763044,0,0,1,0,4,1,97.81430716956295,0.1084739031222196,1,0.0,0
0.18190066180187994,0.0004290676603442207,29.200573683645406,8.275472465617405,0.8083514611012916,0,0,1,0,4,1,30.0,0.04502888760225827,1,0.0,0
2.338392156760516,2.2723192712991933,0.05,0.22454980621156057,5.585111319614493,1,0,7,1,60,10,3.1201791446907468,3.0556565647038236,0,1.0,1
0.40487847029701723,0.007002010963634536,30.519186552716818,7.19981248938269,2.4454791746875264,0,0,1,0,0,2,284.94586600491,0.15517440783602954,1,0.0,0
2.292486559869759,3.8647277559275963,0.05,0.22863949916183074,12.376720964282955,1,0,15,1,18,10,11.586183790980751,3.2283094747552923,0,1.0,1
0.005920835188794643,0.04672817554038728,18.74569562213286,6.2068996725850845,3.7742396180401814,0,0,1,0,1,1,744.0886053387259,0.18916717049109624,0,0.0,0
0.03842266468524571,0.13328716928627354,32.58258782036308,6.86295038869987,0.7307784696467798,0,0,1,0,2,1,30.0,0.027454583745938038,1,0.0,0
0.07472131380203369,0.0020942930193328215,22.67412305088778,6.265716477590774,1.752388463558549,0,0,2,0,1,1,321.1711731610817,0.009672634958623354,1,0.0,0
0.010463279243754871,0.010741366646254384,34.988732866252285,7.349382783196413,1.1766504616373639,0,0,1,0,1,3,89.6307628150649,0.018649763700744372,1,0.0,0
0.15675322062737498,0.18493630763208305,29.53682940221941,6.679602587544179,1.7438340937541663,0,0,1,0,2,1,151.45729087305284,0.14901701776250015,1,0.0,0
0.07153089978292532,0.13316665359675528,21.267619434158366,11.876314105805582,0.31109833143627097,0,0,2,1,0,0,30.0,0.05957939652147605,1,0.0,0
0.16937554849714925,0.039593090958537906,33.25903727058411,13.795768427114176,1.6270414897868744,0,0,2,0,0,1,30.0,0.04248673677915624,1,0.0,0
2.061251785942476,2.496909033444471,85.0,0.05335804796203075,11.852487492108036,0,0,7,1,45,10,23.491763908827636,3.2354138535409573,0,1.0,1
1.3652759429493633,3.098915078177576,190.0,0.2252532305548601,10.438708894902891,1,1,15,1,32,14,14.303944526110124,3.744065404158987,1,1.0,1
0.11043941073045895,0.0590232633372896,28.910619080043116,8.799990179815477,2.410920993881771,0,0,1,0,1,2,69.03331076494086,0.06862992021417345,1,0.0,0
1.8153666131847026,4.5503801217322435,190.0,0.17709623669253785,6.9094253812494735,0,0,5,0,18,10,22.73960373281486,1.5,0,1.0,1
0.1915980160503279,0.057437916647709183,34.947966632216406,7.872095626168279,2.434207177861886,0,0,1,0,0,0,32.57980196964224,0.48993436780936117,1,0.0,0
0.03874285398948781,0.11527193573003816,16.124384004363286,8.341869961025255,1.5921010754563518,1,0,1,0,1,2,173.89614047275768,0.04775797743956425,1,0.0,0
0.02734352917360957,0.09350887274889712,30.635181277632498,8.924599235320953,2.888838819539992,0,0,1,0,3,0,200.84019155791177,0.29844210692157813,1,0.0,0
0.20398771315986225,0.02511545261874061,29.73024204158928,8.193838991037195,2.42345833183039,0,0,1,0,3,0,177.89832418547627,0.18887128391904964,1,0.0,0
0.06353897063022736,0.16058159992863957,28.02937821826364,6.023677711329082,1.9650393038466196,0,0,1,0,2,1,72.52267916688598,0.4536525880266365,0,0.0,0
3.130400495632969,2.1911884008930693,220.0,0.1483331644281096,11.762838587846549,1,0,15,0,18,10,21.466570413389828,4.863196603336605,1,0.0,1
0.08453753469250322,0.03046387061655211,30.3160554661509,6.68331749658403,2.5920318093946157,0,0,1,0,0,1,33.06876044057406,0.30706136663029726,1,0.0,0
0.008318615472436168,0.2790434308350602,24.876849697140564,9.474173118231189,1.8436548265008141,0,0,1,0,1,0,466.71720076081806,0.15032576957997315,1,0.0,0
0.05952850876361682,0.060410716040429045,26.745457862030644,11.348566828547714,3.0532871339523995,0,0,2,0,1,3,320.1835311025253,0.3456171114019802,1,0.0,0
0.05034375533610709,0.08610632386285244,28.99163231829558,9.933455295434685,3.8875513502558467,1,0,1,0,0,1,549.5113616788325,0.031670348833842225,1,0.0,0
0.10223967492663165,0.004243152350974524,20.043174435229044,6.283650607030507,2.2937866882747224,0,0,1,0,0,0,231.95290069432983,0.14059717689576248,1,0.0,0
0.09694026184883824,0.02135980536007834,31.03719648337424,8.703215437380022,1.8916651526307058,0,0,2,0,1,1,30.0,0.010926813443081738,0,0.0,0
0.019861261094894604,0.008442619995300979,21.885834214760713,5.522155487858846,3.3127240692726616,0,0,2,0,0,1,116.87013597112123,0.41595034129159747,1,0.0,0
0.29937424823552455,0.022717100715259838,20.046042273475962,8.279233638707929,2.081655224772774,0,0,1,0,0,4,31.46992121431526,0.12835476359694584,1,0.0,0
0.10548743187452018,0.027198009631093072,20.145630244525982,3.45912305876187,2.946937181955207,0,0,1,0,1,1,178.61416266060726,0.07558767560903115,1,0.0,0
0.330155216496845,0.005698536329060797,27.274687720711036,5.969575928003607,2.050426764139443,0,0,2,0,4,2,208.22719706267432,0.19630165686656872,1,0.0,0
3.255347920185456,6.969733779913198,190.0,0.023591396402107168,14.963998453793286,1,1,15,1,32,11,24.213924010298896,2.8907282659585625,0,1.0,1
0.10793839680916081,0.051310429770124816,22.671258872852516,12.060905502584813,1.8173002280781128,0,0,1,0,1,1,111.83449961798615,0.2255195304302276,1,0.0,0
0.1363959549471638,0.10631105259818316,34.2519041081795,10.576772074319265,3.569241181284709,0,0,1,0,3,1,52.991844681243144,0.10687506524647311,1,0.0,0
0.07755578319499412,0.021147421659700724,23.321913100942965,12.855108377361546,1.0189127367053188,0,0,1,0,1,2,222.80107149282267,0.1349461769606371,0,0.0,0
0.059658826279281735,0.006652193741050755,28.68912124577234,7.887237271675285,1.6215974940825522,0,0,2,0,0,2,82.26106299694645,0.14303982225223338,1,0.0,0
0.026153810946276983,0.10653042273329524,33.48498594476628,7.408689211274831,1.9286821094851807,0,0,2,0,1,2,724.4108667107702,0.03211722311209988,1,0.0,0
0.002194835197987818,0.0017785462317114365,42.517299813700724,10.03128621296539,1.1040300327632957,1,0,1,0,2,1,30.0,0.5879772237917864,1,0.0,0
0.06319640997619964,0.04008106690282461,25.434290987855096,9.602120248431866,1.4339902714799766,0,0,1,0,4,2,30.0,0.15248110054660563,1,0.0,0
0.073072162543173,0.21292982936898205,23.7728904886745,9.389716441196645,0.7734394200980346,0,0,1,0,0,3,97.93156620922386,0.14280445174395218,1,0.0,0
0.5675333623311375,0.09883601191814986,36.67162026781132,6.6259860375077855,2.985220172809101,0,0,1,0,5,1,30.0,0.5652923610535739,1,0.0,0
0.0010914479528674331,0.054628577402379294,20.841690534377406,10.109574887054798,1.073937835650987,0,0,1,0,1,0,33.00228730517262,0.004980481163112126,1,0.0,0
0.39725066652115654,0.21990249973289797,28.352527887537427,8.859046603074923,2.003063637440674,0,0,1,0,2,4,272.17712981142125,0.42129615407739945,1,0.0,0
0.049023264103054215,0.05999847739689946,34.18105955961866,10.57730857463947,2.05139196897484,0,0,1,0,0,2,47.68481230588589,0.12435831999785973,1,0.0,0
0.31859401030567497,0.07346184550042265,25.20506204646684,5.996155479053095,3.6536352160298584,0,0,1,0,1,2,68.5591078035398,0.40240964037735805,1,0.0,0
0.24878892027586996,0.059824311903562404,28.81761346814725,7.558020379471993,2.031769712697635,0,0,1,0,2,1,53.531107653352706,0.04813423065749339,1,0.0,0
0.0390631499571954,0.1265396817713897,27.734923973312775,9.830212103042959,1.8430551947228213,0,0,1,0,2,0,242.19419931661102,0.1284039010464979,1,0.0,0
0.011118655074373875,0.04605997486107254,25.71126309714558,7.262022394304635,3.3964657004557335,0,0,1,0,2,0,104.37363097747469,0.04765844158048535,1,0.0,0
0.2023745483217508,0.13235458984322776,32.206056449303546,9.68901800526294,3.0766646515022718,0,0,1,0,0,1,286.42037954065876,0.03214495659958964,1,0.0,0
0.11318395889152277,0.029622808787252576,24.613581657467655,7.521066009316018,2.3819216700030097,0,0,1,0,0,1,54.27941511277473,0.34406557333923404,1,0.0,0
0.001675093507708515,0.012591155780522148,20.455974981333288,7.732112755873082,1.3253794756433093,0,0,2,0,0,1,70.90447127980143,0.22923201619942024,1,0.0,0
0.03846020760802575,0.34112053834317785,20.299180253047666,5.773793838836813,1.289717962848922,0,0,1,0,0,2,60.02955345452205,0.49626221258536696,0,0.0,0
0.03978555523138368,0.07772468179007663,32.62632815831306,6.754810947187694,2.595831864510547,0,0,1,0,2,0,436.67886940780687,0.014750666260968668,1,0.0,0
0.1921139918770185,0.014539497864286818,37.200684927743346,8.099492346374449,4.111613218417973,0,0,1,0,1,0,177.56759080215932,0.26677230534001456,1,0.0,0
0.1496345443190908,0.09960358425422096,25.550573435331003,10.074547389632444,2.0667264562348397,0,0,2,0,0,3,130.0930942167544,0.30777531665333535,1,0.0,0
1.5153528980210929,1.396736211471655,190.0,0.14729089688182861,5.0,1,0,12,1,60,7,21.24335314738471,3.2683692869193743,0,1.0,1
0.16543399538460174,0.20059331766819835,17.2839459682794,11.062990798506824,1.408511742929083,0,0,1,0,1,1,462.7994966661012,0.06041835519879416,1,0.0,0
0.022487943934378505,0.1970531312429979,14.665788604388947,2.5632631395282957,1.3717015079822468,1,0,1,0,2,4,30.0,0.496208914803991,1,0.0,0
0.10609847528303336,0.011170759136426914,22.791211457510443,11.497916925335064,1.0609367500603009,0,0,1,0,3,0,132.38693525188333,0.09478397667162541,1,0.0,0
4.693792058065334,3.2483684784380245,0.0,0.2449951390189025,10.828258481718867,1,0,15,1,18,8,8.276052743852166,4.037835132812572,1,1.0,1
3.6461925341575334,4.030437326676039,0.05,0.1407271169708356,12.888492499295744,1,1,15,1,25,12,6.41409527900928,3.245251654835627,1,0.0,1
0.08201844531744941,0.2164756937488183,35.42858871072297,7.733043962152227,2.2848858997153174,0,0,1,0,2,1,30.0,0.5227519097610772,1,0.0,0
0.048410933852907644,0.05759543629518465,29.159432835052428,7.309151229513969,1.7150691813568222,0,0,2,0,0,0,272.6029907364158,0.14370159993402404,1,0.0,0
0.06823455550597553,0.004432416021572791,17.829533600699484,7.7045194315089365,2.55919643407834,0,0,1,0,0,3,386.57942339795454,0.35607564356316235,1,0.0,0
4.167356367287314,2.6617211027291643,0.05,0.13837158611748165,12.521302844232284,1,0,15,1,60,7,19.702069484595818,4.857581712837531,0,0.0,1
0.07102574221033063,0.023235658959243333,42.983246026892424,10.718415965173461,0.9087964215847752,0,0,2,0,2,2,323.700941866027,0.197763465450006,1,0.0,0
3.4603296595198207,4.959977760571494,0.05,0.0674191884539577,5.0,1,1,5,1,18,11,8.892451701102189,2.68788603817186,0,1.0,1
0.050945823922737915,0.02557966758440011,28.684185103979512,11.541328345962372,1.1159636257951195,0,0,1,0,4,2,72.53036371733059,0.13017940330000496,1,0.0,0
3.4830016779032054,2.464939225638281,85.0,0.21127108819400586,13.047322069563519,1,0,7,1,45,13,22.705411533173496,4.855202466421985,0,0.0,1
2.2000130890020166,3.8765036905689194,190.0,0.0630674416396435,13.368107276197483,1,1,15,1,60,8,17.005130134214937,3.8345369338941664,0,1.0,1
0.19494744814223172,0.010768559136895464,45.00371857640425,12.14006962553488,0.8842152886145151,0,0,1,0,2,1,76.82319360485131,0.07219693708935841,1,0.0,0
0.04607969089717766,0.0930359028179837,26.850350055303405,5.9897018655896845,4.311609375300634,0,0,1,0,1,0,413.5170196980979,0.010202359682730727,1,0.0,0
0.24618236766249757,0.07970693286829819,35.41397821826486,5.87817598585568,1.5887200756694617,0,0,1,0,2,1,348.04293049956084,0.007102464835777664,1,0.0,0
0.1095245583112674,0.034184696413812346,16.919849925439948,8.220971943333858,0.5525377429728404,0,0,1,0,1,0,364.8772141704021,0.012300133259547296,1,0.0,0
2.2571178650392323,1.8136504931024104,190.0,0.10639957356417015,15.075494943690508,0,1,15,1,32,9,8.126783875589638,1.5,0,1.0,1
0.017701519576166277,0.007636010883018201,20.011306184415634,12.342474834179225,3.2038747417935953,0,0,2,0,2,2,30.0,0.25672680307428203,1,0.0,0
0.10412545214329239,0.28938340080658576,32.530267486356664,9.368253963081944,1.8544323502571156,0,0,1,0,3,2,163.90527943026265,0.014829358615895218,1,0.0,0
0.10429997298436354,0.08357748273105717,13.310904244488,8.807708457746998,2.5316987339898605,0,0,1,0,0,0,91.90307750865017,0.700289541312611,1,0.0,0
0.11584912563887553,0.14522803344550675,30.632156284678636,8.79564418060649,3.298193911696611,0,0,1,0,1,1,539.1359069392443,0.1991094939368644,1,0.0,0
0.0622079854528595,0.07692960538305603,22.31053717232158,8.465263984981803,0.9448140553688273,0,0,2,0,3,0,49.842025514491446,0.030421968754984558,1,0.0,0
3.7238178533078985,3.263503946316606,220.0,0.23793324719113682,10.463917287261173,1,1,5,0,60,11,23.545211469110324,1.6238274798388024,0,0.0,1
2.8207773895759534,3.8983045646942003,190.0,0.05480772712742288,18.75337051764619,1,1,8,1,18,14,13.265417727801264,4.285088046508635,0,1.0,1
0.11715614300548488,0.00897831090247105,22.471099284438353,8.356587307430063,3.291747850732631,0,0,1,0,3,2,753.8947288244435,0.061379160250615405,1,0.0,0
0.038271144771604204,0.005008186957321683,23.760649053979602,8.678721477192479,3.5383949844382783,0,0,2,0,1,1,47.55182254819576,0.30811022925436854,1,0.0,0
0.007190868012457902,0.1556090931717836,22.847422661203325,6.4244090539636325,2.898346125075529,0,0,1,0,2,1,484.97769730831243,0.011955265578063418,1,0.0,0
0.2058208211815882,0.03196858278136628,31.035293212806067,7.290251201981633,1.6377583022426203,0,0,1,0,2,0,227.23999230146396,0.6664229410749593,1,0.0,0
0.31717190217069036,0.09689707063935762,19.371120640678562,9.165410588748365,1.0052827259640802,0,0,1,0,1,0,66.60815413075082,0.07713076262869745,1,0.0,0
0.21617878689253614,0.13902466446932604,27.0658856306525,8.968388302996411,3.1258321790117507,0,0,1,0,2,2,165.46657682324093,0.3336785237079316,1,0.0,0
0.06962086942774838,0.011741189570238958,27.878892915861936,9.842052022777697,1.1588786324396076,0,0,1,0,3,1,265.50570584946666,0.1581753059854057,1,0.0,0
0.02989296719381494,0.015876037694080376,5.639374788636474,13.181445223051355,1.5916633193543164,0,0,1,0,4,0,154.71355389336273,0.04996369717998167,1,0.0,0
0.38585421138072085,0.12588837511295878,17.726031346715228,8.139728791180298,0.7027884608337267,0,0,2,0,4,1,89.34987928344135,0.055866815376122106,1,0.0,0
0.0845527285386922,0.028303447427052437,17.569691209747276,8.037163877590014,1.7734088814727709,0,0,1,0,0,0,30.0,0.0503321487505512,1,0.0,0
0.254510737978769,0.16293580577409253,9.262450043012283,6.918752017454095,1.3006811267433283,0,0,1,0,3,1,30.0,0.18026447979617546,1,0.0,0
0.0355604198107481,0.01171780465051323,24.689841164952973,9.837125232674254,1.5422106471409807,0,0,1,0,4,1,150.62624751722765,0.05624335328556577,1,0.0,0
0.08381082737611552,0.05245911149094162,33.04982476388661,4.46014765211545,1.2704389218524088,0,0,1,0,3,0,33.29785358170645,0.1174850734100144,1,0.0,0
0.02836370823298098,0.07052257413954813,25.863287273730286,2.6324587055410458,1.3725225156188463,0,0,1,0,0,0,111.34455277630204,0.09299373051507258,1,0.0,0
3.322003296419882,4.108516229099208,85.0,0.22857628392142718,11.445347850927359,1,0,15,0,25,12,17.705665979475768,2.7644645323369765,0,1.0,1
0.2878943424185764,0.07251320476993685,25.20492692238448,10.821905381485124,2.9452600778941376,0,0,1,0,2,2,509.1985601563597,0.03870917560930197,1,0.0,0
3.2372133047222653,2.0047693610205437,85.0,0.19041965783420509,19.7347194707897,0,0,12,1,18,10,13.146351576183584,2.4264060547921975,0,1.0,1
0.019906595110779104,0.12166366181229021,26.12776722599279,7.181880618970919,1.603303820034793,0,0,2,0,1,0,73.81597163251337,5.225741508851634e-05,1,0.0,0
0.014117543746111759,0.13401754895831036,25.20440210250672,9.18888988870116,2.5995112411642496,0,0,1,0,2,0,117.63002704195573,0.11442693833371749,1,0.0,0
0.0741054698416046,0.017592277856334125,29.31251946068388,7.366047217991443,2.273088858529889,0,0,1,0,1,4,30.0,0.25064779008844446,1,0.0,0
2.6493501850008783,0.8,0.05,0.24580749819295283,15.871807219059516,1,0,8,1,25,14,13.710830021378008,1.5,0,0.0,1
0.10070435011750827,0.06333413336966646,22.445982615952005,5.610717493863172,1.9808469095986587,0,0,2,0,1,2,335.9118457205035,0.04673174909231277,1,0.0,0
0.003504602571851362,0.10652037842138659,26.163696502609554,8.554975266721625,1.2937766459319233,0,0,1,0,4,0,104.69027438116684,0.0018156885960964903,1,0.0,0
0.008630326133887352,0.06212738023592289,21.4743006436644,8.466671733404112,1.075444780530684,0,0,1,0,1,1,101.18622620252191,0.018828400392146602,1,0.0,0
0.2261512401489834,0.021666454108402625,26.711590330962203,8.073406848735845,1.5409767495056848,0,1,2,0,1,1,52.46704287302277,0.26155356512530836,1,0.0,0
0.07084979848748502,0.03290406708137623,29.136548387090244,9.435149824964315,2.7025030190633577,0,0,1,0,1,0,47.094851510178685,0.1104551528511159,1,0.0,0
0.008509772830444448,0.027160651599987592,20.80138583959335,8.311512312950496,2.0840217609330933,0,0,1,0,0,1,192.17839888283353,0.2376620371326907,1,0.0,0
0.05592775623525074,0.015742418688802575,29.150382698296024,11.324192749355179,1.5782881481564972,0,0,1,0,1,1,98.40626317050906,0.04083768371237433,1,0.0,0
0.20118844817821976,0.004300156294286495,25.75540949678957,9.118832370284101,3.012692204550936,0,0,1,0,3,0,415.8758089816715,0.1969843696830994,1,0.0,0
0.03632126191370854,0.05566822598271087,34.60000457443398,6.569235958591011,1.6669970280136903,0,0,1,0,2,2,213.32011278173465,0.8708026793687689,1,0.0,0
0.023672484662860236,0.04530655368608197,23.439534782885957,13.829228984002869,1.3855845197387877,0,0,1,0,3,0,30.0,0.3024874437114564,1,0.0,0
0.08460977037408846,0.02901029682562204,18.13083810666646,12.379382885456769,2.898296871206048,0,0,1,0,3,0,52.71177061614734,0.1753496061953791,1,0.0,0
3.1894588628374017,2.438418676352589,0.05,0.1830869016075007,11.740716256576038,1,1,15,1,32,14,23.937573374391032,3.6979580147565954,0,0.0,1
0.14328893103620077,0.027498086252406996,38.22101279191195,9.799209730225773,1.3651973165326137,0,0,2,0,0,1,350.059929973875,0.5247640851994385,1,0.0,0
1.78839544333295,4.493744551668659,220.0,0.20758893685696503,9.320642396023295,1,0,7,0,45,14,22.110963470197554,2.23192562837008,0,1.0,1
0.2109198767074209,0.020678691832986703,34.232076896383944,5.449788717971279,1.816997120376096,0,0,2,0,2,1,40.92737622858911,0.21930376486542907,1,0.0,0
0.027079957957761094,0.20036145027239488,31.95986955733858,11.60992545545153,2.4480982133510243,0,0,1,0,2,3,430.75991797305215,0.3360228953491532,1,0.0,0
0.02780429289024601,0.010943483996553297,26.864202893183997,6.3241330827418505,1.300417303502683,0,0,1,0,2,1,150.49560860538983,0.08125788308771645,1,0.0,0
0.01934539300021427,0.05278724372157797,24.565472680308744,7.683160299737366,2.290604697261792,0,0,2,0,1,0,82.41004461950915,0.19077233453551426,1,0.0,0
3.121198648673548,3.2005678649471783,190.0,0.06826409347359139,12.097175814193296,1,0,5,1,45,10,1.2749649101435425,2.5345688562105533,0,0.0,1
3.6471482323243634,2.4024107989807693,85.0,0.21873851042178652,12.906174399597523,1,0,12,0,60,7,18.786065777822643,3.5016758255771476,0,1.0,1
0.04005146163140447,0.0902092880949321,23.532823878535808,4.957886395325636,1.4839398234696526,0,0,1,0,2,0,30.0,0.051477244995202204,1,0.0,0
2.757844493417439,2.261972415620446,85.0,0.18099779129088356,14.326787826772332,0,1,5,0,25,6,9.014039332266904,3.0137857080291868,0,1.0,1
2.7135024048222283,4.087874300560337,85.0,0.22544695834916303,12.44185266605885,1,0,12,1,45,13,17.213797635086607,3.833825637939891,0,1.0,1
0.0190002065795625,0.031098147260275856,12.936278456052873,5.683153231587983,1.5412331703338071,0,0,1,0,0,1,144.67901613693266,0.03351552639395672,1,0.0,0
0.3600588783747315,0.053132230048074346,18.59739730794598,8.54005467960806,2.047888782675215,0,0,2,0,0,1,99.30016614340002,0.16531318721403643,1,0.0,0
0.3481031672790953,0.03907861452583499,20.594957254016403,4.4056662296730575,1.7031140173077008,0,0,1,0,0,0,208.1758332676743,0.19901019034803463,1,0.0,0
0.15204279347055022,0.0016904969644900448,22.11784731697214,5.784602546264896,1.666576291717587,0,0,2,0,1,0,160.31032683348744,0.2652002248973373,1,0.0,0
0.12922934828595145,0.10452187034689008,20.541353269836797,7.005556335559031,0.5241289028985883,0,0,1,0,2,1,30.0,0.2263925408244795,1,0.0,0
0.07691437376433764,0.08415151509996424,33.352236865934486,6.769401449730298,2.4280587476511655,0,0,1,0,0,1,239.90584606633578,0.012235279444051544,1,0.0,0
3.0514357096685134,2.4771763160100537,190.0,0.07810740686832676,12.774399784160225,1,1,8,1,25,8,23.55332990220009,3.609629044855943,1,0.0,1
0.009446194762554943,0.15034070033480146,18.70982933757627,7.486591647579523,3.6624125978222573,0,0,2,0,0,1,30.0,0.3733611495724748,1,0.0,0
0.061705204710996,0.04182703852446733,28.302240757089287,7.293759823547759,2.987237238419257,0,0,1,0,1,0,190.86698532987924,0.08736170155872554,1,0.0,0
1.64438655551805,2.2712524118141695,190.0,0.2351711951010074,11.95054718749844,1,1,7,1,60,8,11.58619585942723,2.6040117833657646,0,0.0,1
3.6137703660876195,0.8,190.0,0.12027925461519734,19.679082659830485,1,0,5,0,32,6,7.658725219539386,3.1499513538521455,0,0.0,1
0.2459435119315679,0.07183053439752028,19.22061447126673,4.0408488517762455,0.933346631081226,0,0,1,0,2,1,66.1759696845474,0.007408264614610131,1,0.0,0
2.252200195932562,4.7841138168073085,0.0,0.23638355280884193,11.887009689190315,1,0,15,1,32,13,5.589725655636507,3.651074847478416,0,1.0,1
0.03603915025767342,0.019925177764290116,29.41052736241299,11.671358346201519,2.2117924201857844,0,0,1,0,1,2,57.843172848299346,0.11008836145626398,1,0.0,0
0.2412808281161901,0.012559070426426464,32.892150264270576,8.115790638740648,2.4647952694439654,0,0,1,0,0,1,181.88567651013977,0.39585115933182907,1,0.0,0
0.09352210657147464,0.12037359221133018,24.020684706594423,8.831230250193444,2.115860758842,0,0,1,0,2,0,289.0449784750516,0.0588670613615159,1,0.0,0
1.4757813127552954,1.7984520882773718,85.0,0.2162354038941027,21.454693496411316,1,1,5,0,18,11,13.342489548683272,3.553566571924164,1,0.0,1
0.09209993112317358,0.09444092870356272,29.092324547546355,9.609934329997227,3.703270926017345,0,0,2,0,0,2,91.71993314312802,0.2411068525036408,1,0.0,0
0.051993897516784605,0.12582524870927878,28.04518179745128,7.976865553546929,1.9731001475106154,0,0,1,0,1,1,103.83693006269583,0.028174731991550864,1,0.0,0
0.06514514595072084,0.07239143506076148,21.541823277427298,10.144684597375104,1.2928889187067907,0,0,1,0,3,2,30.86565624442555,0.08776610788359822,1,0.0,0
0.3380706546464582,0.15355862047102872,23.737826340082606,9.459021125882607,2.943768784799322,0,0,1,0,3,1,124.59333737714806,0.055612048880306686,1,0.0,0
0.05423693987603548,0.09193712743155646,25.41351830077655,9.903764504118588,2.928767535075775,0,0,1,0,0,1,30.0,0.02459573161802875,1,0.0,0
0.010705323478787674,0.0021984651728244177,26.557547078297475,9.677663903083895,0.5319783512326486,0,0,1,0,1,2,124.50778784475058,0.13763150493756682,1,0.0,0
0.11329524776514363,0.036492651188606236,31.469506838645604,9.441737718750762,1.1685213270985093,0,0,1,0,3,2,419.52164607928233,0.08528551393263338,0,0.0,0
0.15811293349565683,0.07597047923370441,27.121882001923037,6.900514223778936,1.3567515687874327,0,1,1,0,0,0,109.22805912350137,0.10560898139139333,1,0.0,0
0.11896790117198643,0.0241802705194899,31.64673481515054,8.74300601963787,1.3996433057364266,0,0,1,0,1,0,170.91724855374665,0.26914646760702104,1,0.0,0
2.937131112854522,5.154428220566489,220.0,0.24513136734661853,10.97293107404904,1,0,5,0,45,6,19.807428236398923,3.132629181156619,0,1.0,1
0.044827506167496055,0.22013078586145401,16.204604839058604,9.659155694227694,0.14187498626640838,0,0,1,0,1,0,82.21701155781457,0.32844116610754326,1,0.0,0
0.020954639496952056,0.179194805940237,28.40488203927955,7.130828761717339,2.369394861019942,0,0,1,0,0,0,37.312349758307185,0.04239971172192426,1,0.0,0
0.0320206370142067,0.06352965284179034,16.597534265912696,8.637647315409298,2.057053836825364,0,0,1,0,1,1,243.9216323469954,0.06169390768832202,1,0.0,0
0.05363450910303994,0.04814511029737432,16.839211083076027,8.695652983704536,1.3083715745766873,0,0,1,0,1,3,30.0,0.324011357775494,1,0.0,0
2.2085361163963557,4.368705167339106,0.0,0.032240177649017016,13.943399120902207,1,0,8,1,18,7,6.27676105711601,3.548370498131868,0,1.0,1
0.009911953855409264,0.06367497012047578,33.511826187595624,9.067356899397705,1.956883454886248,0,0,1,0,0,2,30.0,0.3666688525979357,1,0.0,0
0.0044832873611379285,0.018203367692782215,29.74043049417649,11.450908262084589,2.2968271085458802,0,0,1,0,0,1,1069.5941082421934,0.3782324031268282,1,0.0,0
2.691369528196359,5.0260115423326415,85.0,0.20064466966455846,20.52147987145723,1,0,15,0,45,7,13.937176937460672,3.5630338425554497,0,0.0,1
2.076659380703659,1.6548225866982715,0.0,0.10170693180683921,17.325963428891953,1,0,12,1,60,10,12.135742991861793,4.217046613006979,0,1.0,1
0.18345272288521827,0.21369835560016995,29.135515129410628,7.0092133359245405,3.932963175468534,0,0,1,0,0,2,476.7673662608748,0.21864933220971727,1,0.0,0
0.09869782717208207,0.04456526584758499,22.81260303798281,9.508309101900556,3.7655611776272604,0,0,2,1,1,0,656.8219860737667,0.252062167472302,1,0.0,0
0.2731901651374838,0.013318832485172002,28.660472084016824,10.477052209294884,1.3675558079360213,0,0,1,0,1,0,329.85460752716745,0.056651554706289645,1,0.0,0
0.14705299296929872,0.3416555850356878,29.515643042463818,8.749557159354824,2.5551717689786617,0,0,1,0,1,1,30.0,0.04720648285363267,1,0.0,0
0.027677600918317603,0.141839999336271,31.722741568917083,9.420655636762966,1.4125487251442927,0,0,2,0,3,0,142.4605833227329,0.013656020348331722,1,0.0,0
3.987041937686963,2.3461342725621432,220.0,0.056299736014168794,18.767477479177337,1,0,6,1,18,12,12.637787995538151,3.058690831360348,0,0.0,1
0.1339375937355567,0.18858174445079,27.68986381459033,9.440785484018313,1.559208303988086,0,0,2,1,1,2,755.2644595994357,0.013003996332236773,1,0.0,0
0.1815976680348683,0.06285260308784474,22.75958534359571,9.320920443804155,0.7065494772701297,0,0,1,0,0,3,125.09296337195256,0.5864780439885301,1,0.0,0
0.0023420222003852536,0.11691225866791725,17.12906318139089,10.665682867832782,3.3658566253313404,0,0,1,0,0,2,136.41736467296144,0.03146579310410063,1,0.0,0
2.5689459580766023,2.9588104173464385,190.0,0.09084646987360731,12.617171946471249,0,0,12,1,45,9,17.52987798473016,3.4677074172827247,0,1.0,1
0.005553835882419834,0.0653466212633484,26.63920310027945,10.555105427350314,2.7972522985400334,0,0,1,0,0,2,202.24885639609568,0.015393171196022652,1,0.0,0
0.1770257431252216,0.07619204193542535,19.084938629021597,10.072034581628417,4.018096732835486,0,0,1,0,1,2,30.0,0.0290757982360937,1,0.0,0
0.3227986244029502,0.011671072154192736,42.41936913327508,9.93182083225762,1.6472992049963928,0,0,2,1,2,0,351.90366355768066,0.03187640537818869,1,0.0,0
0.05818127337536903,0.029079958576942646,34.55898254982352,11.52057330254629,1.6750214058313322,0,0,1,0,2,0,575.1885488289904,0.06669783171464991,1,0.0,0
3.5743319340838964,3.6217696786403573,0.05,0.022335306876015676,18.875303952324977,1,0,8,0,25,9,22.097011863080027,3.1446607415814887,0,1.0,1
0.02991556796045294,0.17730919705576187,28.95279100312614,6.689327664970295,1.7021258767138363,0,0,1,0,2,0,285.31261004436044,0.045490000416095494,1,0.0,0
0.2869051367188382,0.19224940692443893,28.29019387014453,11.442800696333045,2.9354943958784454,0,0,2,0,0,0,431.53720075992237,0.11660575931786044,1,0.0,0
2.3384935092091346,3.2329577885919347,190.0,0.24764067683655447,19.47596301805635,1,1,12,1,25,9,15.544959421011438,2.2288476591555604,0,0.0,1
1.6468268437742366,2.8262497773676216,190.0,0.1175910268278536,17.74823513706017,0,1,6,0,60,8,11.641024977110117,3.5871934188796555,0,1.0,1
0.1888642361347109,0.13580820836526072,41.882941281616176,7.542615622121618,1.4165064065302362,0,0,1,0,1,0,118.44885720038909,0.06554689418523896,1,0.0,0
0.039674289312878294,0.10033777119250042,29.036846680622137,7.5247218530028395,1.1055557998128196,1,0,1,0,0,0,30.0,0.15052074825999662,1,0.0,0
0.027579845144560498,0.010894162911585868,21.149300968281494,9.018957646172954,3.9118941644974443,0,0,1,0,1,0,30.0,0.08710071524328661,1,0.0,0
0.01297919352463129,0.01214667237815577,24.549868176341718,10.222195978013346,2.795267212482204,0,0,2,0,2,1,325.04914140593314,0.18994997749600095,1,0.0,0
0.028143885072964208,0.16864753025007534,36.03719127737389,9.811921104282748,3.1465790613153706,0,0,2,0,2,3,462.35279644918063,0.10507015010419825,1,0.0,0
0.13451028010674432,0.09460556951109483,22.19884637529947,10.875183636036025,1.7482209258573822,0,0,1,0,0,1,203.619023182693,0.4457054160034562,1,0.0,0
0.02537690342534563,0.1542709460243002,21.169911801297904,9.611974867380278,0.9742064150742589,0,0,1,0,1,0,160.8975282395845,0.07976660210048603,1,0.0,0
2.3345110727861926,2.2701707459244274,190.0,0.1847487178290161,15.962786330335447,0,0,8,1,45,14,18.355314001184976,1.9816294134430232,0,1.0,1
0.10707813001719663,0.04171483419834142,27.00977465597428,12.387168174755127,2.439510018819118,0,0,1,0,1,0,30.0,0.038498652187181286,1,0.0,0
0.02306738285509458,0.03802993243453919,32.915031076845565,10.664757422646886,2.0853045150474543,0,0,2,0,0,0,443.8867386080232,0.048345918409664373,1,0.0,0
0.3267262771154476,0.09361765231364272,27.62153650127646,7.505731952260128,0.7399921023477445,0,0,1,0,1,1,30.0,0.25114162495996734,1,0.0,0
0.05081529329079187,0.0025368867110252525,21.179138965883357,8.347628660096161,0.470592276768369,0,0,1,0,2,3,318.7757707345328,0.12893623156642062,1,0.0,0
2.972663680046936,1.647952877613358,85.0,0.021000036475078865,13.282607488321661,0,0,12,0,25,6,1.7148541473917316,3.6735397504774046,0,1.0,1
0.0811771216091197,0.08713027506155749,30.016369769313307,9.984577015156606,1.477869813774252,0,0,1,0,2,2,202.8193826632878,0.09996154241748559,1,0.0,0
0.08134976944906909,0.006526156261504148,19.984205524279595,7.202956740990693,3.2053695557844906,0,0,2,0,2,1,512.8399335002782,0.1064190209210892,1,0.0,0
0.026135839301823928,0.047958508607480306,31.566639744800273,8.983829968642997,0.6582777566436859,0,0,1,0,1,0,529.1402731720514,0.07213189544207563,1,0.0,0
0.09326083580301543,0.006245022824251468,38.1051060623133,9.922092205090607,2.787553406805048,0,0,2,0,3,2,94.95659993515629,0.331856057040253,1,0.0,0
0.17176901768837793,0.017620847194956532,18.540221115263034,7.38236741652641,1.5715715652444233,0,0,1,0,2,2,32.574701459875364,0.23176875724683266,1,0.0,0
0.034517511311614436,0.12139711059468787,34.76511325876277,8.504236842034945,2.375782133684774,0,0,1,0,2,1,211.70963731495442,0.3158308498769422,1,0.0,0
1.9344720197900815,4.007755300467011,0.0,0.05850937543137957,13.384160754759952,1,0,7,0,45,10,4.523754983690485,4.384661463180679,0,1.0,1
0.05626050990627475,0.01148913756955062,44.085015621165965,7.379293687880313,3.1074992401181563,0,0,1,0,0,2,30.0,0.008258781026085042,1,0.0,0
0.1472187128351214,0.15556495738772286,18.558746090023973,13.323280383577139,1.3290856223152288,0,0,1,0,4,3,30.0,0.13772718351652533,1,0.0,0
3.2840079845159824,5.10918127072465,85.0,0.1936507072929326,7.67919286526536,0,0,8,0,32,11,8.510490061173355,5.306820771218701,0,0.0,1
0.09540010573946818,0.01122664362953817,19.53849322579096,8.56603175386972,2.5924210073873066,0,0,2,0,1,1,403.176025246016,0.062311507791312754,1,0.0,0
0.13004705145293796,0.08522577618746262,22.9617665197348,10.550269209115163,0.9316718288794286,0,1,1,0,2,1,126.46092204762665,0.004709511944761456,1,0.0,0
1.4174480683463893,3.5176295924503322,220.0,0.015906365635324576,12.20486915138687,1,1,7,0,32,9,20.087040917239097,2.9385464251166655,0,1.0,1
0.7418633293016791,0.15081696191486874,24.0243158565374,7.349325263913842,1.9032505946696452,0,0,1,0,0,0,57.926665809270716,0.08542461376648068,1,0.0,0
0.05994577474603972,0.014794021720174931,21.832860116142122,7.883486740493227,1.1303889650968126,0,0,1,0,1,1,61.09495635043904,0.21331238822884493,1,0.0,0
0.28284368504823054,0.018975142330146945,25.01875449122259,6.651182863540004,1.4992455813092964,0,0,1,0,0,1,140.13027053753726,0.5466892869007076,1,0.0,0
1.6913071645518072,3.0521632635600815,220.0,0.04891848228262094,21.31897474905383,1,1,12,0,25,6,9.033450684087615,3.574018754043893,0,0.0,1
0.33100574464823596,0.044242188537712765,15.244285167325732,8.203141197871629,1.9785817050476633,0,0,1,0,2,0,406.3452066585381,0.0835373458160502,1,0.0,0
0.14151082369232368,0.008384073885640645,39.78130116603771,8.70826677604268,2.8253075172403137,0,0,2,0,1,0,30.0,0.4708765022847221,1,0.0,0
0.06347647232639825,0.050459236211980535,23.288327784896996,11.227091893279225,1.6193025743833764,0,0,1,0,1,1,179.88288708098435,0.6513598960255156,1,0.0,0
0.23999486184440907,0.0406071148237009,16.30247637088854,7.6745614416104715,3.565820594094113,0,0,1,0,3,1,37.15956090608629,0.05125128987876784,1,0.0,0
0.03682807059240472,0.011940583145144765,41.631811419925235,12.21760527116103,3.388088236640302,0,0,1,0,1,1,465.22171330301734,0.10532304806585147,1,0.0,0
0.0488481792952725,0.014461382074425995,23.681324837851236,10.331059583449486,1.0591464704178188,0,0,1,0,0,1,379.6549654950577,0.04676168459353782,1,0.0,0
0.018844317535326772,0.16720071518377322,27.91317874709615,11.417638271712939,0.15259993914442327,0,0,2,0,3,0,88.62691485004207,0.3353186597722597,1,0.0,0
0.0031171864730417365,0.05146527969913293,14.889683512250823,10.241635103726928,1.2131723692649627,0,0,1,0,3,0,92.58190474166827,0.3675751615863657,1,0.0,0
0.16548675211549344,0.04848166564794117,19.04991906234911,7.526837507290525,1.0011847318104743,0,0,1,0,1,1,749.0775543529975,0.06971946643184661,1,0.0,0
2.9919093956648206,2.7816205911225853,85.0,0.1837999638091285,10.123407610061278,1,1,5,0,45,14,14.123767366896374,4.889064042759916,0,1.0,1
0.00776423418127583,0.13115295119169387,32.77552364135493,4.7103312648355775,0.16351116142957345,0,0,1,0,3,1,478.71185664865834,0.011919396409097009,1,0.0,0
0.31708491290750895,0.12220436960113888,19.242226529069544,6.803866146229165,1.618066136868602,0,0,1,0,1,1,606.2559951830724,0.1291058793364954,1,0.0,0
2.493414917390421,2.510857910880227,190.0,0.2170799871670855,11.026656156239465,1,0,12,1,25,6,20.430605954008026,1.5640993151447622,0,1.0,1
0.2187839487789947,0.02128502699287174,27.714281111989106,11.432623605835719,3.2905109976279934,1,0,1,0,0,0,46.59364831964646,0.27656173052694205,1,0.0,0
2.890936087347105,4.801609977443658,220.0,0.09437421744252752,15.287613479048892,0,1,6,1,25,6,21.486481228226083,3.2667273288150835,0,1.0,1
3.8705178616626146,2.297805699044522,0.0,0.2060953009234775,14.561855698075854,1,1,8,1,18,8,7.175921908423642,3.7876427192003184,0,1.0,1
2.2890620630478034,3.17885929156102,0.05,0.01175029161988056,20.045645702371544,1,0,12,1,18,11,22.189214564017597,2.446522119601244,0,1.0,1
0.007180652233041681,0.11997440373968374,26.59916292761168,8.371379099761509,2.4915865075904735,0,0,1,0,0,2,680.1845018015928,0.8508215241684471,1,0.0,0
0.2390134650318255,0.2603966792685338,23.116537359298327,10.090042918538344,1.4839518438982215,0,0,1,0,3,0,104.49045394951962,0.06735106123485811,1,0.0,0
0.4186871596952058,0.09964477540899486,10.209460682336768,4.820724254875394,3.3573414957162835,0,0,2,0,4,1,48.958583122417124,0.21853819299639454,1,0.0,0
0.1475891260824941,0.003848243505499918,17.24050672432499,9.446393166450452,0.0890216214547419,0,0,1,1,2,3,264.56790617961565,0.06295438284590199,1,0.0,0
0.20470092306719587,0.1567936282795936,35.69409765655831,12.416263230603551,2.624920464102357,0,0,1,0,3,4,30.0,0.059490035451681106,1,0.0,0
4.937239692857667,4.561357853629939,220.0,0.17824630970235142,19.035262950339842,0,0,8,0,18,10,5.986305690008706,4.0011876937127555,1,1.0,1
0.1023837905223748,0.024586942627712455,28.94952178014696,10.325204628059486,2.7447382697153198,0,0,2,0,3,0,679.1232741149985,0.1351854589927783,1,0.0,0
0.042398858268560456,0.024581413805398373,26.215946449298574,7.2602578587508955,2.456641527307945,0,0,1,0,2,1,327.5195368530422,0.20491087609520006,1,0.0,0
0.00338969645504668,0.038010472844904206,19.375803240765425,9.089869470220272,2.3536795955057044,0,0,1,0,1,2,66.60282105865394,0.02773405375983086,0,0.0,0
0.038783773189173566,0.07842270387059368,12.822354739727754,7.9806440729849415,3.7428664700517604,0,0,1,1,1,1,551.5823894600659,0.6272483552337387,1,0.0,0
2.719825947782177,4.756752011900406,85.0,0.13218741507413193,10.485438125523153,0,1,6,1,45,8,4.8133835378741185,3.165991802005316,1,0.0,1
1.4862812668224634,2.638433701918256,0.05,0.10985573225192241,24.39162328428837,1,1,15,1,45,7,16.320405914508264,2.9499447876033438,0,1.0,1
0.06564834909828289,0.021780108389995063,30.669458309098477,8.857430248671905,2.7463165225591264,0,0,1,0,1,0,71.86556409561845,0.19125309161086632,1,0.0,0
0.019727670123365917,0.05396386940431916,31.971106317704482,7.892273141037739,2.6957197008450766,0,0,1,0,1,1,75.21555531447831,0.11408968129654118,1,0.0,0
0.1082397516726821,0.04397479823357744,19.238203527719243,9.1476785326549,2.8601203919849665,0,0,1,0,2,1,162.8555951475741,0.025409048115078887,1,0.0,0
0.10490471270634805,0.01020485146285204,21.695391282387696,5.053907941417537,0.08599417198651271,0,0,1,0,0,0,31.330089840989423,0.04815776453956984,1,0.0,0
0.047527106974920776,0.10012931548264586,20.334573206435838,10.003126450804341,3.6844463394108358,1,0,1,0,2,2,294.856224853939,0.04296875555429873,1,0.0,0
3.251218769684464,3.823881821532776,0.05,0.16368997041053734,8.986246543106317,0,1,7,0,25,13,16.10444782277357,3.3971543692498685,0,1.0,1
0.5765802529063366,0.057065555036836,21.793789769023313,8.551344630415224,2.0761924214487224,0,0,1,0,0,2,101.25689237880137,0.3271497694427651,1,0.0,0
0.06826625809434869,0.010882183397537895,22.228916037574912,8.435628098111435,1.7756845247773803,0,0,1,0,3,3,52.74582627196215,0.28814574778619795,1,0.0,0
0.09856354323370224,0.13577125080938154,27.588523606601736,4.046476950085547,2.5963335838654737,0,0,2,0,1,3,303.841096531332,0.5889488275843922,1,0.0,0
0.021815631467667504,0.048044847654672033,29.87900048558924,9.485046892412713,1.0635016866172387,0,0,1,0,1,1,285.25358659830994,0.529038744089529,1,0.0,0
0.15750744354431911,0.03069988124023968,16.511206971851117,8.371155600845622,2.474041956561658,0,0,1,1,3,4,30.0,0.1207556139897515,1,0.0,0
0.028589957322487498,0.05185266854950119,25.28145998584558,1.8842000950052231,1.7788717720858782,0,0,1,0,1,0,110.79590993847975,0.6463591066680948,1,0.0,0
0.004831099963891226,0.08416616080962953,29.7674812384458,6.620780965804301,3.5676503597875033,0,0,1,0,5,4,355.22693722089184,0.04040511261784039,1,0.0,0
0.11651892061659135,0.09042649554950279,20.397947028748362,8.901851413130492,2.222043548146072,0,0,2,0,1,1,35.032530636240985,0.30135000506498366,1,0.0,0
0.1542306695996482,0.037724703437827314,25.915831797607684,10.735264883207915,4.191770332050811,0,0,1,0,2,1,106.00262359678327,0.2250461032304073,1,0.0,0
0.12640213628246838,0.09269221075215418,35.89638753803881,8.93502699187757,1.7685477850123457,0,0,1,0,1,0,190.2347150037421,0.3719235795513859,1,0.0,0
0.028535428582507596,0.08491065636676609,22.63886401764869,7.607203002368969,4.073256706682891,0,0,1,0,4,1,39.25178009124999,0.4592615100313169,1,0.0,0
2.6331396603136654,2.845595216121622,220.0,0.18569147603133743,20.461159078406794,0,1,12,1,45,7,10.358842809481185,4.208458960946222,1,0.0,1
0.018518240445627433,0.1935436263257567,26.658488888340667,6.0147597101101695,1.9624611986277583,0,0,1,0,1,0,30.0,0.003415488192912968,1,0.0,0
0.010302549829212962,0.11828392575247404,20.807097872940673,8.517075230358337,1.470887332725494,0,0,1,0,2,0,460.23497348722947,0.27772906447845663,1,0.0,0
0.011802847373809258,0.014715755171559214,28.93093204804658,6.65556144573057,1.1502049969770554,0,0,1,0,2,1,346.8364620295409,0.5183861388543363,1,0.0,0
3.757625808995685,3.1984129967058017,85.0,0.19957348288651622,16.21058936119514,0,1,15,1,25,13,12.96658002116946,2.6644162230036557,0,1.0,1
0.0949468557578157,0.03257042275377458,32.83076336101995,12.466747198845148,1.3029685306351384,0,0,1,0,1,1,253.2590213707365,0.19881656286505603,1,0.0,0
0.11677085704237024,0.0831467414515973,21.83847412835695,10.509658298966475,1.168678590874384,0,0,1,0,2,0,148.2576310405115,0.019613376463730764,1,0.0,0
0.23972856705921522,0.08267384693920053,24.648425481953712,9.38456327666062,1.5138635331511676,0,0,1,0,0,0,230.12064713376066,0.187821197292647,1,0.0,0
0.07047802891636826,0.009007082733225745,16.43651886368442,10.5956981137795,1.281401597652468,0,0,1,0,1,1,392.96567485769344,0.5390957754560464,0,0.0,0
4.198976201278265,2.9206868551176615,85.0,0.013072437279845223,18.522408180612924,0,0,7,1,25,12,22.488627630781714,3.4877672705071747,0,0.0,1
1.1836580134816,2.3130220523753637,190.0,0.005156530350036936,15.438347708867472,1,0,12,1,60,7,15.401049864221443,2.3816826343037585,0,1.0,1
0.07675125798806504,0.01211226416716217,31.15734341617528,7.71739379211908,2.898123832581259,0,0,1,0,0,2,321.1477678082238,0.04545621444044902,1,0.0,0
0.027649545625937525,1.9272282623404034e-05,23.75244399378527,6.478006079847986,3.8128902199409254,0,0,2,0,2,1,199.326647557253,0.1198160512127376,1,0.0,0
0.1454745067469388,0.05070077857419412,31.058723774218087,5.0853140927008,2.460958641857302,1,0,1,0,0,2,158.66712249571805,0.008761521364487445,1,0.0,0
0.6336059722859647,0.010832331657988983,24.91204297230568,13.461301835024287,3.9172595345040717,0,0,1,0,1,0,54.928634176624115,0.3170940956166747,1,0.0,0
0.0607035631889602,0.19601954544430378,34.3763898457907,9.712849456782326,2.9580352686288296,0,0,1,0,4,4,165.61636564628446,0.42436886167031873,1,0.0,0
0.026097852963715387,0.07459559627205196,31.08809366621455,9.498829215878139,0.0,0,0,1,0,1,1,223.19822280174523,0.17835432011117977,1,0.0,0
0.19616391721391913,0.05157460227636302,33.38234439941123,8.25630877737793,3.210382609061763,0,0,1,0,1,0,754.6460584583749,0.21631402757562654,1,0.0,0
0.039760063476808626,0.04717764798696306,27.061600905015123,10.868598862313451,3.390725929141431,0,0,2,1,1,0,183.77812270523663,0.2205266638448063,1,0.0,0
0.06798129492098998,0.10944421702857378,34.88099726203599,12.275717975917278,1.4561984045386336,0,0,1,0,1,1,202.60265699501974,0.0029689411744156504,1,0.0,0
0.012200938044283306,0.0649311839887139,27.22922484863059,11.187093013244102,0.925537233643998,0,0,1,0,5,2,47.31156189667529,0.20299150408988426,1,0.0,0
0.2815133507696592,0.06465279222150659,15.323701943364615,7.972343539198734,3.8724486608087236,0,0,1,0,2,2,232.23905113338856,0.6231183650320226,1,0.0,0
0.00016254512332173777,0.006010337966931573,27.272468628110122,6.953170146769969,1.5496055591845503,0,0,2,0,1,2,113.87308271505555,0.14425068276567982,1,0.0,0
3.388851216280852,3.0006003542954214,0.0,0.245232255323021,15.173976919316074,1,0,6,0,60,7,24.500873656521712,2.2370333420490773,0,1.0,1
3.764830262097928,4.5136222558463714,0.05,0.020497508046519425,14.844278177061607,0,1,5,1,18,6,8.814799080986468,3.5648822496198216,0,0.0,1
0.03855793472809989,0.06881856821563802,27.81251299757983,8.248414744683341,2.6212560942035292,0,0,2,0,2,1,238.91036248736572,0.8193108214494216,1,0.0,0
0.019122127608558692,0.07612151063531158,35.83021397396467,10.220301591745093,3.172126309589382,0,0,1,0,2,0,30.0,0.2099475635722301,1,0.0,0
0.22311135100103774,0.07465859072879197,26.50574393965342,9.493475513551436,1.2140844371904915,0,0,1,0,2,0,30.0,0.34905133080715856,1,0.0,0
0.021037897932503886,0.01594025120393838,28.90349123455469,6.524283852735518,0.911372279326375,0,0,1,0,2,4,70.04852030522623,0.41859531221330504,1,0.0,0
0.057304776973024524,0.014384319889586676,31.371151538217408,10.411876120356622,2.033937885134963,0,0,1,0,1,2,159.83017775537283,0.0708537571068662,1,0.0,0
0.00982052275297047,0.048149807001875086,37.272050863380095,6.664768021787336,3.9786512875485034,0,0,1,0,4,1,127.66177580720856,0.052744656164935955,1,0.0,0
0.04643039419338939,0.05526814914427836,29.422926714620314,6.865809082719536,2.8460119384207663,1,0,2,0,2,2,30.0,0.5548467812675361,1,0.0,0
0.0052960135341103285,0.039916912814250215,32.531466240046896,8.833587329061986,2.6989037915017655,0,1,2,0,1,0,479.39559398681024,0.09429747521376253,1,0.0,0
0.06945078491079995,0.010331780675330202,15.77788295353544,9.465859890355173,1.0106217292602797,0,0,1,0,5,1,92.18795688249841,0.553149179561638,1,0.0,0
0.24081177814957763,0.15193922284155256,36.48982452468898,8.259456121348467,2.6563853008413227,0,0,1,0,0,2,97.25844491077983,0.039072590835517514,1,0.0,0
3.3932950873743852,3.355522636214726,220.0,0.006063602394534018,14.670222187267335,1,0,6,1,45,8,15.819522836547254,3.4240828931366143,0,1.0,1
2.8048729147629796,5.126469459985146,0.05,0.06567849980969082,12.215297270849877,1,0,12,1,18,8,1.9964250039898275,1.5,0,1.0,1
0.02182340460591268,0.11748071238474367,14.777482073701327,8.725273363651281,0.59278890049581,0,0,1,0,0,0,202.83107340234434,0.49992825315527745,1,0.0,0
0.13681756160058098,0.03049064548348575,24.40475208863916,10.432185710712641,2.0933651929315946,0,0,1,0,2,0,30.0,0.28894147704021844,0,0.0,0
0.20718617407562392,0.029667370880883146,19.133372910906413,10.202684244346274,4.03658235667208,0,0,1,0,0,1,580.3097069408033,0.3022437100138313,1,0.0,0
0.016099248874124988,0.08278792034682525,20.00980194033945,12.785422068928373,2.510439978000994,1,0,1,0,0,1,36.16031072067166,0.04128727576994078,1,0.0,0
0.17018182173080557,0.03043727238214247,13.062190289451094,8.838806149824139,2.9104921319436956,0,0,1,0,1,1,192.89323922261033,0.32693598550913894,1,0.0,0
0.0007782410680056362,0.21162956881929657,30.783902714920213,7.979138827009773,0.256216353254606,0,0,1,0,0,1,30.0,0.07738963540136987,1,0.0,0
2.9423546505636455,2.876422745699547,85.0,0.20993040628195242,9.959323664812459,1,0,6,0,25,9,16.08508744436234,4.42154954560914,0,1.0,1
1.999079270223414,2.526530960492688,0.05,0.06018026761013298,15.804035297637409,1,1,15,0,18,13,16.52891370581861,2.569096548145235,0,1.0,1
0.06165536338269024,0.02377508550928886,26.85743647762118,6.631988995874571,1.212338408189593,0,0,1,0,1,2,809.7756186744635,0.11168235924914016,1,0.0,0
0.18552115565468372,0.04494583380109604,30.37913911754592,7.699515434136229,0.0,0,0,1,0,2,1,324.716282011617,0.2987365600136599,1,0.0,0
0.0059904472149503105,0.024736873338652706,16.076521699408158,7.000666098108172,2.25512308812345,0,0,1,0,3,0,111.52303175556659,0.03706839338942868,1,0.0,0
0.0030346492693584465,0.023252052264418045,29.98913463185666,9.780112162065835,1.0512984653368331,0,0,1,0,0,1,30.0,0.21495836439471458,1,0.0,0
0.16605303398907775,0.021328791384239043,16.199604239856342,9.585970404782211,1.912376453745769,0,0,1,0,0,1,154.03980925216166,0.11543804513491292,1,0.0,0
0.01911826030955452,0.0018209131335547983,23.40974371202262,10.557698307219189,2.0839815774947548,0,0,1,0,1,2,499.9005773211215,0.016344600880753644,1,0.0,0
2.835038857987783,4.1589742647061705,190.0,0.1316200154261839,20.13171789330832,0,0,6,0,25,11,1.6113915653664037,3.08905445943477,0,1.0,1
0.08533145174619708,0.11704290428231649,28.674820194147625,5.823338746359073,1.535086924443977,0,0,1,0,2,2,96.43872294723042,0.42674616635357465,1,0.0,0
0.37097915876741067,0.059032229139951736,28.59596324897698,10.133207140715426,0.7223951759439404,0,0,1,0,1,0,336.4537074815145,0.17210905506524196,1,0.0,0
0.03983326823285324,0.05393887580281878,22.619855964962056,8.963339878037454,2.467331129645649,0,0,1,0,0,0,135.51703631590325,0.25016554761806914,1,0.0,0
0.013433297418891255,0.07039569850630917,21.883239807529833,8.582161728189508,2.26005451546078,0,0,2,0,0,2,422.75722395723164,0.12771939595325227,1,0.0,0
0.01978847418653357,0.008299776655780558,26.895490416622053,12.916092095087096,1.648392571718132,0,0,1,0,2,1,395.80639517535957,0.6158793331022209,1,0.0,0
0.0008408102321669353,0.11620358811652022,25.2065164412489,6.112576291511445,1.9621493091898832,0,0,1,0,1,1,175.11201348401877,0.13670454276591287,1,0.0,0
0.01599919554624286,0.16417840066401834,24.79732675338128,9.83666645921232,3.552480373785073,1,0,2,0,3,2,300.76210777512114,0.21388992684969377,1,0.0,0
0.15097978909525317,0.03530029461901401,24.271571707573816,9.610759312299537,1.6802597857324957,0,0,1,0,3,4,593.7047073855746,0.005603340807815281,1,0.0,0
0.030818897646594918,0.002803042694554724,20.43574447098817,9.420395362460082,1.1959870020457535,0,0,1,0,5,2,328.5336837772612,0.20091777936431598,1,0.0,0
0.09984529244114167,0.0016140070304480768,27.14334276474277,9.936663086388492,1.6926296803027685,0,0,1,0,1,0,30.0,0.015653123901591168,1,0.0,0
0.2879611796452456,0.014997492214049906,20.690752539483945,11.577694580938688,2.6365983775086668,0,0,2,0,2,3,31.579202913191754,0.9,1,0.0,0
0.06324904329567901,0.017332551086348975,28.86027523294742,9.668977577294923,2.0819054126040735,0,0,1,0,2,1,30.0,0.02840702586284126,1,0.0,0
1.014932041954402,4.054472200309728,220.0,0.09363305244443232,16.330243910290566,1,1,12,0,32,12,14.241574661701698,4.48444251269945,0,0.0,1
0.10428456013389908,0.0188234570471663,29.907624748148123,11.111553156575042,0.12114308625685055,0,0,1,0,3,3,30.0,0.34231395019106753,1,0.0,0
0.10942365365505131,0.04735882823845663,30.807418493523485,9.971361527519466,0.0,0,0,1,0,1,2,431.4758593191664,0.5124137370787617,1,0.0,0
0.2606852129592629,0.06488550590858645,20.37647697064014,10.434858838308116,0.0,0,0,1,0,2,1,443.5557336954514,0.02444271750584638,1,0.0,0
0.08574429721326725,0.018205819907682417,11.903226706032456,5.0324658199835035,3.0071144289816347,0,0,2,0,1,0,75.54678603774462,0.11964631860852154,1,0.0,0
0.014537573229074419,0.024627197325051642,28.18443492208717,8.912270759245208,0.501718190675347,0,0,1,0,2,1,66.01825457427529,0.5635108765862472,1,0.0,0
2.4084425958482405,4.669887446124835,220.0,0.09555108395969092,13.885101834157691,1,1,5,1,25,13,3.991926259110329,4.832126874627962,0,1.0,1
2.3973930284068845,1.6438978961086688,220.0,0.2434190640808223,15.388209716550133,1,1,12,1,18,8,8.959398138589757,5.88921207061389,0,1.0,1
0.043382780220969926,0.06345720201909756,25.06061617500183,6.766534658679374,2.684269955660775,0,0,1,0,1,0,220.51664825366822,0.15535335759130786,1,0.0,0
0.0678644480136404,0.06563203241894508,21.17621741594747,6.835859064534406,2.0843410321982114,0,0,1,0,4,0,241.9322824663177,0.2816074158677195,1,0.0,0
0.05631217079722309,0.04002192176200066,15.584968075565639,7.196095691953229,1.3838518711073722,0,0,1,0,0,1,223.8055694235173,0.1134045820047001,1,0.0,0
0.030925025196814185,0.008146560386637114,32.42437738456596,9.110345269161016,1.5747516542704934,0,0,1,0,1,2,30.0,0.3811926692582157,1,0.0,0
0.27715541755444495,0.06221847840619106,20.14890821067186,10.18216307721283,1.8837827367486129,0,0,1,0,0,1,84.56409189089621,0.13906936435833547,1,0.0,0
0.2476689588630648,0.07129554278682367,23.785924245446086,12.439313369902191,1.0899735534561341,0,0,1,0,3,1,74.86924354181063,0.04766849828014639,1,0.0,0
0.060313798390144925,0.05746547504037092,34.32390847017426,6.867953856107594,2.969767778003491,0,0,1,0,4,1,208.18580595680265,0.07372809798968535,0,0.0,0
0.15661503667516766,0.23072781025777325,22.954631798348984,11.241925520258587,3.161901129956506,0,0,2,0,1,1,479.22437524282356,0.05435097121124102,1,0.0,0
2.1763882317297716,5.716208963430074,85.0,0.2472849431940096,10.06457221416154,1,1,15,0,18,8,14.940159906194983,3.0506755097908855,1,1.0,1
0.2345806988599499,0.007760486862484154,39.818550814215165,9.633520762235316,1.7294632628387334,0,0,1,0,0,1,228.58121416129842,0.12282379076620789,1,0.0,0
0.08821233741464066,0.14995084430216715,46.786566554219654,9.157069507827897,4.193925151804445,0,0,1,0,0,1,660.4393228096728,0.30646880413197414,1,0.0,0
3.059517068475178,2.783509962341184,0.05,0.06643411819416079,14.850143163846925,1,0,7,1,25,8,8.674520972363148,2.2031734452045093,0,1.0,1
0.05019851452689984,0.2232088699920959,20.098283867359918,8.903570214741906,0.17912444818193074,0,0,1,0,3,3,30.0,0.06595177594018174,1,0.0,0
0.036953753946430835,0.0010323645031098253,17.00690563507773,11.679126665725155,1.351643629677499,0,0,1,0,1,1,106.26533698516765,0.45209504892475433,1,0.0,0
0.27389231114617474,0.03955237057475561,19.171269450697576,10.496609137156767,0.04584975967115912,0,0,1,0,5,1,30.0,0.022952268750843934,1,0.0,0
0.023929067772752825,0.2381832986007958,24.088074993965233,10.20187385555156,1.8789585079324616,0,0,1,0,1,1,155.735689028729,0.03344531101095281,1,0.0,0
0.10736565441948898,0.01026105433689444,30.510173500757404,10.393102722846947,1.746851499957055,0,0,1,0,1,2,30.0,0.005910549187981627,1,0.0,0
0.16021455656982392,0.006541056883927353,12.991959582424249,5.55044291752321,0.3489466049380845,0,0,1,0,4,3,65.2985638318086,0.06955796548120574,1,0.0,0
0.3607735054687322,0.2282011488309711,35.34578867462868,10.19270285241204,2.2456028170579154,0,0,1,0,2,0,90.1306645409372,0.3433085043619155,1,0.0,0
0.3762031783463747,0.0047035255319021994,24.278032631510094,7.787046062740912,2.0352253063478107,0,0,2,0,1,0,264.37114336360605,0.014663453397656331,1,0.0,0
0.03522656686621669,0.06757576775212444,16.064309509427716,7.701339954199576,0.534659616555033,0,0,1,0,5,1,58.355492346653456,0.2281818213307763,1,0.0,0
0.016845832677196474,0.04073821236903042,26.541546111988676,8.871755767244533,2.558124013083395,0,0,1,0,0,2,76.30802624404522,0.026119242765179213,1,0.0,0
0.22643800366036812,0.000980369396338119,27.97108383560084,7.3310015687561,3.6104847353232037,0,0,1,0,0,0,342.06627844357575,0.29129204208682014,1,0.0,0
2.250747360935377,4.368707381674296,0.0,0.04234990562439303,20.752417355677963,0,1,12,1,18,10,13.123843737406082,2.946885406328631,0,1.0,1
0.027415235175727522,0.10016542316686325,20.99141063714076,11.597835906836407,0.7706819791874959,0,0,1,0,1,1,87.15774097710874,0.03599834491975286,1,0.0,0
0.047741265850425374,0.05083918965010372,25.836242278292378,6.266160976175682,0.9488682642238322,0,0,2,0,4,2,51.3064238406378,0.0031619934863242544,1,0.0,0
2.1175984528168073,2.72179722755087,220.0,0.1278330674071982,11.80727757391734,1,1,7,1,32,6,1.292608833829477,5.4851843586841955,0,1.0,1
2.795731030640801,2.291603450420186,85.0,0.08053623906605975,9.080603530978413,1,0,7,1,32,6,16.553905860721688,2.149012517344387,0,1.0,1
3.257638377246942,2.5577040869250847,190.0,0.24423437218700472,13.063541991572725,0,1,6,0,25,7,13.842680981867792,4.969189596911827,0,1.0,1
0.0549482774818402,0.02122702604012837,25.719739547352304,8.522664756735468,0.9255016103411919,0,0,1,0,0,1,105.81304918928946,0.18006418508122307,1,0.0,0
4.398833435451452,3.064124167423516,190.0,0.24925948151116045,15.158652748980977,1,1,15,1,25,12,4.9244453150871035,2.3295806226555196,0,1.0,1
0.021404338391933637,0.12536881005754982,19.802714974473577,10.087870241821019,0.0,0,0,1,0,2,0,85.46613192468938,0.6029691023110227,1,0.0,0
0.10810343398656008,0.026273362293232422,29.18602466664663,10.22411518109309,1.638608359432085,0,0,1,0,2,1,33.75182270531869,0.5275634552920223,1,0.0,0
0.25113103718757257,0.1441320754441667,18.290994571121203,6.801165060567389,1.6764089287189683,1,0,1,0,2,1,63.77583866644323,0.07478986040755063,1,0.0,0
0.0035620213851626416,0.14466960554680677,34.06165908133233,6.490590278586408,1.4147931030963987,0,0,1,0,0,1,250.96573395375322,0.06145006568580583,1,0.0,0
0.190058004076477,0.034550039541196426,23.7353953725088,7.520111958052075,2.165099551493226,0,0,1,0,2,0,203.8325012519135,0.22855626313080807,1,0.0,0
0.8,0.8538210072524697,0.0,0.08814412423378007,19.959390503434,1,0,12,1,60,6,13.363057889006242,4.132283078660245,0,1.0,1
0.04929877491977151,0.01718816503370968,27.266097780377027,11.901943038833,2.2991956221800898,0,0,1,0,2,1,34.33002976333023,0.09034297066737576,1,0.0,0
0.016161266824777566,0.05757197821989665,21.610644081868546,10.869968895200632,1.142105242657026,0,0,1,0,1,3,30.0,0.17288141883425112,1,0.0,0
0.022462007083340164,0.07013834985285278,33.943380304067354,8.766332978725412,1.3067238760768431,0,0,1,1,2,0,77.11102076292774,0.2729547114480961,1,0.0,0
0.09126566977548933,0.027943861870259993,23.31072834005117,6.718607829475445,1.9553135985598105,0,0,2,0,2,0,119.59846829338262,0.22255982663477558,1,0.0,0
0.08840075114433078,0.45670226508060746,34.3216436883521,8.961067334422678,0.4911513163705039,0,0,1,0,0,1,735.7084841591685,0.018716800668746265,1,0.0,0
0.06692208950141176,0.024405168585212342,26.745537809934305,7.410854136352417,0.0,0,0,2,0,3,1,272.5100674203649,0.038812593637719904,1,0.0,0
0.02639839822726377,0.04766006019188978,17.901024810349455,3.662449065861159,2.918804646702357,0,0,1,0,3,2,826.6178524796106,0.2747799182449935,1,0.0,0
0.016810430076241386,0.04174658578827037,35.47416093033283,10.39137807499431,2.316435683426452,0,0,1,0,1,0,30.0,0.05925187583166419,1,0.0,0
0.009106764265661265,0.22098373985798514,35.6458203374779,8.22442827761544,0.0,0,0,1,0,2,2,30.0,0.039697428390505024,1,0.0,0
0.32074866087590076,0.0169804560804456,29.377735968748297,12.215700302581329,2.243221573252226,0,0,2,0,1,2,134.04941474796124,0.34378860207256556,1,0.0,0
2.0777850862976344,4.2244552493397265,85.0,0.17930442741548352,12.226130353162548,1,0,12,0,18,9,24.52492977311426,3.6268868402732095,0,1.0,1
0.11230352731940878,0.04809928407761437,28.76330172375595,6.182413867150791,1.8979617991815354,0,0,1,0,1,2,30.0,0.16296727448336074,1,0.0,0
0.09429834814200423,0.037422013548993466,32.93396779209952,11.011355051482202,0.735812404008295,0,0,1,0,4,1,30.0,0.0002906961829053118,1,0.0,0
0.020244360811314657,0.10540692537301122,33.1093951879613,6.966260949764177,1.5050881267001506,0,0,1,0,2,0,311.41661254727023,0.12852576265618762,1,0.0,0
0.21089944898387625,0.05001662645970789,28.495339732686446,7.28807403210498,2.6442561808107916,0,0,1,0,2,0,30.0,0.1534100856698266,1,0.0,0
0.011201877545162617,0.024921753033697477,35.86033645412144,10.865789877755851,2.748120032251875,0,0,1,0,1,2,166.4342130858038,0.172915960561016,1,0.0,0
0.20515310575332052,0.23317126675085756,26.86470441288765,7.6910754241517925,1.6512247389931307,0,0,1,0,1,0,73.14269750861067,0.17539189728349225,1,0.0,0
0.03489232833378705,0.01091138493085388,20.250995311489987,9.602796685556484,1.0665787332897332,0,0,2,0,1,3,109.73930559414389,0.13754785140118816,1,0.0,0
0.06744534835847865,0.01884693600542402,29.65711647648686,5.477812903094954,1.9839261138379254,0,0,1,0,2,1,48.50148682255478,0.09070831893600234,1,0.0,0
0.032545277847837346,0.07406542915486414,25.16238768268795,6.285077182744619,4.246188013558266,0,0,2,0,1,2,797.3878010620635,0.3251321603844805,0,0.0,0
0.24821404753504175,0.02560704103568007,18.687334285581297,8.026364313926283,2.468309175621212,0,0,1,0,1,1,30.0,0.4737831483426842,1,0.0,0
0.021445823875862156,0.20587951238029384,21.20891718539672,4.921909691507356,1.092503619264008,0,0,1,0,2,1,218.58789810887194,0.25598327941635424,1,0.0,0
0.04690413456173816,0.031195030772823755,9.647512764851157,7.312541612628516,2.1317252880651516,0,0,1,0,1,4,91.83543814653905,0.021232792797730986,1,0.0,0
3.8162402223803156,2.383148987085471,190.0,0.2069029596941327,13.375706124757977,1,1,6,1,25,10,6.808067718166725,2.77031027228891,0,1.0,1
0.18666925892776207,0.15788173298361627,23.121176986615616,8.513849442087428,1.2278353131353483,0,0,1,0,0,1,442.3837608772982,0.40881851914782574,1,0.0,0
0.03773582233514992,0.030531196486209593,33.173418785972096,9.030514047160805,1.9090791968762044,0,0,1,0,4,0,406.467854910234,0.5380088395338766,1,0.0,0
2.807983664244672,4.264634797802586,0.05,0.014030087510745193,10.493985830920876,1,1,15,1,45,14,12.729004735777366,3.7925420979139126,0,1.0,1
0.2030295603583578,0.3000252002742735,28.392277444994775,7.455931420316487,0.4944286589803164,0,0,2,0,0,1,81.53166027791951,0.08905590004253593,1,0.0,0
4.667564528157915,2.51656608160886,85.0,0.08284372134935614,11.271201415316181,1,0,7,1,18,9,13.844647461989274,4.868363977085574,0,1.0,1
1.3973694454877414,2.6231700585029545,85.0,0.057513932720444444,15.361148108661693,0,1,8,1,60,12,9.071429878414737,3.621745794799231,0,0.0,1
0.041106532863326495,0.19125872020863285,21.260921762467596,6.845046497476341,3.227987809585601,0,0,1,0,0,1,74.3392339244369,0.08527606881053924,1,0.0,0
0.264978892864448,0.026082479876589067,26.72182307711946,4.212066336756012,1.773355376433691,0,1,2,0,1,2,192.8856063667433,0.04988833281605916,1,0.0,0
0.3321904712206522,0.12984133721468682,23.1713328171732,7.47240049458393,3.1042630672606677,0,0,1,1,2,0,222.47826688787043,0.3061027501270154,1,0.0,0
0.17991436779101516,1.92826985144507e-05,42.258264576839366,10.085810743674404,2.2523299733716757,0,0,2,0,0,1,389.0658250850146,0.11584629885053566,1,0.0,0
0.12032039033794617,0.2120619585604644,22.573005470785297,6.22661376215837,1.3311035082707852,0,0,1,0,1,0,50.593326776827475,0.22087656664396182,1,0.0,0
0.0009109942237698827,0.021211240392276235,19.750586849066945,6.808073934741497,2.278745754130064,0,0,1,0,1,0,259.7093454099565,0.16472198110342762,1,0.0,0
0.01525562670845492,0.18223829442382733,25.70412401095645,10.08479007883147,2.8149874547962646,0,0,1,0,1,1,30.0,0.021563489448496304,1,0.0,0
0.08130033371946367,0.19426871017054675,41.50030959789618,9.199299514294948,1.8734739504713505,0,0,1,0,2,0,645.7378751417388,0.019222828923216306,1,0.0,0
0.06490490724352738,0.1692636781244108,26.45353945086367,6.2171684155455615,1.6636796281704789,0,0,1,0,2,2,30.0,0.2775691652520462,1,0.0,0
0.2429201480371813,0.07148498591554615,30.24733505144485,7.072575072268796,1.5217673921415715,0,0,1,1,0,1,74.13210475501707,0.15151458748671706,1,0.0,0
0.22484927486540252,0.10213915468413806,36.98740010857645,8.648813343852295,2.6365420380756674,0,0,1,0,1,3,266.40985626404864,0.41912966597777807,1,0.0,0
0.07940260601995723,0.0788477958623884,22.06486360645691,6.1839963869555366,0.8600687280641044,0,0,1,0,2,3,191.3856006907503,0.10046446237080012,1,0.0,0
0.050935269140872805,0.005086999292422441,24.100924057966516,8.704764396695305,1.3691449612875806,0,0,1,0,2,2,143.28173954579572,0.15695807636181525,1,0.0,0
4.220636764604085,3.344400393065287,190.0,0.1790448321398439,14.53556414480423,1,0,8,1,32,9,21.742449264130123,3.5194535982239383,0,1.0,1
0.01554491256059428,0.043067384524375266,25.174132337748354,9.893861269925516,1.123247768528768,0,0,1,0,2,0,61.109887969056054,0.06288001337249967,1,0.0,0
0.030140080593098938,0.057845997600629064,36.51367075632017,7.354827903746946,0.2585083433859041,0,0,2,0,2,2,165.29700211576397,0.005373102375475787,0,0.0,0
0.33124125813651684,0.06183813057544403,28.513385654362565,10.539857210855509,0.6519657484549706,0,0,1,0,2,3,174.19487851199383,0.1172420538921628,1,0.0,0
1.2539046052535383,1.4801860884438467,85.0,0.021694954434565428,6.875962185334191,0,1,7,1,25,11,14.988139882299901,3.874592168487012,0,0.0,1
0.1734604559068459,0.004278172601167282,30.745789796275698,7.372893637502598,3.9688588512048764,0,0,1,0,4,0,32.31863811315141,0.17669032082117375,1,0.0,0
0.06713005672832893,0.054473305038635636,26.131533579155587,12.279627807787687,0.8125938451463182,0,0,2,0,2,2,52.57769479569699,0.6930577104539802,1,0.0,0
0.01573894131027728,0.08912551523133334,33.74520006606251,7.863638564946634,0.9793749594961794,0,0,1,0,0,2,267.92145806452544,0.34747566309413513,1,0.0,0
0.031593895653404966,0.03314473995133055,22.05306167698098,9.371892647798674,1.9664145952328105,0,0,2,0,2,1,30.0,0.11056099889584498,1,0.0,0
0.2897638259750318,0.16990284709051562,18.187550767496734,6.3067499117053645,2.0579746966156636,0,0,1,0,3,1,40.347627505595625,0.11486299809695125,1,0.0,0
0.05540869013424448,0.006085335489608089,16.915901370231374,2.787449173317685,2.402164556572795,0,0,2,0,3,1,387.75132679531134,0.21567669751993016,1,0.0,0
0.09748323560540287,0.03026788170895165,5.044053781375641,12.05528963763886,2.029183758055413,0,0,1,0,1,0,310.2746980094139,0.05877948412794144,1,0.0,0
0.2522810881518585,0.006187504503597049,30.22647028687071,7.917672459147317,0.9942870195774789,0,0,2,0,1,3,82.16245876402145,0.08503919898692756,1,0.0,0
0.12458695339462339,0.2631708716856642,25.34267501900867,9.784090183787121,4.519707645645374,0,0,1,0,2,1,34.04702566621214,0.07775879613729442,1,0.0,0
0.11484898045977188,0.1314841828348789,25.639435643722503,10.503740827082176,1.468124207097731,0,0,1,0,4,1,123.30000341520983,0.3552214814572817,1,0.0,0
2.876585083823692,4.213564397289818,0.0,0.04947966160541173,16.1553643736795,1,1,12,1,18,14,11.360939143197754,1.7551990610393589,0,1.0,1
0.005758199083350261,0.016650897028943075,23.258305733471772,9.05504936895259,3.2572349606742774,0,0,1,0,0,0,30.0,0.08339205177126785,1,0.0,0
0.09336580451607064,0.02245287263841195,22.61210962279613,8.79326517529235,1.7570857689127224,0,0,1,0,2,2,178.28496360486662,0.25332588746752904,1,0.0,0
2.091839315595607,4.604616044325426,0.0,0.11370043689632958,15.106406079460372,1,1,12,0,32,9,19.118750887765493,3.266827620981121,0,0.0,1
0.19216466763232157,0.007476502735535804,34.32749851839665,8.980975298935522,2.213090574868971,0,0,1,0,3,1,398.8265687682241,0.12260449831062555,1,0.0,0
0.21850450339171748,0.05296493276679274,31.248366399424295,4.84897578203058,0.9404814153058234,0,0,2,0,3,1,117.78500414492888,0.03647787826989455,0,0.0,0
0.022823365536027,0.007661487410107347,24.782883257797895,6.166354460931867,1.9276709986976932,0,0,2,0,3,2,30.0,0.007018092406208361,1,0.0,0
0.11698274430648452,0.015034135166976936,29.0322884709008,9.865305014585177,0.4060874733159927,0,0,1,0,2,4,131.8433486769937,0.11399133354021203,1,0.0,0
0.378843464274001,0.0634579299835038,22.486056278731567,8.46810054604646,1.8371659604488952,0,0,1,0,4,0,46.23492161694542,0.014463701396578136,1,0.0,0
0.19032601332382418,0.008216681767296391,32.72652525025783,11.312464718525106,2.9751071432888088,0,0,1,0,2,2,30.0,0.12694100761450475,1,0.0,0
0.055841532039929795,0.019063402642062924,29.832778741183375,6.443864375071779,1.389541734272224,0,0,1,0,3,0,545.5843108145893,0.05658876165378891,1,0.0,0
0.10848727822477167,0.004091687272467639,24.068729949918783,3.87228100878625,1.4671484591398154,1,0,2,0,1,2,279.15559602697857,0.22961585070871646,1,0.0,0
0.24886986137342346,0.015020640008919665,23.316074406217478,7.378885309811263,2.0599428893971683,0,0,1,0,0,1,76.2823068660718,0.23853928103035554,1,0.0,0
0.10979333851374436,0.08012110430853424,42.11172396435542,5.457134038171385,2.100322955756146,0,0,1,0,2,1,102.33457004320115,0.029125609822348183,1,0.0,0
0.12337583957695736,0.09580495090061103,29.65764536509673,10.702439161455418,1.8845426828108105,0,0,1,0,1,1,997.4077307116165,0.011249304006217953,1,0.0,0
0.010166287500472592,0.036191884980886255,23.205203478378266,6.179326287799697,3.1066253091372844,0,0,1,0,2,0,572.2847502352239,0.29477217883706575,1,0.0,0
1.5326885281548743,4.242127108494191,220.0,0.22414541868216434,9.391082213532481,1,1,5,1,45,6,2.2711802112357447,2.7066829002643233,0,0.0,1
1.5086315783013944,4.3678985276030176,220.0,0.17991169418176198,16.32442904489901,1,0,15,1,18,13,7.553501049425104,2.505306113309154,0,1.0,1
0.14709539274139194,0.029860625957168787,22.792438795204493,8.12461213715647,2.7240942025060932,0,0,1,0,5,1,482.2723524853558,0.08068985739206497,1,0.0,0
0.20979732289187117,0.08426000220873224,29.170120287564238,6.544706325690389,1.505472915547721,0,0,1,0,5,1,84.62426909210687,0.007392382944490881,0,0.0,0
2.7590626212456195,2.8366454179415546,0.0,0.17580818060231096,11.736835880503461,1,0,7,0,60,9,7.941150435374135,3.3239204312773145,0,1.0,1
0.05282481115821674,0.01627720820106774,23.191535554187254,8.601827391070945,1.4055863014220273,0,0,2,0,2,2,69.33599219879639,0.33339431537263725,1,0.0,0
0.01952613285079458,0.13984462473167344,29.393142535782466,9.05640919204196,2.4574007427917444,0,0,1,0,4,1,374.9899063376908,0.019059554407192883,1,0.0,0
3.6881744879724923,4.30295250817804,220.0,0.015156017369703095,18.718916194458167,0,1,15,1,45,6,2.911987892077855,3.6445566913253216,0,0.0,1
0.08316782014231873,0.21727706916357087,25.94921011074037,9.55414239735623,1.1298235298746002,0,0,1,0,0,0,71.95751942119915,0.5759509721243776,1,0.0,0
0.025008499372327738,0.025689828882961514,23.578649035332205,6.462315061250696,1.9239510923029575,0,0,1,0,2,4,110.4578929145305,0.05541721245045116,1,0.0,0
2.870510313321018,4.811174469749053,0.0,0.08872009217912888,17.200973049639884,1,1,15,1,25,13,15.856260267954259,4.223656135028421,0,0.0,1
1.143581388026307,1.2473907350132514,220.0,0.20349590104148782,18.516780170291373,1,0,15,1,25,12,3.704183936870024,5.774661413518446,0,1.0,1
0.10316157582127986,0.2514192609863518,22.871157130357716,9.913041546841255,1.6987353154257636,0,0,1,0,1,1,91.46542097292314,0.24487068025828249,1,0.0,0
3.5807576711853613,1.460919294351258,220.0,0.05467816032685591,15.133788963988595,1,0,7,1,60,10,1.6774449776295688,4.45556760578624,1,1.0,1
1.847335269864455,3.986763928863611,0.05,0.23162712283494433,16.33901213948529,1,0,12,1,45,10,10.933846103370815,2.2207458382028378,0,1.0,1
2.472807889791557,4.089011172110563,220.0,0.08278698290347158,18.76815241206419,1,0,7,0,32,8,20.41355256974976,1.9068994312178216,0,1.0,1
0.07559849317216707,0.048964406233358515,37.66664281459266,7.190870116808539,0.5766632051186134,0,0,2,0,1,1,96.42817091882048,0.0650910046829588,1,0.0,0
1.6124667031449973,3.409267671752372,85.0,0.19535502578671166,11.446540091445506,1,0,6,1,60,11,1.119905498496708,3.9812287037510337,0,0.0,1
3.1414143134641117,5.204313783636217,0.0,0.23475212911687196,14.422693776234553,1,0,15,0,18,9,20.378288633057174,4.779069299772578,0,0.0,1
0.014637992657296253,0.11246344517790931,25.327995367862993,8.577831656034661,2.0336499585355314,0,0,2,0,1,1,83.85591711521646,0.1691317132195471,1,0.0,0
0.018447468260767035,0.14846827832250292,18.813621619810746,5.287082197919172,3.5857745680463387,0,0,2,0,0,0,309.56245941187007,0.7728835433816607,1,0.0,0
0.35706607686957126,0.02114572423480836,30.773953094779017,7.350413545569365,1.331245881478485,0,0,1,0,2,1,82.64811707908571,0.18117609457037018,1,0.0,0
0.007443221217986106,0.041719439507793096,39.87729315118249,8.807298258593239,1.8527301724870546,0,0,1,0,2,2,57.00107556993956,0.20080430390690715,1,0.0,0
0.14734534293403798,0.08720193155215825,19.072443236849455,10.052174745725129,0.0,0,0,1,0,2,2,30.0,0.018053374345836325,1,0.0,0
3.2079947967743014,4.929855193605528,190.0,0.0688052067049918,11.533515706245137,0,1,7,1,45,14,18.24201044615794,3.756485687343801,1,1.0,1
2.183968660817913,3.3445171885695792,190.0,0.2438068832174919,15.511886799964573,1,1,12,1,60,11,4.238026232335246,2.461829518892685,0,1.0,1
0.19445803149296775,0.03279682301694006,23.339742075974524,6.792867430594788,1.8125185125087178,0,0,1,0,1,0,84.0746638522112,0.0022922033808679496,1,0.0,0
2.5776189203521183,1.7380241228541915,0.05,0.23131521419324322,17.60947663717434,1,1,7,0,18,10,10.795213307455548,4.372636308929735,1,0.0,1
0.00826603888309528,0.14732965556024383,31.94751347894656,6.796816334996795,0.5688132341531129,0,0,1,0,2,1,184.2531037217007,0.021147458257026266,1,0.0,0
0.08618227162828966,0.03507979118668395,22.40810927545002,4.715830148830149,2.0854386852199096,0,0,1,0,3,0,409.7678343836133,0.02201167783052611,1,0.0,0
0.2215448978131049,0.0006512997670012449,34.89370456903,10.016131412347937,0.0,0,0,1,0,3,0,247.88751855589172,0.025155873030353982,1,0.0,0
0.038923605563113015,0.21025577806833418,15.991930298787402,6.708105992822443,4.005768294509637,0,0,2,0,1,0,43.53398996869086,0.9,1,0.0,0
0.364542730406213,0.02603989806571783,36.02112233649878,7.964321134863377,3.400646686857405,0,0,1,0,1,2,30.0,0.4659648115737989,1,0.0,0
0.19485694932794145,0.1480929830726133,23.833430798509394,10.918738356669525,2.4924834847446222,0,0,1,0,1,1,43.293995731462566,0.8179684394046336,1,0.0,0
0.06081891636109675,0.010351487455348831,29.99661986222711,8.79398456857711,2.1391684617326208,0,0,1,0,1,1,58.20203378442584,0.09650242811153793,1,0.0,0
0.061896595769075954,0.023356754009791467,31.272329648127844,9.000860566002089,2.705894196104553,0,0,1,0,2,1,144.93005785616296,0.2895990608226271,0,0.0,0
3.0153019433770307,3.6400420492551873,220.0,0.2348112253644304,14.535847077248157,1,1,12,0,45,13,10.28710093692266,4.252349411519951,0,1.0,1
0.1706436442259218,0.03395086695718337,37.052615649025824,6.724397239324692,2.1130207102988283,0,0,1,0,2,2,123.22198084486836,0.12038626689255666,1,0.0,0
0.13053036901225878,0.009046317167617253,32.1231773510618,5.656661903881935,1.7766656305658977,0,0,2,0,1,3,144.89959310385026,0.4235537171565235,1,0.0,0
0.09814798076738959,0.06923446527717875,25.1269728923446,11.343006570466187,1.102410995243138,1,0,1,0,0,0,256.1415733384591,0.27888339535132695,1,0.0,0
0.1745565187091975,0.018461179511018867,25.466052937822923,8.792470558044721,1.5275878558916578,0,0,1,0,1,0,82.51151596875893,0.1380446894515213,1,0.0,0
2.3276018414832134,2.2550316367209975,190.0,0.18218863467848462,12.825350190795412,1,1,6,1,18,11,24.344536322881172,2.9848175601302964,0,0.0,1
0.07137424784021096,0.0018261721142350039,18.505321400083822,7.632304953294856,0.8598028022438817,0,0,1,0,0,2,42.261083617796444,0.05355137937125851,1,0.0,0
3.1576307944851734,3.3127019260675654,0.05,0.048827533183511546,21.982119095890848,1,1,6,1,18,11,12.893940195553693,5.095908055637594,0,1.0,1
0.0734977743427735,0.11034194274750071,35.46931321430334,8.559124573744203,1.1326854912456685,1,1,1,0,3,0,249.92228251617706,0.004093395370542589,1,0.0,0
2.7663235225887925,4.115650672341781,85.0,0.1972852149556686,16.69461145125169,0,0,8,0,18,10,3.0259290672945873,3.0214863554882796,1,1.0,1
4.090238294426364,2.726639988235235,190.0,0.15331804531650672,11.967061076482478,1,1,6,1,18,12,22.371244916783947,3.787239401396473,0,0.0,1
0.25000300869043046,0.22342316844449883,40.7485812758423,9.893263002435495,2.0346614320571854,0,0,1,0,1,2,30.57322023177513,0.04728300269539587,1,0.0,0
0.10009120092419682,0.16695469724340326,13.220394030347745,6.949034702631173,1.8944070407113218,0,0,1,0,1,1,232.37479563539253,0.3993579453861238,1,0.0,0
0.06724267313305916,0.04898442697043514,28.640842815395583,10.63728443918017,2.6232554234584726,0,0,1,0,4,2,135.89647444131813,0.15119289859248108,1,0.0,0
2.7509431272992684,3.727593990214424,0.0,0.17396039186965928,12.683386507101176,0,0,5,1,25,10,22.122464617628122,2.5646393029346948,1,0.0,1
0.13005309137654844,0.02838238582383488,33.78367352602286,11.051543641516645,2.91382665614555,0,1,1,0,1,0,30.0,0.17552817665155612,1,0.0,0
0.10507308655639182,0.025136322874649217,18.152061910694545,10.315064601585394,1.8114081488936833,0,0,1,0,3,0,448.759190304438,0.0800090069055479,1,0.0,0
4.9677760280427865,4.016668102111342,190.0,0.22799609431224324,10.570602958621059,1,0,12,1,32,6,15.727028182141854,3.6356852399982964,0,0.0,1
0.012196738246009566,0.02690795869701339,36.37983006470135,5.572993793391188,1.874765285284696,1,0,2,0,0,1,38.18460080264021,0.331532895193102,1,0.0,0
0.11521186998881613,0.046471685201131124,26.909987580611165,11.872013899540889,2.5746929937075995,0,0,1,0,1,0,30.0,0.579354653285732,1,0.0,0
0.07113163226911563,0.028098243343486654,23.649549675817045,7.848973174010127,1.3335200730365189,1,0,1,0,1,3,30.0,0.010342479239924167,1,0.0,0
1.715335832252171,3.6539708534021678,220.0,0.07824095009601881,14.302071697347833,1,0,15,1,32,14,21.893128653345514,6.282439683779836,0,1.0,1
0.03402002385774622,0.03609550344398462,14.729848289637024,12.335696003213332,0.2237010384342213,1,0,1,0,2,0,30.0,0.31415608200826994,1,0.0,0
0.09967738400083132,0.06776356761110353,15.843609499841913,7.811308190132583,1.9742662051607525,0,0,1,0,0,0,128.27881095619117,0.03883111283058254,1,0.0,0
0.1459602600053024,0.2336138038728514,43.522202536339975,6.439809847021021,1.172268610303417,0,0,1,0,4,2,30.0,0.2617305150580493,1,0.0,0
0.10901146079850722,0.06860259908751558,21.460715599866038,7.475013218238196,0.5514690579662997,0,0,1,0,4,0,246.51529290241967,0.21301564822839314,1,0.0,0
0.007364387229835957,0.15822300217786758,17.617273821143865,7.890037400303339,0.7022859753849615,0,0,1,0,2,3,92.95355174439531,0.15459532442692203,1,0.0,0
0.12141409376449565,0.10315022952538386,8.587802689057096,8.701525645803198,2.4820397972196493,0,0,1,0,1,1,30.0,0.21522284482955698,1,0.0,0
0.010673318362478507,0.24973775123331926,25.757994421599268,4.685556000622395,2.133295550514374,0,0,1,0,1,0,249.00137450204792,0.13805463121099598,1,0.0,0
0.01701246776688082,0.1161210209795132,29.803377178993337,11.13721565635609,1.6767430469513926,0,0,2,0,1,1,205.77947145787073,0.4178675787900414,1,0.0,0
0.16256512536871423,0.08924349105791636,20.692853263500503,6.110633063966896,1.5281553788444953,0,0,1,1,1,1,30.0,0.09236839515022496,1,0.0,0
0.04821825615015612,0.145352654517722,25.489996178112616,6.691409626696821,2.280574965958619,0,0,2,0,1,3,30.0,0.048476405186638656,1,0.0,0
0.004771122201665515,0.072318612026716,20.50277455815733,9.0539886622382,1.736294694423446,1,0,1,0,2,0,66.71470018081358,0.15283052155792662,1,0.0,0
0.07734577917412014,0.005516115365645043,27.38160823807762,7.141160878114219,2.6290826192412395,0,0,2,0,1,0,92.64791752993534,0.016544303933471213,1,0.0,0
0.023837331634413726,0.2200929043809228,21.23463487394681,10.777397893389296,0.0,0,0,2,0,2,2,403.49363975656206,0.7145107453193753,1,0.0,0
0.017155015026113333,0.09687903849377033,20.366737303966033,7.191108532897386,1.6946262639063516,0,0,2,0,2,2,57.59468488712402,0.17675774051602677,1,0.0,0
2.8653844565018574,3.3380254768344555,0.0,0.06907149137177845,15.551719889803705,1,1,8,1,25,13,16.674601731415436,1.6124484484354538,1,1.0,1
0.043216485111334704,0.039297717994993035,32.727654200624585,8.56423091086464,2.2991645671884786,0,0,1,0,0,1,322.31014793482416,0.026932325775010632,1,0.0,0
0.06465883802559252,0.1300181885525293,26.30730373186372,6.980696478333244,1.4945504786444854,0,0,1,0,0,0,68.47306445006606,0.013669448740162196,1,0.0,0
0.08184595158880272,0.04236173379499513,37.4900003940562,8.535939830032941,0.9467936039573372,0,0,2,0,2,1,30.0,0.401384453268375,1,0.0,0
1.2218791381310175,2.363199663614961,220.0,0.1579266093711786,13.646657024917971,1,1,15,0,25,14,13.545229228975044,4.116864416715602,0,0.0,1
0.16432481536236526,0.024360251525041735,31.758010448403365,9.527350431586612,2.874754676709606,0,0,1,0,2,1,76.11977935725416,0.05918469823080309,1,0.0,0
5.401790251574474,1.8935415423327755,190.0,0.16032751738090803,19.500042524503154,1,1,7,1,60,6,7.33114512353703,1.550126470115404,0,0.0,1
0.0447552834904143,0.06470628252229592,32.03928214366881,5.195795336614131,3.9279491802420825,0,0,2,0,1,1,30.0,0.2774917230269453,1,0.0,0
3.162580949913991,4.385303499870163,190.0,0.05224474339009111,17.51757189265127,1,1,6,0,25,7,15.838175114673152,4.543784970302279,0,1.0,1
0.06614319609064923,0.03522862021416199,17.253045616531963,6.606399811637337,3.8205802682649663,0,0,1,0,1,2,55.49725453926543,0.4353395458312419,1,0.0,0
0.23482280317959647,0.016902830751772333,25.379757255559735,8.839080820436573,3.1726039587430064,0,0,1,0,0,4,175.44860490084895,0.06938863382320513,1,0.0,0
0.12125723858608763,0.0868648133116025,15.30777050716907,8.971574128396067,1.9388042588920964,0,0,2,0,5,1,458.25647438246904,0.06827552156592474,1,0.0,0
0.12004689270214176,0.07954422102219438,15.623222491029619,4.762051848346246,2.043640132465738,0,0,1,0,2,1,30.0,0.06413703618570969,1,0.0,0
0.1437436658295347,0.05850911358898182,27.63705570706473,6.396904883319678,0.4698690712566682,1,0,1,0,1,0,195.72034264346024,0.3302522295858876,1,0.0,0
2.7188852045055545,3.5339479680926793,0.0,0.11446942241192407,13.229364727405379,1,1,6,1,45,7,12.6900101669745,5.458256493931446,0,0.0,1
0.034807355399064634,0.010784548786434455,24.717283297535026,7.528819775909982,0.0,0,0,1,0,1,2,160.62317424092475,0.03072758908331776,1,0.0,0
2.6199475430609755,3.6072376842210025,0.0,0.06730103210962929,11.656386509034606,0,0,12,1,45,8,2.28304611105671,3.513822741240557,0,0.0,1
0.08587882953653342,0.08875460361690726,31.346598406542817,8.366082219369508,2.0438045566072147,0,0,2,0,0,3,217.2474934159298,0.027505984140582515,1,0.0,0
0.010618879407441778,0.028743946300698195,21.130234790834393,8.496856385253611,0.901304184931468,0,0,1,0,1,1,117.06977279253837,0.011105934483626602,1,0.0,0
0.08678758429213417,0.14063979544885605,28.783462512433953,6.346366052745887,1.1364316402901073,0,0,1,0,2,2,287.2184796429307,0.24557890932997795,0,0.0,0
2.9667615408243364,0.8,220.0,0.07994333561389905,11.254787433408344,0,0,6,1,45,10,4.464982681672066,2.2732688614584307,0,0.0,1
1.469738072066784,3.8774649255142224,0.0,0.11888063989873429,6.878009811262361,1,0,12,1,18,9,17.58902320156903,4.300004221691631,0,1.0,1
0.10748953567914155,0.017004940412764305,36.635354457634506,6.250688623334012,1.8151150169013142,1,0,1,0,2,1,92.74692586407322,0.637077154880091,1,0.0,0
0.17783600747806527,0.05465302243286619,23.318335551881443,9.507273272355722,2.1281076019934964,0,0,2,0,2,2,354.78869256625876,0.04808979603365468,1,0.0,0
0.07860661649227091,0.0811569458809773,31.418159418497368,10.190813113564111,2.058603939525719,0,0,1,0,2,0,36.50381487095158,0.2690834324380854,1,0.0,0
0.06754428505134892,0.0035898391291463404,21.64129763413332,10.286154869131384,0.9280403631539225,0,0,2,0,0,1,185.1174881609645,0.2589121031976692,1,0.0,0
0.023987400493963886,0.02064175626417832,21.68288923030519,10.143128249249228,2.5390941042551023,0,0,1,0,4,0,54.99929765720648,0.08632720052462518,1,0.0,0
0.11420950369330464,0.1308187752390743,15.334815325322833,7.288688732978735,1.6567739312953242,0,0,2,0,0,2,80.2695041361856,0.08119947791236604,1,0.0,0
0.13366253280570395,0.03515758139163802,25.926104955834028,6.443922681814273,1.2057181528649652,1,0,1,0,2,0,281.73920326337884,0.9,1,0.0,0
0.08811718325082181,0.024093601132105104,13.711460879067607,10.144221694565626,1.38037624531071,0,0,1,0,1,1,30.0,0.06770143937208996,1,0.0,0
0.015178919511740545,0.24749646787100735,21.851080239300252,10.483707401015716,3.710808544114316,0,0,1,0,5,1,49.269856453845605,0.09260620594921798,1,0.0,0
0.13080220569992274,0.11015563972137131,26.668234289508074,6.478237006820797,0.30157309076264993,0,0,1,0,1,0,244.0174275454637,0.6599801443786911,1,0.0,0
0.2484721622463747,0.09121743929917832,22.503841649803505,8.794021667225728,0.0672658574310614,0,0,1,0,3,1,30.0,0.475869277010732,0,0.0,0
2.497707738493191,3.6945143632202653,85.0,0.06262306986349894,10.241077925866989,1,1,5,1,45,6,22.635541053218287,3.396177603026357,0,0.0,1
0.016722575468874765,0.31559766812363105,18.488360701461694,4.9559443431519155,1.7076246469063139,1,0,2,0,1,1,54.663323068079876,0.12358317244882795,1,0.0,0
0.6833848080893199,0.09411987039398016,21.542083500107275,9.19477968341711,3.7606280346244922,0,0,1,0,3,0,301.0108567434108,0.16559632709897665,0,0.0,0
2.9829820696475786,3.125350176865019,0.0,0.0715028286339506,11.355579089004182,1,1,6,1,32,11,3.603478609268164,3.4610626258796313,0,0.0,1
0.041576751436517664,0.041535657584307155,28.713759153229926,9.33075924501198,2.4707532415477864,0,0,1,0,0,1,102.65043575872822,0.26024959733192704,1,0.0,0
0.09645355831552611,0.1498295863772606,29.59464958478315,12.09682995832964,2.1670179781169607,1,0,1,0,0,2,502.46815555286236,0.1827984557930656,1,0.0,0
2.0479668213429645,3.411852166511526,0.05,0.07103035341351172,11.421758966831428,0,0,8,1,25,13,19.242694145131527,3.6774961025881856,0,0.0,1
0.03487001368396219,0.04685161233830095,17.087510582606217,3.4439908219590194,3.0258195333018967,0,0,2,0,3,1,248.9554391745108,0.2492533794247713,1,0.0,0
0.16672532479103475,0.0007427645455569902,25.0859717989338,8.624893953326259,1.4531627542395351,0,0,1,0,2,1,67.11206899182775,0.013430711380360833,1,0.0,0
0.030843819611475993,0.03646007269881341,27.229018594480753,10.09336832018324,0.3192203750893483,0,0,1,0,4,0,707.3393302471253,0.11759056305937216,1,0.0,0
0.00987141123889229,0.08675345856142327,33.12569936700552,9.111920048875673,1.5218532772937217,0,0,1,0,2,0,126.98889286275153,0.03430184834000686,0,0.0,0
0.056839798176296634,0.004019688060060018,30.5229077321692,7.765955162736747,0.39071291331256597,0,0,1,0,1,0,30.0,0.10655341613601269,1,0.0,0
2.5515856771316923,1.8450058632781534,220.0,0.012326271245735404,18.216850906723437,0,0,5,0,18,12,24.040340261571682,3.6999701813222536,0,0.0,1
0.042308584752666106,0.0073180822579861065,20.06768276604455,9.081826803184663,0.7174433069947124,0,0,2,0,1,1,210.12793071270332,0.8339862961264739,1,0.0,0
2.1671082794844914,3.7226368900972044,220.0,0.005128000640838182,12.320789384849556,1,0,5,0,25,13,12.400595217457862,4.775884980203361,1,1.0,1
0.1401893101653888,0.06337159719035819,8.132218935854752,8.202234407958233,3.0965937891821236,0,0,1,0,5,3,30.0,0.08271878950362342,1,0.0,0
0.20744102104919251,0.029611917795549864,27.885143326936365,7.898371739250315,2.9427637251523104,0,0,1,0,2,2,49.454730371420496,0.8128985167482924,1,0.0,0
0.10964883090524465,0.014225192988874176,13.872537835228709,11.515415398626729,2.0302338027173357,0,0,2,0,2,2,252.10928893964342,0.19076199994352944,1,0.0,0
0.3367495511961471,0.05466461114545161,37.751486651707985,8.523187718650743,2.2378579340280074,0,0,1,0,1,1,55.550430560533826,0.029061564044485174,1,0.0,0
2.193934343292252,3.923620498140334,0.05,0.05400154656806133,19.068231042235446,1,1,7,1,18,12,13.233233413326172,5.698682202444504,0,1.0,1
0.06450524078410368,0.08704888862223838,22.106848014046,9.9208490681829,0.0,0,0,1,0,2,1,503.2202363541574,0.026899227067897727,1,0.0,0
0.03325737762716714,0.028644508341069814,29.26511217788183,8.460638491343461,3.165157123894522,0,0,2,0,2,2,30.0,0.2759053445870193,1,0.0,0
0.0009232262724480361,0.30630821929412944,29.95943031320704,7.4302913544266,1.7259540111142644,0,0,2,1,1,1,52.387867224385616,0.3127457384440392,1,0.0,0
0.02109664889439249,0.0015381656336478002,32.111462464324696,5.759486821584228,1.0123416704015584,0,0,1,0,0,1,656.2078137970072,0.012405526658144813,1,0.0,0
0.29075247774822827,0.048425058386855103,28.583364340129776,7.885420322650564,0.6992881994080171,0,1,1,0,3,4,76.03499464293897,0.17749415700194085,1,0.0,0
0.031624579802121994,0.0017101348233704763,22.88537526373323,5.8411897933498365,0.6016429255397775,0,0,2,0,1,2,30.0,0.17260329448404788,1,0.0,0
0.019102456133201662,0.10119995491961518,19.261320259136824,6.989932008179003,2.8636299105789043,0,0,1,0,1,1,60.77333097855969,0.2038391504308173,0,0.0,0
0.06352378528875394,0.23794305708259725,29.64860993451179,10.261613706968443,3.176637548616744,0,0,1,0,0,0,262.5680291279011,0.10965411524764955,1,0.0,0
0.036999432337132564,0.036143486007881434,17.042465061555298,8.602152608930156,2.271273030109293,0,0,1,0,1,1,338.6378591383501,0.2610727223709171,1,0.0,0
3.2613465074186867,2.773197038881561,220.0,0.21488662688261362,18.422217466947313,1,0,6,1,60,6,8.243076190188962,3.8751043871984927,0,1.0,1
0.0405156792377427,0.008135562579748158,30.776371474417616,10.212919626297573,1.508775585382887,0,0,1,0,0,0,113.0209644953445,0.14131671059968723,1,0.0,0
0.018008930259685862,0.006551201317638623,23.32027763309275,9.49782880192883,1.1580869591659448,0,0,1,0,1,0,58.25860882235856,0.07097721048090341,1,0.0,0
0.04347876296687503,0.054215958370520345,29.556086037382197,8.569482467078048,4.128467768501601,0,0,1,0,3,1,30.0,0.28357270857888606,1,0.0,0
0.29307886858440724,0.00793812055947615,26.595321021401272,11.516672196115458,2.371816810994723,0,0,1,0,2,1,103.3646433639977,0.00019455717355353882,1,0.0,0
0.17302488786585932,0.07154186835033827,27.02207426843009,11.345190395579953,2.5053546309917456,0,0,1,0,1,0,107.84458488888973,0.23074455772508062,1,0.0,0
0.008580498848274555,0.008844196206933587,37.06237839576079,9.947994064803808,2.935268755244199,0,0,1,0,0,1,63.22756103452068,0.056045616229569245,1,0.0,0
0.0482997411481884,0.09368544088804487,32.93042861501452,11.85330160552272,0.8003790483593201,0,0,2,0,1,1,81.55516080373489,0.17234659933575264,1,0.0,0
3.1011248657561215,3.008312065613141,0.05,0.03212166870187666,11.011803203851333,1,0,8,1,60,11,11.82454388474341,2.523700699948364,0,1.0,1
0.06371484800088867,0.07149816201578761,28.39715615423831,11.36327197387594,0.18957711826963863,0,0,1,0,2,0,348.7873491032425,0.5605349467250517,1,0.0,0
1.4762797158666814,1.7864917733927945,0.0,0.15064814942309243,5.0,1,0,6,1,60,13,7.310309660566275,3.927569859232217,0,1.0,1
0.13402646948713554,0.10191384041176954,19.514407216541763,9.619623523861522,2.0745640620604964,0,0,1,0,3,1,30.0,0.22334516529729675,1,0.0,0
0.23715520840953644,0.0874440845411626,33.616647242460125,10.569598261052473,4.451712624997291,0,0,1,0,1,1,324.2444780824078,0.20444957328153568,1,0.0,0
0.06430145416812111,0.09302388739486307,27.64722017939246,8.898759841308015,3.154590247609191,0,0,2,0,2,2,138.36180773524362,0.09154588073996614,1,0.0,0
4.214743238962862,4.22102757494,220.0,0.10580976872370762,19.50570953966957,0,1,7,0,18,8,21.118566739896625,2.1160987677356693,0,1.0,1
0.12646663607832323,0.0015877712550936662,25.50843465597762,8.788061803958453,3.458979816831839,0,0,1,0,3,2,324.0950814301284,0.17600150212210766,1,0.0,0
0.1544708151488593,0.014756198957769065,26.343663119139702,7.286349316427202,1.1533951576117425,0,0,1,0,1,1,185.18121765563544,0.2953639623797346,0,0.0,0
1.3071778547944857,2.899787028063736,220.0,0.10422770513356933,11.53877187939153,1,0,12,1,18,6,1.2396013053940145,4.149700625503202,0,0.0,1
0.8,3.0216245380747035,85.0,0.24281006975635414,25.0,1,1,6,1,32,10,22.49009794247392,4.076535939521718,1,1.0,1
3.125119904687872,3.087633641549806,220.0,0.24915724817966478,10.600219431505016,0,0,5,1,25,13,23.736436996993305,2.575659935729538,0,1.0,1
0.3959944007972529,0.13237931933895264,29.988312437929252,5.2647570827477,2.8321102172211274,0,0,2,0,1,3,1099.326532654679,0.4175718873272656,1,0.0,0
2.98141220439726,2.9192545294928527,0.0,0.16413838086056579,14.641362178515344,1,1,8,1,25,10,19.976458006364087,2.9511026032403476,0,1.0,1
0.24966132748589695,0.0366899289660344,34.61452062924608,9.806015876619808,0.6778820585562599,0,0,1,0,1,2,160.12596443047082,0.359389980298469,1,0.0,0
0.13517584620299794,0.06669533123542194,18.72885896086131,7.370257011586177,1.4703959511977072,0,0,1,0,0,1,74.48463151023176,0.2133105735787725,1,0.0,0
0.007046104510435484,0.06997710210197386,23.70872097449323,4.181462129360464,3.217167134896644,0,0,1,0,2,1,135.7968151880874,0.16224373967838795,1,0.0,0
0.546826571067434,0.014630631372507417,20.12939653735591,10.724298125613196,0.4341436153456213,0,0,1,0,1,1,285.8014898366368,0.20903995622046045,1,0.0,0
0.08210042719956823,0.0011290918516123473,29.00277563983962,5.8113079903388964,0.8645558056628768,0,0,2,0,1,1,106.44506148442034,0.12506758370212234,1,0.0,0
0.01552921068685214,0.05877148989612815,27.664122095341902,10.480599094199048,2.1626156235822673,0,1,2,0,1,0,84.68796497071786,0.3368473773625319,1,0.0,0
0.2094416824730714,0.07127499599643664,20.373934373737203,8.155937275768661,1.4273038489416872,0,0,1,0,0,0,114.18729074700617,0.050983606394173146,1,0.0,0
0.021978040658767014,0.012215864859751823,35.95696068700075,8.3913183179267,2.5890230796419216,0,0,2,0,5,3,118.43566190003533,0.11533726543831808,0,0.0,0
3.4042721359397152,5.336390805759727,85.0,0.020330979695081908,16.83926461449522,1,0,12,1,25,7,12.547332018252149,2.861090348685825,0,1.0,1
0.17683799509760817,0.0013691803812795503,23.401198405307245,6.738787080436701,0.9372997244721009,0,0,2,0,1,1,82.4444264820982,0.1517150317768796,1,0.0,0
0.008508707920358051,0.0036735484944946245,14.410524478809423,8.583362414433818,3.3276978629316667,0,0,1,0,3,1,148.71189957270278,0.4545099059292743,1,0.0,0
0.04391416355456564,0.014957504465595404,30.11905326168215,8.01958225799496,1.8953439352208983,0,0,1,0,1,2,477.79031228650757,0.506786500664737,1,0.0,0
1.6549537229497353,2.932213555176168,0.0,0.12742298661210447,13.292591789981413,1,0,5,0,25,7,7.630466516365069,3.0508917022915623,1,1.0,1
0.14095135705805784,0.015251412342433292,37.7500177504413,5.464097736313496,1.788497993149793,1,0,1,0,1,3,30.0,0.08792939490121186,1,0.0,0
0.0650345228004208,0.3085119855624863,27.21238349896123,9.807729009284756,0.8340799970430393,0,0,1,0,1,1,177.3000430452288,0.035937983413375306,1,0.0,0
0.053406184010277885,0.07058638968032992,28.59737616750754,10.103279433807383,1.7338959447537827,0,0,1,0,1,0,147.47286562281965,0.34405439011747996,1,0.0,0
0.06213000943784432,0.277758083328681,28.317272319720495,12.486767001164829,1.186640063551109,0,0,1,0,1,0,149.5328368544051,0.34610009209389836,1,0.0,0
0.11653101766516379,0.08124959761990028,23.490202307061733,5.19413087525408,3.32376206283529,0,0,2,0,1,1,226.539356070615,0.2513329859023223,1,0.0,0
0.08556623910716853,0.04549385298779412,27.19831000621964,10.211470641721682,2.966704981396601,0,0,1,0,1,1,485.6782004591242,0.7670989400352707,1,0.0,0
0.12085886252364429,0.11307841685609228,27.56114212073514,9.588645409531473,2.052478057170451,0,0,2,0,0,1,143.9601060938566,0.08967402115088022,1,0.0,0
0.1354317052655387,0.04163162462231645,31.232822880505218,9.103863370237407,1.5627640578416255,0,0,2,0,1,2,345.9542525854612,0.15164604115507557,1,0.0,0
0.2118491860946589,0.026046348514154383,19.036005532727213,9.36002704762271,0.6752140896007748,0,0,2,0,4,2,38.07594527255487,0.1738146642069397,1,0.0,0
0.2518330365480953,0.28560328181695716,13.623082771052971,6.691198995338261,0.818809059404283,0,0,1,0,2,2,34.42697811938536,0.06994652262916194,1,0.0,0
0.1999996014977585,0.028836319259613764,23.46001060838475,3.64048940463491,2.0617708713765457,0,0,1,0,3,1,30.0,0.13008842894031028,0,0.0,0
2.801446660523514,3.851479953670234,220.0,0.09927165453526732,11.101091852009624,1,0,8,0,18,9,9.851961805999096,3.035571388120159,0,1.0,1
0.0011968068549783261,0.023728320640896406,25.431647711051713,7.169719401431175,1.4515963187364358,0,0,1,0,1,4,317.73742631453376,0.5146571744768814,1,0.0,0
2.85812609862912,2.6570827087124957,0.05,0.1035649384248857,11.818339138614594,1,1,5,1,32,13,14.79018545362024,3.472347056752541,0,1.0,1
0.03579056159147267,0.17839815796906106,17.284641435472036,5.863447415940117,2.2871006374012595,0,0,1,0,1,0,289.2389725147617,0.06231379396697278,1,0.0,0
0.009639508775834272,0.049378788102579646,21.546202155097745,7.359206520806514,2.2973525428275527,0,0,1,0,2,2,225.6980586156155,0.12098425083741382,1,0.0,0
0.06952262227767017,0.08066304995188008,29.945715579891093,5.916385092665768,1.7685919983467429,1,0,1,0,1,1,149.31268015149715,0.322129260368116,1,0.0,0
0.049971752053288986,0.00542811884454973,39.352434707872874,3.637757672056744,2.343370349795475,0,0,1,0,1,2,417.5693426215358,0.041811380249232505,1,0.0,0
0.14215948421155664,0.018911322407423495,28.51242308618462,4.9074468664449284,1.7503270321917377,0,0,1,0,0,0,30.0,0.27854022440565446,1,0.0,0
0.15918581205596688,0.007415053361790329,32.02479794958041,8.235148830113326,1.490561055779769,0,0,1,0,0,1,755.4113469843736,0.2999245067119209,1,0.0,0
0.06707259324636736,0.12788168997574226,30.393762925121322,9.199655825360177,2.576192750328422,0,1,1,0,2,1,248.39567477999262,0.2764481385150626,1,0.0,0
0.15462993188082505,0.11058387401093826,19.516857155617544,10.17845028933758,1.0204346853654491,0,0,1,0,0,2,230.74195064757447,0.1986660617502155,1,0.0,0
0.0139484945034231,0.5,35.133843343235306,9.405248059960241,0.0,0,0,1,0,3,0,70.61425488598331,0.14330088447890013,1,0.0,0
1.9102999171747128,4.621336014390769,220.0,0.14926917953302787,11.168112245194852,0,1,5,1,25,13,18.486088288277703,2.4990030830604066,1,0.0,1
1.6363394794095163,3.669205795939275,0.0,0.021681823402980305,11.965622522926731,1,1,8,1,25,6,13.723884081137161,4.631212625382964,0,0.0,1
0.19304573447158804,0.08353681903457522,21.457010356687896,10.013454005706857,3.806282296382599,0,0,1,0,0,1,121.0964330783874,0.0656372570388144,1,0.0,0
7.843251768844429e-05,0.02595050051461359,28.030264621377313,6.517115431207687,2.8262901246222762,0,0,1,0,0,0,48.79099457457676,0.39875830621359987,1,0.0,0
0.04574116965772954,0.15743076025785585,25.587515518338638,8.140534971979758,0.8981000270112871,0,0,1,0,3,2,354.2506399559183,0.49766848356501897,1,0.0,0
0.05345908107779389,0.1560741758437783,20.727573528863203,7.3315418136158295,3.6462833835839774,0,0,2,0,1,1,159.74674675288446,0.16026392386463006,1,0.0,0
0.040272701785853585,0.11011406106367229,13.944201462297366,4.325861508580967,2.4814953205671246,0,0,2,0,1,3,374.8705458326112,0.06997073153618458,1,0.0,0
0.1494324919023142,0.01158225241724364,33.577759060780366,13.352171227706105,3.335345356737043,0,1,1,0,1,1,780.5684193507893,0.2105452209221987,1,0.0,0
0.04376558236186287,0.043038025156008505,22.05753186170166,7.078616015065979,3.9825130636978763,0,0,1,0,1,0,492.47495381848245,0.06860626211789296,1,0.0,0
2.1299098145304605,3.6585012809716826,85.0,0.19431239187968252,12.442820360533757,1,0,15,0,18,14,18.074329573933863,2.087720257481111,0,1.0,1
0.20610130874459254,0.14833904049030047,30.543653690712503,7.761512216768486,0.39600238524504205,0,0,1,0,3,1,39.14156212547424,0.03102083068152195,1,0.0,0
0.14346955972463804,0.00413066252652453,25.50366246230842,6.878684888602654,1.9246477587404431,0,0,1,0,2,2,410.95638676663737,0.05959740666234421,1,0.0,0
3.6874151299980844,3.2001071473588367,85.0,0.23425984322333288,13.26920169215773,1,0,15,1,32,8,19.00752554068726,2.6595070917717445,0,1.0,1
2.6676268047856504,1.389431810047539,190.0,0.2451156204864533,15.55002316232366,1,0,6,1,60,12,24.904764168082675,3.5772966314453343,0,1.0,1
2.2137795647575294,2.512995235810398,0.0,0.011086974005727446,17.45570671092753,1,0,8,0,60,8,12.094034477947844,2.1746284076901166,0,1.0,1
0.017994708734501222,0.026896589768191363,35.93891141161137,6.875685738931866,1.5355313672224344,0,0,1,0,1,4,74.01695486782154,0.05867756106884706,1,0.0,0
0.13581398558686758,0.04281353815187492,29.49691235774442,9.308816308142834,3.14820478465649,0,0,1,0,3,3,175.68893356114413,0.4962543073964769,1,0.0,0
0.19553147351945752,0.14660562872676883,26.59481073845079,9.02141232394255,2.798438725982553,0,0,1,0,4,1,245.4742144265693,0.05301374681774771,1,0.0,0
3.346573000892211,3.7469477926336427,85.0,0.22818885251959337,14.493523065031608,1,1,5,1,32,12,15.89386077273279,2.769409658766314,0,0.0,1
0.27844345116484465,0.05260698621642506,16.30837386402502,9.65312224101799,1.4953954045150257,0,0,2,0,1,0,66.0355933378939,0.019328174759520547,1,0.0,0
0.0033507554907510374,0.1394992256223788,31.676396408309877,6.252197750154231,1.884028747238536,0,0,1,0,1,0,120.9164809033854,0.05026047141196859,1,0.0,0
0.052241381961494054,0.02000396546440889,29.850899368525155,7.368894475195153,2.077598389745337,0,0,1,0,0,2,47.51038243361064,0.04633116405427796,1,0.0,0
2.8281012982076867,3.634974158688732,0.05,0.13677437703251374,15.114793488818162,1,0,8,1,60,6,10.924204241182675,4.527577510693859,0,1.0,1
0.11518727714519447,0.0282568437451108,15.447129387566054,9.40552517569613,0.6006269538544988,0,1,2,0,2,2,231.54808396965444,0.06834599887751272,1,0.0,0
3.7666681613287953,3.714117707660595,0.0,0.15943236953883444,20.1796743601092,1,1,6,1,60,9,3.376028845150313,4.722770398725223,0,0.0,1
0.039417003697278095,0.19423836290848037,11.009983837762066,9.35535354201986,1.255127214723726,0,0,1,0,2,0,130.25957579350043,0.039986715134061754,1,0.0,0
0.15364672454938916,0.015172574298913933,27.43840499292014,10.421480023648071,2.904749803258824,0,0,1,0,0,3,291.06374339786134,0.04303070894317068,1,0.0,0
1.5659960911143866,2.71057907171705,85.0,0.19043827263933225,10.205102062025079,1,0,8,0,45,9,18.981240936862925,3.370780429770053,0,1.0,1
0.11863124284407556,0.13774558401466683,27.66480678530835,5.0265463644711215,2.4023911690282054,0,0,1,0,1,1,58.997800364517154,0.12940863955471169,1,0.0,0
0.11299530698301836,0.04287053373249564,24.72571698240041,6.36390572326752,1.7277778282273042,0,0,1,0,2,1,30.0,0.01578092399632484,1,0.0,0
0.0026775897509091215,0.11254203931233617,16.49220109714259,5.573797497500602,2.359523160280322,0,0,1,0,1,0,163.48549785411845,0.20377110011402144,1,0.0,0
0.09672329177618084,0.016985108052504666,28.596074547297174,7.854510894553315,1.3153702028224492,0,0,2,0,0,2,283.4116056203226,0.17744979421582455,1,0.0,0
0.14553489750635734,0.039051634688022835,26.816632258186523,7.508702494241319,1.1830987481724307,0,0,2,0,1,1,206.72416777368045,0.0035794164792556102,1,0.0,0
4.065897278613383,4.736369850508361,220.0,0.21226671877996153,8.804949172257656,1,0,8,1,60,8,13.969732988182562,3.9571068404409275,0,0.0,1
0.0017302475685613825,0.055483450398651504,25.6649875064307,8.725370400320747,0.11030221340209967,0,0,1,0,0,1,118.42136379292072,0.04142496252231453,1,0.0,0
0.0696109011102478,0.20470536326641806,24.007621470224247,11.145235682521545,2.3651606324751695,0,0,2,0,1,3,238.40112845903596,0.46591785803958374,1,0.0,0
0.05269216446275888,0.03086000632289747,25.193681698564646,5.023204842956428,2.670167262130463,0,0,2,0,4,3,38.03273434063401,0.013988729868027404,1,0.0,0
0.14802660829123307,0.15670859475583068,11.625594159408779,7.533032183192368,2.296251931889965,0,0,1,0,1,0,77.27794366250913,0.02794769031845709,1,0.0,0
0.07483043679398863,0.10541251455162924,6.4002498818449,9.53400060502787,2.5388387035370963,0,0,1,0,1,0,269.85158482828325,0.30075092567123696,1,0.0,0
0.10129348037227866,0.04318799315673946,29.051633408008307,5.410800546188753,2.9258046415960592,0,0,1,0,0,1,142.98316805907106,0.06195625365919191,1,0.0,0
0.055623628796013645,0.22560399521078087,18.193274245362304,11.99953301176166,2.0618316720181196,0,0,1,0,2,3,30.0,0.24704871637361403,1,0.0,0
0.38972083991515855,0.0018653460029602043,27.400236511186296,4.3643632470453975,2.560361950666735,0,0,1,0,1,1,179.1304882916234,0.052391140294481275,1,0.0,0
0.6921697938180911,0.10655522218800019,24.0930116934839,9.90044382256458,2.4265679117836774,0,0,1,0,0,1,242.1456731105604,0.4401376753585276,1,0.0,0
0.1207339350066264,0.04246217147933943,26.18329604430059,6.40065176848641,2.7311108396894745,0,1,1,0,3,1,76.84580952610646,0.009810401488746262,1,0.0,0
0.18273119307049068,0.01248695849125789,19.55748968585152,8.807695320433282,1.0738141235759868,0,0,1,0,0,0,145.84240099141195,0.26105354146588744,1,0.0,0
0.12740402526707106,0.12299612372442782,26.9019473494914,8.721761005785675,1.9183980756529402,0,0,1,0,3,1,30.0,0.04096024140495749,1,0.0,0
3.325877368817218,2.94836378595629,190.0,0.20070989919907206,16.76695784086596,1,1,15,1,18,9,23.851498311976922,2.4989998676833842,0,1.0,1
0.4246081452194119,0.06482183265267805,34.545006368468094,13.468288161490673,2.5256399227270943,0,0,2,0,1,1,32.31987038920369,0.03294264831052432,1,0.0,0
0.06756712763455894,0.10971400295134277,26.16762467714483,8.093687267332438,2.720261523552609,0,0,2,0,3,2,401.49884005812623,0.1512986706692091,1,0.0,0
0.0037954858914666,0.015341134565258983,27.917377607930252,6.460062562464623,0.06916639927591706,0,0,1,0,1,1,30.0,0.03383968127181019,1,0.0,0
0.06300173998923178,0.02854166250024305,33.50176261723413,6.9549827872156795,2.2301808062292197,0,0,1,0,0,2,121.20896744688454,0.1307261903725089,1,0.0,0
0.06771431379757019,0.042870637125522214,20.689343589200593,10.602243495515996,3.058105617996036,0,0,1,0,3,2,102.180361318432,0.06727488221653698,1,0.0,0
0.05397433134587165,0.03597613440272684,26.815556367331094,11.575709902652964,0.0,0,0,1,0,0,0,552.8563959054502,0.033207574801180854,1,0.0,0
0.16884689431951028,0.025737601742929047,19.94901306264996,10.00093972387019,2.0687617508447826,0,0,2,0,3,1,117.88439452753826,0.03271511783576166,1,0.0,0
0.06566235820413605,0.008352976105125634,28.801187236403482,9.992746483650745,1.5051193418206803,0,0,2,0,1,0,145.25725345684003,0.4943105634888947,1,0.0,0
0.04562308741436997,0.022512603083306392,27.158440948931982,9.216469188028906,1.1165558942381502,0,0,1,0,2,0,43.120629974758536,0.18753017900728386,1,0.0,0
0.09274909656418635,0.037464560886613776,33.52514850157637,7.97436631494777,1.6336271527335358,0,0,2,0,0,0,174.72218361514442,0.009335612968974446,1,0.0,0
0.10533910341669067,0.09445181803909986,26.86400427192554,5.341309675859479,2.1394151593464064,0,0,1,0,0,2,39.58054871694001,0.47515828142159305,1,0.0,0
0.19611333206117262,0.014980449703915086,39.04939668121145,8.884384498917392,2.15696862704876,0,0,2,0,1,1,340.9397502350499,0.07785660617680068,1,0.0,0
0.03405925890478997,0.07700834000513028,28.00470720768773,10.097296414382287,2.541582931999412,0,0,2,0,1,1,52.82076967198212,0.06423857542716085,1,0.0,0
2.6219907826561974,3.4280774912638687,85.0,0.10509351291225275,7.697949998392703,1,0,7,1,60,9,7.024738490276826,3.4750262499529243,0,0.0,1
0.3724387480882423,0.047768640378694986,22.56388973574504,11.776562366272843,3.529883488405151,0,0,1,0,2,0,88.02202769156811,0.12202419564387185,1,0.0,0
0.24134770373759273,0.15047224637002773,24.051389226744742,6.07451877025039,2.2140143897008366,0,0,1,0,1,0,251.78648526065888,0.41680398134401697,1,0.0,0
0.016917019909917785,0.36337198064097903,19.24468093596674,11.838493884753,1.1770964090235256,0,0,1,0,1,0,30.0,0.5860332069398989,1,0.0,0
2.567565941542666,4.136700207068007,0.0,0.16321958474610485,13.883610241450212,1,0,15,0,18,9,5.958779565521248,3.697893306402158,0,1.0,1
0.031532334633965806,0.038134661666457945,27.807419142907957,9.8869916412092,4.022866118366792,0,0,1,0,2,0,69.15399682166942,0.2476628023295133,1,0.0,0
4.759414311383545,4.030195608148344,220.0,0.1430442159967899,18.990975852443825,1,0,6,1,60,13,18.139029812580212,2.2871888503365745,0,1.0,1
1.3942696104091836,3.7696943497110875,190.0,0.07730075285888943,8.481995278081772,1,1,5,1,45,9,10.11985125314,3.8157196496698664,0,0.0,1
0.08250151351338475,0.14715648851180604,28.273471158770803,10.891883814870614,1.8695851731828883,1,0,1,0,4,1,30.0,0.052938326372567124,1,0.0,0
0.0029873066739013574,0.041203608460500876,33.15374208542002,7.657794455676337,1.766208632400283,0,0,1,0,4,2,32.09125071189772,0.10787124393102068,0,0.0,0
0.014814650819743837,0.0084839693291214,26.970445199713158,7.714482095166382,1.993146005098509,0,0,1,0,2,1,312.9519095993752,0.01841561805727765,1,0.0,0
0.06803020500870588,0.030804710248399148,23.28756079566196,6.732020202155997,1.8615821476600256,1,0,1,0,2,0,121.38444057199732,0.19934612393049078,1,0.0,0
0.010289388894832332,0.051876298535870884,29.18293077491742,7.2608000397926205,2.8601841202180767,0,0,1,0,0,0,365.7412002719188,0.1323750674751226,1,0.0,0
0.008154262876112504,0.008085211583947694,35.09909870471423,7.886813850643235,0.0492326726284984,0,0,1,0,1,0,553.040276109218,0.4175248519890327,1,0.0,0
0.06075775574518372,0.10166263209107394,34.355282286208116,8.437317694660555,1.6498089696459983,0,0,1,0,1,1,94.17284138605228,0.2520041599326479,1,0.0,0
0.36076921574783316,0.044994206167169815,21.372040214663194,12.906619630515515,2.2295873969757016,0,0,1,1,1,4,114.93823713375878,0.19134276552143903,1,0.0,0
0.5274670100886395,0.13622171613553508,20.257700772072727,11.333668164277606,0.0,0,0,1,0,0,0,30.0,0.048296992025132865,1,0.0,0
0.12185848129900656,0.0018990852082099055,23.697773523304335,8.659388134765425,1.2270963362577987,0,0,1,0,2,0,49.69960798756951,0.1186053006909761,1,0.0,0
0.17349512540865614,0.045846501757320905,36.32137405164779,4.963472980997028,2.3782589823179223,0,0,1,0,1,2,256.3752738824626,0.17962922168889595,1,0.0,0
0.04748459430620311,0.156091851210682,23.99294813625956,8.138899418228522,1.1980625249362848,0,0,2,0,1,0,52.99719975419056,0.03855349147910905,1,0.0,0
0.020766531691247935,0.02202999186005225,32.41076647118323,4.907604489330897,0.0,0,0,1,0,3,3,387.10853800129087,0.23008939756396873,1,0.0,0
0.5180619186275319,0.03627581774224621,22.2658328795687,4.745921690739382,3.2039589650102336,0,0,1,0,0,2,223.03635789148922,0.09597358678318466,1,0.0,0
0.12166891576014688,0.03037628310715786,20.570755469936778,10.94095278216215,3.5027276807992855,0,0,1,0,4,2,405.60432200689104,0.1552540442662733,1,0.0,0
1.527998389091865,2.7741036223762348,190.0,0.1434186305144792,9.7572803952451,1,0,5,1,45,9,14.683154958980586,2.410632096145994,0,0.0,1
0.5122528727522381,0.03419506247259059,23.365042117882634,8.47014925511408,0.6931786588388515,0,0,1,0,5,2,30.0,0.0743240322116318,1,0.0,0
0.031531389474111715,0.018278267276320023,20.857302344261985,13.115376455470901,1.7621861178515794,0,0,1,0,2,1,171.54781612004368,0.046344184586652994,1,0.0,0
0.1054051718913144,0.017789589955411463,23.82154197578423,8.675928554948552,2.2505724890748713,0,0,1,0,1,0,32.68819071265478,0.04745506658729453,1,0.0,0
1.9631060032135226,2.83776072292165,190.0,0.05371750835511341,17.225842927668616,0,0,8,1,25,14,3.1906616630831115,3.320278174165539,0,0.0,1
0.031089078051963297,0.044211377795108246,21.001707793557816,9.673703077569735,1.1708999478838933,0,0,1,0,1,0,156.64282992070878,0.20756745256226472,1,0.0,0
0.06082249817209511,0.16333879824472688,20.71177439024983,6.634881223106589,1.5807686211010852,0,0,1,0,3,0,381.26153162814336,0.7474929033442106,1,0.0,0
0.09389629214347658,0.04156202083187835,26.717790078722658,9.234638775698393,2.7031563164196175,0,0,1,0,1,2,30.0,0.024224458689566145,1,0.0,0
0.05519825430710042,0.012762156019854911,16.126728085110575,9.122078130736156,2.2412673752655334,0,0,1,0,1,0,204.90605934610682,0.2472714999856852,1,0.0,0
2.2424027146501033,4.203982988724306,220.0,0.07536919771492345,20.87581555593301,1,0,6,1,32,6,16.656379823637778,6.0116790463870045,0,1.0,1
0.017696126080066713,0.0419256004773885,27.504879722181837,8.437679270397044,1.432804848984899,0,0,1,0,0,3,82.33628725879075,0.03466724606161607,0,0.0,0
0.1208349251392225,0.005845293431391531,27.718490772560187,8.688352938347284,3.873576393897136,0,0,1,0,3,3,63.60121609654487,0.3293356583661087,1,0.0,0
0.05969199688955686,0.036577459412310706,16.796757977827042,6.8099229765674485,1.8273967523831776,0,0,1,0,1,3,214.48077858133615,0.07978042055188474,1,0.0,0
0.4765091867311735,0.019807236651583772,32.10207096928895,5.703803970636249,1.73187296937215,1,0,1,0,2,1,277.1946988258,0.2866133721525312,1,0.0,0
0.07361456453445783,0.04299750045923359,24.071623793746845,9.40787177680755,0.8550917423610234,0,0,1,0,1,0,232.9767759530415,0.17659804428193301,1,0.0,0
2.259823895407604,2.640278888023923,220.0,0.23393389697086472,12.866791198296015,0,1,5,1,32,14,11.671075998943884,2.687304926202583,0,1.0,1
2.6369357733089838,3.1700774245227588,0.0,0.19468706075902312,14.530121441687589,1,1,12,1,45,11,23.560196049489726,4.70866165945713,0,1.0,1
0.013192327032164738,0.4349176990130754,17.84735656041324,8.396604121249537,1.6309998107484678,0,0,1,0,2,3,378.72623575781483,0.29160699758782155,1,0.0,0
0.08348420758751432,0.04249500350500182,17.999402175317492,7.550086590957245,3.506295914887156,0,0,1,0,0,1,158.9222454144355,0.07449216943271439,1,0.0,0
0.1258575671362272,0.1196405616801641,32.24288405716369,6.1586749395996225,3.6953634941799356,0,0,1,0,1,1,35.312593523900745,0.16666839565578906,1,0.0,0
0.08505413817314474,0.10885092003987572,31.275509971434246,7.3768026472462624,1.4930513097403741,0,0,2,0,2,1,30.0,0.10467922024572558,1,0.0,0
0.10866578405317,0.008295143405854622,26.122002670706713,8.558348853536192,1.0422166430970328,1,0,1,0,2,2,893.7953549982916,0.18198878260023435,1,0.0,0
0.8,0.011455729598770207,25.4484811994379,10.581284885599336,2.943516818152708,0,0,1,0,3,0,30.0,0.03257979292744683,1,0.0,0
0.05092217830285688,0.14137242628405808,28.945365937630104,11.557557671420614,2.4122206935654473,0,0,1,0,2,2,116.09813461506545,0.05663753941144657,1,0.0,0
0.09355121962726562,0.02623605234899172,22.306090116555758,7.778590999100853,3.9080108509791196,0,0,1,0,1,0,30.0,0.2087654102792579,1,0.0,0
3.826720187783854,4.514253349218108,85.0,0.06280133741487443,11.956245119178305,0,1,6,1,18,11,13.226067852377245,2.760420905221362,0,1.0,1
0.031710978590174174,0.033619768002478956,31.220995626690044,10.145684146432716,1.2002020622796914,0,0,1,0,2,1,906.4506842390726,0.3188258643414683,1,0.0,0
0.14730029107119877,0.032812128024319424,29.44402837872072,9.275715086831191,1.6832920676740857,0,0,1,0,1,2,106.2503563475691,0.008743452585928296,1,0.0,0
1.9249142006104236,3.7324298481391374,190.0,0.23034124483565344,19.738401116586008,1,1,12,0,18,7,4.83150380953973,3.9458930317861283,0,1.0,1
0.1132332870167899,0.1025182897042844,20.146636045070803,6.382283982284012,1.6114307532477294,0,0,1,0,0,0,60.01067804111459,0.36419127871814844,1,0.0,0
0.6855455864159922,0.0075185658436000835,42.811085627212464,10.770073714203479,1.9260676347430898,0,0,1,0,1,1,304.3215729659946,0.05212723418680895,1,0.0,0
0.004812687612001851,0.006407412574374217,26.02142081717001,8.024553253305776,2.3812691469679788,0,0,1,0,1,2,44.05798555170255,0.013700696985329218,1,0.0,0
0.08658300336867852,0.2970600642990024,25.470302491400556,10.007202218319629,0.996566189241771,0,0,1,0,1,0,32.30244284206183,0.018491397327589993,1,0.0,0
0.22136878451785538,0.0031668996541143147,37.98897987893391,7.5476016792020255,0.9974580379950708,0,0,1,0,0,0,252.6816555645667,0.3588728126625271,0,0.0,0
0.15782854019843048,0.0688659609834145,27.88336885110995,7.777131607299376,0.0,0,0,1,0,1,0,421.44037873677104,0.2630897661807804,1,0.0,0
0.06826789575627885,0.014086264777775677,35.37014496806925,4.469983120985819,1.2623737347291455,0,0,1,0,0,1,484.6569855493057,0.22605288596651613,1,0.0,0
0.0165570263654899,0.05064321810374759,19.107564190874314,8.571686589716098,2.9291895615477106,0,0,1,0,3,0,378.864088458947,0.9,1,0.0,0
0.0577760004859468,0.026956514091603486,35.085581354745926,12.213344675835428,3.509994324431931,0,0,1,0,1,1,121.58129160407802,0.08514171927108062,1,0.0,0
0.09127281588663479,0.07089942789584226,30.469803220873192,6.728130149069779,0.8294850698710912,0,0,2,0,1,1,173.4798920836063,0.17159482142046412,1,0.0,0
0.01054266260023261,0.07253548450546146,33.219663676941316,10.506626625629803,1.7334277150710147,0,0,1,0,2,1,62.57737232072873,0.2010289891434149,1,0.0,0
0.004313985277386505,0.08248445426447014,18.890930342446183,8.58235903389787,1.950495353934932,0,0,2,0,2,1,538.6677155732905,0.10680417533487996,1,0.0,0
0.015006554681539538,0.05650669937430299,29.42448277265011,11.560094883123258,0.1447494604473365,0,0,1,0,1,0,30.0,0.13769369195805348,1,0.0,0
0.06693770326901127,0.024349197057278473,20.154128472194355,7.445273324559783,2.7852553595715475,0,0,1,0,1,2,109.25399813742533,0.08912352054041014,1,0.0,0
0.022320292466676144,0.0012306037359911255,34.776143503538144,8.54321109518337,3.979333618383878,0,0,1,0,0,2,226.9790723442938,0.038527569383283986,1,0.0,0
3.7809716056170304,3.444219595779703,220.0,0.09435058296874696,17.81146076401225,0,0,12,1,32,6,15.249907153024523,3.5592256791676498,0,1.0,1
0.3176538903154175,0.03034328769861673,21.758069677405615,6.918578761022866,2.3577550834268766,0,0,1,0,4,2,96.28456783886627,0.06609181750436512,1,0.0,0
2.311373577268579,4.881020666918401,85.0,0.09304824246041979,15.546256061710766,1,0,5,1,32,9,17.794410807705916,3.1119931183724168,0,1.0,1
0.048095833256605706,0.016161748056317246,20.90126780730803,9.790593916862086,1.6714627779114597,0,0,1,0,0,1,30.0,0.25724484018744337,1,0.0,0
0.13715204311514043,0.17533517533747897,25.240305102046065,7.083627677280835,2.2532424223641425,0,0,2,0,1,0,167.85611140442427,0.05099145022931809,1,0.0,0
1.8506848067580115,5.16779497143938,0.0,0.13867580682910752,23.61086468166105,0,0,7,1,25,14,3.172775372781288,3.4810846007189067,0,1.0,1
0.21168767891225088,0.014400404210240011,35.08834142842792,6.65376163152694,1.5342466069225376,0,0,1,0,2,2,31.26940151810021,0.11729015493830937,1,0.0,0
1.587802780160123,2.581989920757202,85.0,0.04508982578065232,19.00891379686557,0,1,15,0,45,12,9.848758862533394,5.548504400887192,0,0.0,1
3.2092364121182992,2.75912068462533,0.05,0.011847214877344747,11.959455754287246,0,0,6,0,18,6,21.63870630737915,2.0281262681808814,0,0.0,1
0.2739698412079772,0.10391040274980755,28.689464551546237,10.780026572801571,1.4432654876752307,0,0,1,0,1,1,30.0,0.5443316322979745,1,0.0,0
0.05274581732674242,0.18225663286799088,34.9032968179676,11.532694931598394,2.2727933862859797,0,0,1,0,3,2,237.9082814208357,0.04228433469153074,1,0.0,0
3.327572244461009,3.1838504445588156,0.0,0.19028415178479618,16.913708668496554,1,1,12,0,60,14,6.106152016967446,4.417769607235888,0,0.0,1
0.006963235661380345,0.045676430308798005,13.543927522035984,7.677653208893368,1.8627089320896335,0,0,1,0,0,0,777.9350238502681,0.10841230256190149,1,0.0,0
0.1409055033081263,0.17319220137252456,25.42111578487121,9.302276522528459,1.1960616232728363,0,0,1,0,2,4,51.68216528190426,0.05972801724545876,1,0.0,0
0.031013592655073485,0.13625777836301273,20.580110543171617,5.8031449744380375,2.1220920964510848,0,0,1,0,2,0,118.33590741948579,0.043240629164390226,1,0.0,0
0.20594480961347136,0.03476260810314269,11.642633145023016,5.3717964730414405,1.2241356944397412,0,0,1,0,1,0,517.1839191343591,0.17464241324129418,1,0.0,0
0.1292829264965774,0.014347835139825613,25.984276587700155,10.534295348758626,1.066365783410557,0,0,1,0,4,0,30.0,0.16864005920889294,1,0.0,0
0.19115772699727687,0.09299653319216138,22.26519461923843,8.785242785337765,1.6242820909462832,0,0,1,0,1,2,234.4851659687509,0.6466505272252758,1,0.0,0
3.762357133213572,2.456926333728738,0.05,0.14358564664687268,8.59512023380928,0,0,15,1,60,12,15.907592388963181,4.4010437584207205,0,1.0,1
0.1159605553096752,0.029600282845807294,32.39525052297624,10.043700971613589,1.8285420693591603,0,0,1,0,1,1,117.92685416910508,0.034590685829589025,1,0.0,0
0.06060961575590156,0.13800555637585696,21.39132097441688,5.39308773267347,0.0013944334444930817,0,0,1,1,2,0,30.0,0.22924965595427982,1,0.0,0
0.06507945644340866,0.17086727275546834,15.430047805945552,10.41172121304996,0.38764236907462646,0,0,1,0,0,1,116.61093743949354,0.07613356749370538,1,0.0,0
0.024089562844137793,0.005467044687225527,25.207890538807412,8.052121151373452,2.0335515968182425,0,0,1,0,1,0,430.00480411068304,0.01763593490407515,1,0.0,0
1.5129502392008067,1.8297206048240184,85.0,0.1332678444439343,14.300297002219677,0,0,15,1,25,9,15.922434738676564,5.288030712054478,1,0.0,1
0.10966860573105888,0.23753358544585368,20.76336312005936,5.3533061007885205,1.5879443452394233,0,0,1,0,1,3,1494.5424346100685,0.037006905309969765,1,0.0,0
0.10071242346652595,0.05179586985300472,15.807674546574965,10.422720719637626,2.7802224746014357,0,0,1,0,0,1,574.0871767976802,0.027767891178502088,1,0.0,0
0.1341231649326738,0.010314050355288516,20.67579534902403,9.317369524550816,1.615369867928766,0,0,1,0,4,0,405.26733375960436,0.05219941734295611,1,0.0,0
0.1254671136987758,0.2696996550914983,28.02537233950089,7.605509790425386,2.9183631149338707,0,0,1,0,0,2,73.87677151711553,0.20043160647397631,1,0.0,0
0.9012298208908787,3.5264723739209836,0.05,0.03682544142934813,13.99361555068376,1,0,7,1,25,14,11.72194103949095,2.6504706291216857,0,1.0,1
0.011504943602256793,0.0063123440451403915,27.687302945034784,5.8293549224889905,1.9049579963070795,0,0,1,0,3,1,30.0,0.4820910637535982,1,0.0,0
0.017024783022958956,0.058192058193796456,30.52258268848298,8.564853208374007,2.2629861241047156,0,0,1,0,2,3,829.2733559704702,0.14107337811938955,1,0.0,0
0.06085857253749111,0.16548571337693507,17.681307304819505,9.667458723043639,1.7934919413001167,0,0,1,0,1,2,328.789384493597,0.08458391701301829,1,0.0,0
0.04147433615019592,0.038652228183583055,25.461942150974366,9.720879998633698,3.2515793826826966,0,0,2,0,4,0,36.63389624415281,0.39174473163196544,1,0.0,0
0.0013640274794901879,0.06510092341661398,24.790306536746154,7.276173894716359,2.277842809471848,0,0,1,0,3,1,74.99514179692606,0.33069535471881806,1,0.0,0
0.17215644350603465,0.0328600483147812,33.62740666036413,10.187657548971249,1.1802686435611403,0,0,1,0,0,0,107.30314432947222,0.2609477108525021,1,0.0,0
0.059065265311341465,0.13738915524716805,27.132540784219042,10.473028007608402,3.0135261350909857,0,0,2,0,1,1,60.15456538179492,0.29027883948295846,1,0.0,0
0.2519298976904336,0.0007302859110925246,5.398009041697868,6.588491284354712,3.0162879427566356,0,0,1,0,2,1,30.0,0.1972782885733408,1,0.0,0
0.028272340590031583,0.1526174895433432,30.33358218571607,7.658028263973648,1.389850254419855,0,0,1,0,1,1,56.81891951922293,0.06139120279026636,1,0.0,0
0.1401112357316175,0.1166175215292242,22.796261049080968,10.612060743131428,2.4720966910550963,0,0,1,0,1,1,492.358419357356,0.23462377584992705,1,0.0,0
0.012747040257795625,0.03882768209144267,15.663399435373627,7.5529532368916055,1.795139365728615,0,0,1,0,1,2,498.7972574825951,0.07724504421278823,0,0.0,0
0.02101952928054714,0.015630776917533746,24.264587819798937,10.072596461800556,0.45000082150399234,0,0,1,0,1,4,502.22347311956736,0.1854107706733099,1,0.0,0
2.9268543387192647,1.0996477456852705,85.0,0.08513237407782656,11.944868927031079,1,0,15,1,18,7,22.85259980951571,2.8638841128795303,0,0.0,1
2.8642552485956023,3.2125105875284543,220.0,0.2022556992117587,16.67426013285944,0,0,6,1,32,9,4.066534401704039,4.092444709618424,0,1.0,1
1.9018781109988576,4.06712903993265,85.0,0.03904899195491027,18.23985116217405,1,0,15,1,60,11,7.780664612688672,1.5,0,1.0,1
2.6758416852831073,4.361149943077219,190.0,0.0075221365961294084,12.383130133303972,1,0,8,0,60,9,11.908144535702672,4.506050346844559,0,0.0,1
0.022924043589142237,0.01573179447909057,17.910046975581594,7.506073734158997,3.4639007861743227,0,0,1,0,1,1,59.37448139758543,0.0285485440497605,1,0.0,0
0.14831295312805434,0.006639676320275141,19.970983283298693,11.206870125815502,2.1591652603213882,0,0,1,0,2,1,141.7840274071674,0.20135508082066447,1,0.0,0
0.06578888227724851,0.04838842592375376,32.26451043095892,10.5904151640645,3.401069355627171,0,0,1,0,2,1,84.26756867940806,0.12753889815556071,1,0.0,0
2.202191840680659,2.792401423417248,0.05,0.1142200663267963,16.571370929553055,1,1,6,1,32,6,2.4806213709031173,4.137929885160087,0,1.0,1
0.0267086134162672,0.014736578278883044,29.754724531933032,9.198585544708415,1.333443768766954,0,0,1,0,2,2,47.18109460897001,0.2716073775254907,1,0.0,0
0.13122956207060077,0.07432399350423621,36.543030685424625,4.185926549553299,2.9955185771629598,0,1,2,0,0,1,446.88058953313026,0.1256406403320118,1,0.0,0
3.3078368519403267,4.016559396166954,85.0,0.07360537615025958,13.100184700190594,1,1,5,1,25,6,9.983418067317672,4.562091113990905,0,1.0,1
2.54558506526372,2.477770162885229,220.0,0.14026638584637702,23.885882194982884,0,1,8,0,25,11,18.579849054794167,5.906247134441353,0,1.0,1
3.9487706309996913,4.7576302229378555,0.05,0.034326550105348436,9.949075497985898,1,0,5,0,25,11,3.320578476435844,3.825785439290016,0,0.0,1
0.00789074785830378,0.08834146714802284,17.81479314439472,5.964844590933845,0.8453814324622733,0,0,2,0,1,2,121.41991145460736,0.003546291971839083,1,0.0,0
0.10012397676895242,0.06183176563708794,27.826063223053833,9.353580386517288,2.3022705129545167,0,0,1,0,1,0,101.99074916201567,0.1113375554914745,1,0.0,0
2.89945476170331,0.8340114308970832,85.0,0.09097419501662732,12.101904107344225,0,0,15,0,18,8,1.3895314367183103,4.663991982650691,0,0.0,1
0.47677961615692893,0.07864599674746627,22.355585754063906,8.079688791618251,2.3688244122486615,0,0,1,0,0,1,155.39339374531264,0.055918285460697506,1,0.0,0
0.21703281735754623,0.058826834260685294,30.628070500629427,9.519002765648812,1.5283574213648414,0,0,1,0,1,2,30.0,0.3323492698178468,1,0.0,0
0.17133445456146,0.10325263602418154,10.11645908933319,8.486792179033271,3.5875809128423666,0,0,1,0,3,0,51.21030819271774,0.020504771764887308,1,0.0,0
0.03403942755548727,0.016539553239637378,28.58947929103073,9.032430520305814,1.4453331254119317,0,0,2,0,2,1,173.47103984550984,0.07548178908877788,1,0.0,0
0.005095407960126203,0.004800200849142874,26.6772844290716,12.026597600599139,4.060214072624681,0,0,1,0,3,1,1029.937112178035,0.009606304721775013,1,0.0,0
0.015937178796550645,0.1100203287956064,31.78301931228361,7.886011908233196,0.0,0,0,2,0,3,2,87.86862694770737,0.2759790427461789,0,0.0,0
3.589887097957761,2.6914967941933314,0.0,0.02829823184978869,12.022046693358934,0,0,7,1,45,9,18.69903936480617,3.4411029945985705,0,1.0,1
0.029539915573409316,0.055860433509265284,17.440748048832774,9.204023182181729,3.442940067837931,0,0,2,0,1,0,145.79831777729552,0.48168092398986123,1,0.0,0
0.02961766281601307,0.03196105140994343,30.499020068420386,6.809539789126292,3.8965829224863073,0,0,1,0,1,0,316.8771853206624,0.379975246888695,1,0.0,0
3.7549531951174995,4.293543102895768,85.0,0.08844185446226505,16.11915227955856,1,1,12,1,60,9,11.006564018551169,4.452832929447911,0,1.0,1
0.8,0.13347812754094077,33.776378013141034,5.960153825344905,1.8385528668301327,0,0,1,0,0,3,250.65549356737438,0.015109761163612455,1,0.0,0
0.0030856978479176433,0.04297737117136961,36.03682987061892,8.17417561324753,0.9216358362051347,0,0,1,0,2,1,240.87607357387964,0.14197037840264615,1,0.0,0
0.0044895079005834995,0.05347134478948879,33.21307149945754,8.333335598751306,3.2445489907630587,0,0,1,0,3,3,423.30018865376627,0.24428740274169192,1,0.0,0
0.12398925569424299,0.024380107217428736,6.325601783673413,6.924483484759121,2.429088403610932,1,0,1,0,1,2,30.0,0.018361005007504923,1,0.0,0
0.029617034840340666,0.048052298622576095,39.040083849801235,9.564232268372763,1.953991171287388,0,0,1,0,3,2,269.4734962438194,0.19030624199782475,1,0.0,0
2.219659458530089,3.794233826179701,0.05,0.03906438040159865,17.581844417556525,1,0,8,1,18,13,18.44380183399254,3.8433565593443193,0,1.0,1
0.07882300323237534,0.015290651558538025,27.625361532496292,8.005214120105128,1.09586115689852,0,0,1,0,3,3,33.37202390110797,0.07169460043652492,1,0.0,0
0.1664829578783757,0.08972254750639713,17.47276753234877,8.873854105108995,0.9508712701121464,0,0,1,0,1,1,38.85731352790685,0.10968711452569616,1,0.0,0
0.001581713379079107,0.04321801243593944,20.740581712776407,8.355414680571029,0.707033987596472,0,0,1,0,1,0,563.6545607992584,0.004591253110572026,1,0.0,0
0.13836096225861347,0.04182831242978546,21.233638196050137,10.2138105410102,2.3145527958573844,0,0,1,0,2,1,178.89596664137807,0.15608528903099808,1,0.0,0
0.469638371709671,0.035990169372105564,25.772632749105338,7.250377590928221,3.8044489719871244,0,0,1,0,3,0,30.0,0.02580612328592999,0,0.0,0
0.11189927363587074,0.3004618617781971,17.898089468491964,9.216668142393843,2.9546668160293867,0,0,1,0,2,0,30.0,0.14152509400532257,1,0.0,0
0.2214445190474366,0.1264426028736993,21.98326060262917,11.222074721865614,3.6592706642191906,0,0,1,0,1,0,92.81541535396892,0.10668118726451761,1,0.0,0
0.09122235372746518,0.056136853146573476,30.580716938425343,10.577455799829824,2.5422593912485505,0,0,1,0,1,1,249.06321983789167,0.044598688887509536,1,0.0,0
0.014959323456641728,0.07798592458829075,8.657457169596881,10.316180596524278,0.8026023136996998,0,0,1,0,0,0,30.0,0.06086858326444316,1,0.0,0
0.19177956362607448,0.008972197860591363,16.238300934941662,8.659713671538608,2.78584641315615,0,0,1,0,2,1,43.307916496798,0.04610384659884881,1,0.0,0
0.26782356249861927,0.07803105601962808,11.901557080335657,8.429366280810209,0.7156305916908259,0,0,1,1,2,0,30.0,0.1732180953787228,1,0.0,0
0.2706920105196736,0.06986521938572963,15.900996497981012,10.240120433814967,1.7952147423942642,0,0,1,0,0,1,464.376141338302,0.21542475248760554,1,0.0,0
0.376808960359678,0.06371779883873903,31.763497806340208,11.26611479716321,3.291997626126056,0,0,1,0,2,2,30.0,0.15812098303497077,1,0.0,0
0.06194292566979991,0.008398973235759775,30.75566961108334,6.903054406400735,2.5282607606644376,0,0,1,0,0,0,41.93738026549575,0.183511173016424,1,0.0,0
0.04258271880958717,0.06328107933971204,28.231658377397792,9.728211610579368,1.9848864099140522,0,0,2,0,2,1,104.6449457424481,0.4301720220069548,1,0.0,0
0.12046053925651659,0.03158222420347246,15.478671984497636,9.42893493944712,1.3831446668964227,0,0,2,0,1,2,30.0,0.7380959591272152,1,0.0,0
3.2692201693068843,2.7044090479823004,190.0,0.0515783008194213,12.422085668658031,1,0,12,0,32,11,16.866361301390555,3.62771809124617,0,1.0,1
0.05694680649805609,0.0034605375278433615,10.547167040300515,7.079458203376184,0.0,0,0,1,0,2,1,30.0,0.3039511365280554,0,0.0,0
3.8201964454039525,1.7399286833566525,85.0,0.1640858452340516,16.190783733002746,1,1,8,1,32,12,21.075261865796115,3.3501414073692315,0,0.0,1
0.05826009771260517,0.05731919222749288,24.651754928674357,6.82310349820485,2.4834947019642915,0,0,1,0,1,1,201.1185981756259,0.09057313288391748,1,0.0,0
0.038901221175438094,0.022290384676408825,35.01903535752372,7.503616158597122,2.072689463035433,0,0,1,1,1,1,36.20866161891681,0.19458439219913537,1,0.0,0
0.020374032395941273,0.02390488070502316,16.3589315750953,7.2324227084444,2.482665026041307,0,0,1,0,2,0,123.48799803908601,0.36929283740694857,1,0.0,0
0.08698032824373253,0.22679653233233527,23.83202431735399,8.048036909311875,1.3494580039584303,0,0,1,0,1,0,308.55328005969204,0.11386391284838027,1,0.0,0
0.15911151383666428,0.1890287635895804,30.268164063356934,8.899964399727374,2.217420642436296,0,0,1,0,1,0,30.0,0.5957553957411775,1,0.0,0
2.5696960078026283,2.8104710205665118,220.0,0.24237342526889552,19.740735248990497,0,1,7,0,32,14,2.705795119688722,3.1709116158102564,0,1.0,1
0.13361295402229226,0.004045294144956759,41.467239032296646,6.67439102679761,2.568352148542643,0,0,2,0,2,2,182.28497509774945,0.04566789029255801,1,0.0,0
0.2727576668966613,0.11895501630509772,34.19134633849393,11.086296150042543,3.2867988527259016,0,0,1,0,2,1,229.12086747031069,0.030299202300464234,1,0.0,0
2.687646419697481,2.2654049878497093,85.0,0.07496755182339357,17.777934141663525,1,1,12,0,45,10,13.653449637110764,4.652604118309977,0,1.0,1
3.871920604083495,5.273199057532645,190.0,0.1481401654131432,10.17643533081138,1,1,6,1,60,8,21.43977890801694,3.5631200902021383,0,1.0,1
3.9112013660143172,2.759652173129047,0.0,0.07976458915420687,24.3295126969258,0,1,15,1,60,8,12.808160715386252,5.640323077601794,0,0.0,1
0.059164271405773024,0.02266837413647527,19.17883216672793,2.990956743203254,0.6455103826376496,0,0,2,0,0,0,115.00679167195992,0.03732718081897627,1,0.0,0
0.20310374253296645,0.21446249652882252,27.003923414770334,8.20568938956628,1.7814416616615836,0,1,2,0,0,0,328.82740963220147,0.06781051637674923,1,0.0,0
0.07896421037578157,0.031919574482946196,35.492746999472274,7.720475727767138,2.755027793519648,0,0,1,0,2,0,31.34777078985649,0.2299615810273463,1,0.0,0
3.3233359401009492,3.011909479222763,0.0,0.06424943754357446,16.314105680552608,1,1,6,1,25,14,10.759224302443164,4.0342882009001,0,0.0,1
0.029946632266863015,0.04228153680407499,24.984764159301044,8.335726672891907,1.7538401756814783,0,0,1,0,0,0,424.41256733606957,0.3520680842010017,1,0.0,0
0.1281101028821051,0.19175657521026157,19.997902993169482,9.369785925354677,2.818908306347284,0,0,1,0,1,4,182.53904154698162,0.36365000025683675,1,0.0,0
0.12852671081655714,0.08223996701068904,35.545251066397896,8.197274192848516,2.18056093819747,0,0,1,0,1,1,48.76091762313287,0.04911164710630389,1,0.0,0
0.004110781827309574,0.02386596095172381,21.485728989489637,8.417084075340428,3.1073105339393425,1,0,1,0,2,1,105.82803540096616,0.19127463910160408,1,0.0,0
3.9611088171357194,2.6428927902389487,0.0,0.016120264028540027,12.115229988070476,1,0,6,1,25,11,21.153869559728726,6.133385728104571,0,1.0,1
0.002433043290037742,0.06803467333702848,23.754512967036007,2.334875649713525,1.9622582037913996,0,0,1,0,1,1,183.41381330883993,0.09990960796020913,1,0.0,0
0.16237384277882494,0.014763327311937469,23.281121313078575,8.52138662359296,1.6037646899308313,0,0,2,0,1,1,510.2291046277847,0.24263813364932876,1,0.0,0
0.08066611994054895,0.023356512300388918,30.791402934870973,11.14509692566332,2.938595803175112,0,0,1,0,1,1,165.73383366145902,0.12165621825499778,1,0.0,0
0.047078350864303134,0.04743988731397805,27.966499478634784,9.145341261484022,3.6484126076944867,0,0,2,0,1,3,220.87686928816433,0.041099014841015656,1,0.0,0
2.523620498266716,1.335036206235104,85.0,0.23266615550505765,12.328268743936412,0,0,6,1,18,10,14.04722229951754,3.4588506412837625,0,1.0,1
0.033323136391278395,0.14678079558754145,37.88336645796539,10.052587181494644,3.031761904499625,0,0,2,0,4,2,77.54897381967783,0.45791214629519406,1,0.0,0
0.035007042809658856,0.0399032158382297,19.069904002678026,7.566289179200161,1.0947438402235568,0,0,1,0,0,0,89.34273303353207,0.4150585008375927,1,0.0,0
3.8260287323886377,4.769228908917443,85.0,0.20965983323870085,13.852985612068904,1,1,7,1,25,8,1.717168844259331,3.7080318238189958,0,1.0,1
0.05527983333441124,0.27341835930155944,17.85897999551589,10.70634787758728,1.8861796738164167,0,0,1,0,2,1,30.0,0.1759746857916431,1,0.0,0
0.01450271338447955,0.12458204843709063,26.070148062183982,13.90173293909919,0.0,0,0,1,0,1,1,190.40771270476864,0.1560795000177646,1,0.0,0
0.21007927009423358,0.11475232991894103,32.44356702545975,11.681670667853943,1.1775926227278628,0,0,1,0,2,1,46.6914664760637,0.06084822588397723,1,0.0,0
0.05514917442637766,0.001796240455659148,32.01589978331617,9.82535671537233,2.6779632895993344,0,0,1,0,2,3,30.0,0.3924302759084126,1,0.0,0
0.02299873308202108,0.06291426118094015,37.12926916367486,4.845608125057479,2.481741032587626,0,0,1,0,1,1,245.03171695744223,0.08032115737513612,1,0.0,0
0.10341442091275738,0.1444224560812085,12.011585229987617,10.974301950957432,3.3773665787811513,1,1,1,0,2,0,196.79453553734135,0.2948724833214746,1,0.0,0
0.20821619905813876,0.10195621935936071,32.55466094231635,5.7978510830970045,1.9008794808433769,0,0,1,0,4,3,194.16790239814605,0.14312579971803704,1,0.0,0
0.12345627717634469,0.06225556736389796,19.995867763764863,8.166320664612158,1.7111075856659526,0,0,1,0,0,0,254.89591132289135,0.13384147357123063,0,0.0,0
0.23121477213079894,0.2193157648717724,18.9929331886203,5.7339643825110524,2.867579477506272,0,0,1,0,0,1,30.0,0.348781612750761,1,0.0,0
2.423449798583171,6.365525221873154,190.0,0.1893532447189327,10.042815578919518,1,0,12,1,18,6,3.2164483893259765,2.25726210591322,0,0.0,1
0.08019843955942997,0.27012819179790987,35.3990530294583,11.850259879380452,1.4467323413132394,0,0,1,0,0,1,142.97692567290517,0.44043123248124627,1,0.0,0
2.5260666601202795,3.5281982775003558,0.0,0.1560370003992247,10.748685438554158,1,0,12,1,32,7,11.583923961641567,2.2099707301258418,0,0.0,1
0.014464694567816311,0.00953845909166885,30.657341741562124,9.902262401425837,2.913280618040284,0,0,1,0,0,0,43.8921239790085,0.07058931148286954,1,0.0,0
0.13795634819815464,0.06418126308632034,23.676945967246144,7.108340107215449,2.395804940730208,0,0,1,0,0,0,871.8541839489127,0.35474993512885966,1,0.0,0
0.08844176664683452,0.009800632554628558,30.117100851051056,6.680735654510595,2.2932713754434304,0,0,1,0,3,3,295.6072560112563,0.021666175634671672,1,0.0,0
0.21941466770577436,0.030054881249842264,19.265011402667305,10.505619503910282,2.8403635995547787,0,0,1,0,1,2,30.0,0.16478547405451255,1,0.0,0
0.09695332022354117,0.020879709540086912,32.536672982524976,8.100140153763167,3.908776273377736,1,0,1,0,3,3,85.66845976828952,0.6873218244298059,1,0.0,0
0.26502705651141006,0.17077422489099334,19.79352581556781,7.332558708621148,3.5997042010481026,0,0,1,0,1,0,193.7134652312965,0.13111221557385408,1,0.0,0
0.03557123371003817,0.038693306922423815,30.817817975406896,5.180188874989635,2.5094948616555284,0,0,1,0,1,0,83.65370047638467,0.27794677541730556,1,0.0,0
0.10184948911095752,0.04501393673724521,27.498776876002935,10.015468228419808,1.6636899545493553,0,1,1,0,3,0,202.17334227655212,0.44752313829218776,1,0.0,0
0.07428894223996511,0.21474445737344453,27.427607002611964,10.273905214946343,4.258460796154644,0,0,1,0,0,0,191.08614071156592,0.3061291880182112,1,0.0,0
0.08831603463579435,0.054591940204214505,31.482089592092223,8.577789032472488,2.8488367959795218,0,0,1,0,1,0,404.5431536214506,0.07718783501333663,1,0.0,0
0.15826863255060514,0.13082937874415185,13.622901617727377,11.418321988377382,1.7904716184829446,0,0,1,0,2,0,196.6177897007386,0.15099785727938303,1,0.0,0
3.7355152492490658,4.597550874572653,0.05,0.05749029632127556,10.370638255959475,1,0,5,1,25,14,22.27836885799706,3.3223975195493063,0,0.0,1
0.12080574213999311,0.003571420138827156,21.062782932589062,11.124415987203063,2.378353969352728,0,0,2,0,1,2,103.19261146107061,0.6952551644884707,1,0.0,0
2.860174598881032,4.872192894302375,0.0,0.18833019765738407,12.428672962143182,1,1,8,0,25,7,6.702787185395567,1.5,0,0.0,1
0.23383537123031325,0.08042179065243621,26.957225518539243,10.878566906879286,0.20383534083141863,0,0,1,0,1,0,203.460026363115,0.1687203567291095,1,0.0,0
3.1653479885459377,1.729883584353979,85.0,0.14062035655170996,14.709105636892374,1,0,6,1,25,13,4.132274024024801,1.5,1,1.0,1
3.521628848111659,3.9101491772446146,220.0,0.2488714124075626,15.4520401095701,0,0,12,1,18,11,19.999284687715104,3.5807633536115198,0,1.0,1
0.2955951282303375,0.17414349520838962,27.44997605744998,9.896798242658802,2.3539819326710067,0,0,2,0,5,2,30.0,0.19223169917146432,1,0.0,0
0.1812068252485087,0.0264958247184658,13.428120857911836,8.809700896620768,2.097040627244489,0,0,1,0,3,0,30.0,0.10908665399910318,1,0.0,0
0.039185774235737464,0.030345024169332706,22.838512375761372,8.973084387229726,1.0829719712592096,0,0,1,0,3,0,208.09479594528665,0.015533555715767925,1,0.0,0
0.1270679695310664,0.02071206084805813,30.193628314846663,3.6692734758429406,3.794688947162549,0,0,1,1,2,1,63.59481518401647,0.9,1,0.0,0
2.043892621991285,1.2496408143647297,220.0,0.08219250310357654,12.718642299724964,1,1,7,1,32,9,9.78235011921625,2.224769833332619,1,1.0,1
0.015155205912968032,0.07020884180282398,39.67061187799655,6.677145124924072,2.4995007969689036,0,0,1,0,1,1,73.20355345838922,0.04536573334424614,1,0.0,0
2.195750638542102,3.1690492278628066,85.0,0.2197880769031083,17.922291295688943,0,0,12,1,45,6,21.166398535420377,5.654987714449628,0,1.0,1
0.10830912570471864,0.10763161938568468,16.137274772455726,6.142617736407491,0.0,0,0,1,0,0,3,52.4084209799199,0.9,1,0.0,0
3.8839967327058753,5.650180285945202,0.0,0.078181459498504,5.830326138652033,1,0,6,1,18,9,2.1101535960666524,5.3607785591038875,0,1.0,1
0.047202662452798416,0.343897343092028,32.08700763057395,5.719141988420381,2.8550016347102223,0,0,2,0,3,1,137.7678740506946,0.23528125799943267,1,0.0,0
0.00410298299255398,0.023066096709022994,27.528371253095123,7.783211033943953,1.4259352864319619,0,0,1,0,2,0,278.43736627901507,0.12132454404423837,1,0.0,0
0.042169762767876665,0.23851664572516046,23.262827331940965,7.991251165946876,3.530172055220521,0,0,1,0,2,1,141.994317552259,0.16110042495915528,1,0.0,0
0.04547167507248615,0.027090827782961017,36.39249303313555,12.28168084007833,3.0742732974201217,0,0,1,0,1,1,30.883686096781897,0.07877387101948476,1,0.0,0
2.303579502196335,4.16610863179284,220.0,0.09111948968793857,5.0,1,1,6,1,25,13,10.081265539096123,2.769556772719662,0,0.0,1
0.0011782674461475872,0.10003132515360816,28.337756047733333,7.283521703870921,3.370695988904976,0,0,1,0,1,3,137.14547692582087,0.1712886393826809,0,0.0,0
3.435816452663208,1.9132963240584493,85.0,0.11167612954560863,10.559088058369998,1,0,8,0,45,7,8.410158028690018,4.398904819294868,0,1.0,1
0.15282338333573833,0.14307515302875248,15.240817992104496,7.055399624092815,3.459329651601532,0,0,1,0,2,1,526.9322076913862,0.14152062095540516,1,0.0,0
4.476429609943496,2.4341253226531925,220.0,0.2465664343427212,5.0,0,0,12,1,25,11,11.416413667381466,2.9479984956581196,0,1.0,1
0.016449079437646195,0.036537013348143986,28.929601914099383,9.360178312343505,4.360882171812967,0,0,1,0,1,0,197.0631034495155,0.1908199168075659,1,0.0,0
2.376177544837692,4.531468261834833,190.0,0.24597722658301355,17.13274373235521,0,1,8,1,32,7,2.981985935144981,3.3049377005131975,0,1.0,1
0.004144262825305417,0.007498548887701642,31.78146508121457,12.538398505422528,1.0329141272004594,0,0,2,0,1,3,76.56309564372205,0.13103720696318188,0,0.0,0
0.1307599107711214,0.12535270436497226,33.40572499687155,6.644571415431264,3.095873454976826,0,0,1,1,1,1,197.74861549666718,0.114218195227276,1,0.0,0
0.024124452477462345,0.24085908569516823,22.559189103351667,12.10882165339685,1.816683157976696,0,0,1,0,2,0,30.0,0.29294195204078466,1,0.0,0
2.505981598141577,4.476047972769159,0.05,0.1149826170059598,16.24918687927306,1,0,8,0,60,8,4.221084204699678,4.505087152276385,1,0.0,1
0.5948194329511239,0.04209986047521192,24.559120980550592,9.325282722885932,0.0,0,0,1,0,1,4,146.62812802527685,0.408970376109439,1,0.0,0
0.034097051997575505,0.02019446313448741,34.22333260163127,11.682430581764587,0.0,0,0,1,0,1,2,82.48651912685531,0.05784926063768258,1,0.0,0
0.034328690434732176,0.0019414029207165176,23.260900770711356,9.356508795033726,3.394339052054688,0,0,1,0,1,1,78.92587809557207,0.28683406924504057,1,0.0,0
0.04333848480618602,0.16019546303682985,26.506018429874086,8.78101780857121,1.7109987813987828,0,0,1,0,1,1,335.1495439383322,0.07191415128582378,1,0.0,0
2.046373235124509,5.148125583084068,0.0,0.011108943696406526,20.86900275525197,1,0,8,0,45,7,4.543169852967696,5.612632236229219,0,1.0,1
3.1903911772464024,5.147642165960413,190.0,0.21015760643933754,16.013354644393345,1,1,6,1,18,9,4.306393398488085,1.7286731291386852,0,1.0,1
0.0010683357206742283,0.08183957043339461,33.7452323956845,8.189875910603043,1.683454296790258,0,0,1,1,2,0,30.0,0.10428404210155728,1,0.0,0
0.1607068282886271,0.46447858092275845,21.721680484247997,7.452628934646211,3.021397683840398,0,0,1,0,3,1,30.0,0.009974765422784436,1,0.0,0
0.07543899147730113,0.08405367856233519,29.705099537605683,7.666589032817885,2.5702527235436246,0,0,1,0,1,2,373.88970337643855,0.21756668252629874,1,0.0,0
4.011402321076368,3.537327439579658,220.0,0.22707217570106994,12.063154524991344,1,1,7,1,60,11,24.013245517884627,1.5,0,0.0,1
0.08133851310642588,0.1946224011972592,33.232329050542035,4.313643955217682,3.4301727436187797,0,0,1,0,0,0,61.648360518224855,0.44493475415663497,1,0.0,0
0.05677434789812845,0.04864079939312526,21.687501492645733,8.714571732193157,3.9373842411793847,0,0,1,0,1,1,38.59569820692732,0.3308321992787886,1,0.0,0
1.8692005914501122,3.4180269001873067,190.0,0.19674284850027535,16.076813040126158,1,0,15,1,18,11,5.595391418554439,3.7677647664954206,0,1.0,1
0.09494299146472851,0.023519677103128696,14.706422346565422,5.126859513837129,2.5034122121999127,0,0,2,0,1,0,52.755078313581365,0.3978755353714636,1,0.0,0
0.02409661034503506,0.021223456267212892,27.312215674622376,4.930112061616285,2.963951251054712,0,0,1,0,1,0,30.0,0.10781307814639743,1,0.0,0
0.05821018114189011,0.05809460278427468,35.933450893502645,10.41481969046438,3.744311252423273,0,0,1,0,2,0,448.78226443459687,0.09780674554147017,1,0.0,0
0.2089377495533372,0.05024489392127137,27.51682368248371,6.775386127672638,3.2687805884138417,0,0,1,0,0,1,30.0,0.002054266354199245,1,0.0,0
0.017655653858342404,0.1159042695350224,28.131445411761014,5.931256048981602,1.818265755146381,0,0,1,0,2,1,592.053096027282,0.21531428218899698,1,0.0,0
0.13681773543304424,0.016851237694340063,14.301969846432558,7.957769703276181,2.874169871896499,0,0,2,0,0,1,185.58222500875837,0.4430817939940667,1,0.0,0
0.11182172431063417,0.08388435010465127,35.79592548657718,8.373804894091307,2.491779889600691,0,0,1,0,1,1,52.26887421455167,0.6710539741469186,1,0.0,0
0.05171707692876892,0.16597098831670504,31.60827234791728,8.714290659475136,1.9092532426608773,0,0,2,0,0,2,195.2009556432166,0.2584255191704824,1,0.0,0
0.010142333668267025,0.06206350545133923,29.424248454464557,10.673726979443671,1.3607838592132782,0,0,1,0,0,1,78.62038877333399,0.6049247785887295,1,0.0,0
2.2163804305422543,1.4608810671353392,0.0,0.01827110978276328,5.504093696047354,1,1,8,1,45,8,15.915012248130783,3.7101748934755854,0,0.0,1
0.014065469678322048,0.002682635253761941,24.592728596933554,7.816763066459368,2.352749608625513,0,0,1,0,1,2,30.0,0.14437652144371466,1,0.0,0
0.045741866413605975,0.1019439574026189,29.517823725179273,6.383698015058627,1.8064542508324113,0,0,2,0,1,1,43.6882240634441,0.009578955158595207,1,0.0,0
2.9701952418671724,3.489940295629627,0.0,0.18763468855544788,16.762839017284737,0,1,15,0,45,8,8.023832442544943,2.9789722674766006,0,0.0,1
0.04681492793187965,0.07451539582145257,31.14958600548958,7.126239530423744,0.891983606019233,0,0,1,0,1,1,112.52062669781459,0.04049894131094649,1,0.0,0
0.04906639635242734,0.011047126919628438,25.913438432303447,7.598586881645482,1.1654851444278582,0,0,2,0,2,0,30.0,0.2274063844032977,1,0.0,0
0.047223850416370415,0.03409453809178587,23.33680867083554,5.957431501771795,0.4609450784295315,0,0,1,0,4,1,92.30870007939711,0.16432560377259853,1,0.0,0
0.27122905450645557,0.12621088060647304,38.639682146813854,7.127876946912642,1.7929760393139687,0,0,1,0,2,1,156.8805193433122,0.040313949986951265,0,0.0,0
0.039426709789682324,0.023310136197421824,29.940374621995595,8.074042686899578,2.100622110835442,0,0,1,0,1,1,352.8100342957447,0.027496723601612944,1,0.0,0
0.08275975395115313,0.05512422074550801,19.008253914661655,9.12941988478152,2.5408282103844915,0,0,1,0,0,0,30.0,0.25357077470798667,1,0.0,0
0.0304816028483226,0.08116641093116136,23.6795042819034,6.9690375591158285,2.8686540584366282,0,0,1,0,2,1,312.8018168373031,0.026920450583626177,1,0.0,0
1.5304865222631039,2.3231769183329325,220.0,0.1967642544360581,15.682415256139414,1,0,7,1,60,7,5.781549857979159,3.668584952294836,0,1.0,1
3.5487960494706847,2.5039680906417616,85.0,0.19365077766998443,9.871553734769439,1,0,12,1,18,13,15.76058967739781,3.2809293992883637,0,0.0,1
0.02130870525582115,0.0451814599061565,12.537485996531736,7.186846073306157,2.55710244693614,0,0,2,0,0,1,100.00749862274182,0.17720607790330978,1,0.0,0
2.7487110595854984,3.347772748721517,0.05,0.22388910850802057,15.169219418216166,1,0,15,1,45,7,14.03212913049713,6.017195114057702,0,1.0,1
2.330613681360031,2.268959042763798,190.0,0.22512017638739593,15.91788222201391,1,0,12,1,45,7,20.27003773954613,3.7349586205572463,0,1.0,1
0.029547030712912,0.06418561806696026,30.379092155725004,7.8694436250957125,1.1636615003353723,0,0,1,0,2,1,208.51521503471778,0.23595100176692396,1,0.0,0
2.8765501408959673,2.603716269222446,85.0,0.0018997009325511238,6.024448265559965,0,0,8,1,18,7,13.946367783736543,4.0061600421253,0,1.0,1
1.6555736726223456,3.1363719194461144,0.0,0.13727721154279873,11.112602815793611,1,0,5,0,18,9,18.215529751253396,4.29383349899574,0,1.0,1
0.07261413909020555,0.1654486760420728,9.320663535488546,7.547979999958297,1.620790470073442,0,0,2,0,2,0,30.0,0.06949122965628811,1,0.0,0
0.06436709327225065,0.03398495341616667,32.00861262380489,3.2466304880027765,2.414874899089105,0,0,2,0,1,0,30.0,0.021554520389583092,1,0.0,0
0.18143199964604437,0.06855679250030255,20.18098473162677,10.25241198334332,2.2075282778634224,0,0,1,0,2,2,1346.3929674057313,0.06202322835574314,1,0.0,0
2.8129706959885104,3.5107701655622825,0.05,0.2174822848394036,14.412933802560815,0,1,5,1,32,7,16.822612974085256,4.444798673685806,0,0.0,1
0.12019304008863932,0.053649027865163755,36.785266635617404,11.21671433286121,1.9445759380175782,0,0,1,0,1,2,176.48260481435153,0.2929379230708113,1,0.0,0
2.3751221602852435,3.0067793981061692,220.0,0.03242618195534905,9.79831998438818,1,1,15,1,60,7,12.17923234614185,5.819607972182494,0,1.0,1
0.20502434953252532,0.04376832276081074,24.793251101335382,9.63461125058452,0.9321237730683414,0,0,1,0,2,0,49.779606371848026,0.0460259065896904,1,0.0,0
0.04485494612229454,0.14926291486842289,26.221123043068047,5.140509346962009,1.297458370448374,0,0,1,0,1,3,660.1660644729916,0.6217411924239538,1,0.0,0
0.038433759432335145,0.04236361686424032,21.053316271488015,11.541702464127559,1.6714467482097026,0,0,1,0,1,3,666.7084193796081,0.03350016061481045,1,0.0,0
0.18520713382507034,0.04743559256341089,23.84927642036788,11.130096119048403,2.5205607958438696,0,1,1,0,3,3,30.0,0.21589773669126663,1,0.0,0
0.09721588328238097,0.03612959525722483,24.130037598407718,7.5493531646356224,1.8906837427639591,1,0,1,0,1,1,31.39691209078161,0.026981911524979738,1,0.0,0
0.05039570496271991,0.17752032162916034,27.38639848119605,9.070563902334989,1.7589025510121092,0,0,1,0,1,1,307.4798645295769,0.5793800926108238,1,0.0,0
0.07774389470327835,0.023272454399845283,31.83061809977529,11.772210221192639,2.7339078818646243,0,1,1,0,0,3,30.0,0.13196762922254476,1,0.0,0
0.08265380868586704,0.0014823192316251196,23.250916331019276,8.519627480792808,1.0808413415259976,0,0,1,0,2,2,30.0,0.42875234200120693,0,0.0,0
0.014651031276338074,0.13388128375146827,23.24759297422467,7.682655308587917,0.0,1,0,1,0,1,3,30.0,0.1488010251859558,1,0.0,0
0.13416922724262964,0.058324987942716434,22.521867108609303,9.065656320237405,3.349473105261624,0,0,1,0,1,1,204.49896505835642,0.06643103909306734,1,0.0,0
4.953605532153933,2.9660547543648375,220.0,0.10304185803688595,10.16110007583247,1,1,15,1,60,8,5.019232902685424,3.4561293141190346,0,0.0,1
0.006440740595498886,0.1258725813217417,33.32868174099747,10.141934278625993,1.7717824655654693,0,0,1,0,4,0,421.6081106150941,0.15566984864777722,1,0.0,0
2.5571434335650203,1.3798548883144561,0.05,0.18442010681802684,14.20462571475059,1,0,12,1,60,13,1.6613202301147938,5.966679354871167,0,0.0,1
0.03093901170396586,0.04232139372875708,24.47396058215213,7.410259858352976,3.100428442256864,0,0,1,0,0,0,228.5640726875713,0.059154472126694425,1,0.0,0
0.026660236079630167,0.03483330620694154,19.409262558125796,9.874280612005958,2.4410541128156447,0,0,2,0,0,0,173.96815133581683,0.05432106148656849,1,0.0,0
2.1484347857128965,1.8452974545394245,0.0,0.021333531244567355,5.9609161261840296,1,1,6,1,18,13,2.418687512552415,4.947849655705225,0,0.0,1
0.4334771287395511,0.07003249079644495,32.15309908189905,10.606242905047605,1.6288080487384735,0,0,1,0,1,3,30.0,0.09056490563248619,1,0.0,0
0.00482701214464549,0.055751460030018,27.974253473235542,4.5981990664212375,0.897908044407441,0,0,1,0,2,4,79.90635864135497,0.11556737984544169,1,0.0,0
0.07159864942873222,0.010241149097913727,30.28520133033009,7.529779961391877,2.9991495946171858,0,0,1,0,2,1,119.82006660046486,0.07299151734184997,0,0.0,0
0.008046261421281823,0.08131980903159702,21.428038270490415,6.816985082176938,1.44656875402478,0,0,1,0,0,0,117.44997177557327,0.1556511998351944,1,0.0,0
0.12447006821858035,0.021472955066541077,33.88503601722221,9.40340040195188,0.5398497379336009,0,0,2,0,3,3,33.69170285792559,0.28488025673078016,1,0.0,0
4.194134200126987,5.2497915221553875,85.0,0.12783370345329656,16.764674644884174,1,0,12,1,18,7,22.90207049805873,4.521505572596589,0,1.0,1
0.13080750301765187,0.0049298028705299585,32.96617365611024,7.830453350590345,2.852408877798197,0,1,1,0,2,0,234.96460678352767,0.0526613588352077,1,0.0,0
0.13577521607785026,0.3148675507228385,37.03004315261636,9.089137025150327,1.6943499049109194,0,0,1,0,1,1,185.60989093588785,0.03385317120973638,1,0.0,0
0.08625389775462594,0.05568274333224127,18.72144742830236,7.818791844512466,1.838310891974939,0,0,1,0,3,0,323.5224487351117,0.6264304027842108,1,0.0,0
0.10445436819509323,0.04159895369153309,33.33681731488409,9.966696014356362,1.4002781540686189,0,0,1,1,1,1,30.0,0.14639543469182023,1,0.0,0
0.1277895001438344,0.1296697210706747,26.331091201901096,4.843670144145721,1.1438923473435696,0,0,1,0,2,1,151.389912179945,0.08561701310645436,1,0.0,0
0.23170108526081476,0.16543619240921767,31.34732036002951,10.446674899226842,2.1190620782430765,0,0,1,0,1,0,30.0,0.08661759862117219,1,0.0,0
0.08626221031109294,0.06636081912122044,13.30694569587989,5.688280628269069,0.9619514185753395,0,0,1,0,2,0,101.7748513594298,0.1677625599253385,1,0.0,0
1.3904410671508258,2.93965697238832,0.0,0.0648473967352722,15.235105919128747,1,1,8,1,45,12,22.951379464766447,4.191231327944201,0,1.0,1
0.035271484829877325,0.3628511202143637,27.987377411154668,10.841357577413,2.0312145896695646,0,0,1,0,0,2,53.24346443839233,0.11134880171957291,1,0.0,0
0.14981202375223995,0.08805343112951951,14.639175265975052,7.796651514312457,1.176356870144356,0,0,1,0,1,1,455.7575095511552,0.021802736784274114,1,0.0,0
0.3792191111400652,0.046861222932418366,31.451420155844474,9.77390507998974,1.5863992856747327,0,0,1,0,2,0,37.723491809661645,0.33129118513471173,1,0.0,0
0.8,3.1959222076848746,190.0,0.08985506300987195,16.51657025266681,1,0,6,1,18,11,16.903462449726078,2.1886533326078075,0,1.0,1
0.25434628142577803,0.06424020884398358,20.42371201260415,5.322020795044449,2.87713461937785,0,0,1,0,1,0,150.65149260460953,0.14774758900438092,1,0.0,0
0.06605928243760871,0.01599499696747423,24.038021008459737,7.154025561669487,2.7322676199282316,0,0,1,0,1,1,115.25092128639612,0.20273887061038193,1,0.0,0
0.09683916225158178,0.02314181410113636,15.693521569424556,5.1358654326044295,0.4629320129311365,0,0,1,0,2,0,513.7514465159916,0.3353532801448293,1,0.0,0
0.1548163724664453,0.16551370799576226,41.68648589344055,6.930866014794955,2.839247845390595,0,0,1,0,3,0,85.85502054589972,0.12488566326919504,1,0.0,0
3.23445021917187,2.036156935878737,0.05,0.19295538398238138,20.2832303860087,0,1,8,1,45,6,3.070128021686253,5.126237403830487,0,0.0,1
0.08743958115738945,0.004146209354870138,18.319992911606754,7.8169591699893894,1.3536827023025833,0,0,2,0,3,3,271.16406909194274,0.06746701747016347,1,0.0,0
0.03297966079960737,0.15390365812080953,28.427068113693654,8.740746257911121,1.6558109481702272,0,0,1,0,2,1,337.22798553949633,0.2650246981116713,1,0.0,0
4.574788182919338,1.867179847954084,190.0,0.1362408867119072,15.805602444088393,0,1,15,0,45,7,3.794233269773712,5.1522661444600395,0,1.0,1
0.3944855907922322,0.26173678009960233,19.15214045513632,5.4917029381040425,2.4567707777004593,0,0,1,0,1,0,30.0,0.17549896160957357,1,0.0,0
0.07343222364599987,0.07168139206605588,30.987531094645124,8.059580940731845,1.0882021183393227,1,0,1,0,2,0,106.81781537841005,0.0822770357494821,1,0.0,0
0.053902411285138854,0.004405215893576146,27.567964782307342,4.5816367825280455,2.6542973934742755,0,0,1,0,1,2,98.03917413196447,0.5026142671430314,1,0.0,0
0.037871189572019466,0.09908785862567258,41.24105413284346,9.893515725428603,4.209628652190863,0,0,1,0,3,1,311.96541664516775,0.19424358367686628,0,0.0,0
0.020742079640838372,0.19198500701449248,30.08597993876765,10.11955854512285,0.9596198491560892,0,0,1,0,1,0,138.6753277048142,0.32707999046581526,1,0.0,0
0.06281724417904022,0.023290883155768133,18.643411836677277,4.521931607657408,0.0,0,0,1,0,1,1,301.0902538856491,0.027502201258670114,1,0.0,0
0.004816609969125868,0.03896254330934193,24.006474133392235,10.149403481572195,1.4658783583871045,0,0,2,0,1,0,30.0,0.08352630679268827,1,0.0,0
0.04983912156822804,0.1000461081422136,19.080296944938695,6.425347603397315,2.878205565436645,0,0,1,0,0,0,241.7765809287057,0.059682250184264145,1,0.0,0
0.1657932833380587,0.06958475117045128,15.922743084408209,6.625172423127374,0.0,0,0,1,0,1,2,250.1533058901426,0.37524413432270265,1,0.0,0
0.09487276358266807,0.04619594671509498,32.059722558171586,7.5151117751755665,0.0,0,0,1,0,2,0,285.9804631946262,0.055730257865339895,1,0.0,0
0.16069146388480807,0.26553473258625604,29.03081049630545,8.603435769626374,1.8417536275583841,0,0,2,0,1,0,49.58344120874464,0.021907450475600568,1,0.0,0
4.591569796519915,2.650626256752991,0.05,0.15322006688142994,14.681485476627461,1,1,15,1,32,14,16.9461304330695,4.937315389627419,0,0.0,1
0.44693460277714536,0.00011434913068365975,28.94187970339593,1.9993330476085882,2.3836443849696414,0,0,1,0,3,1,314.1249462915841,0.12913949001731445,1,0.0,0
0.21307522378711907,0.00882827188881703,23.706565938830273,11.888351516382112,1.739511467186647,0,0,1,0,2,1,1466.6046787313892,0.38073991261972884,1,0.0,0
0.10570726417126598,0.2277731849430824,31.34375155707379,4.978727113324993,2.3743130895464977,0,0,1,0,0,2,85.46146285419798,0.19129414327608674,1,0.0,0
0.1223051536282201,0.024989375385720977,27.576888054105325,11.167871279775897,3.119566116981092,0,0,2,0,2,0,93.80460179365465,0.018357957966656725,1,0.0,0
0.0721205635454511,0.014815598406707398,30.954541299085122,7.485943474417953,3.270086147680095,0,0,2,0,1,0,30.0,0.3492640330454179,1,0.0,0
0.14152627988533295,0.03688448119496234,33.394019386222865,9.944991538885875,0.9739381691076074,0,0,2,0,1,2,94.59833720958942,0.25295305553457775,1,0.0,0
0.034709077486944295,0.11266267590744723,22.895348801140194,7.166709614084044,3.0254065707512865,1,0,1,0,2,0,30.0,0.5456207735038521,1,0.0,0
0.06305874811286956,0.1417281256802892,30.598503464394618,9.626819901644264,1.4201448185366716,0,0,1,0,1,3,30.0,0.11698881746060646,1,0.0,0
4.223052650201464,3.638969971869592,220.0,0.058635836278547876,9.011207348486758,1,0,6,1,18,12,20.558624609136483,2.6298971685317194,0,0.0,1
0.062864852698775,0.04061969540983898,31.313090794075322,10.396678558658376,0.7254897906950728,0,0,1,0,2,0,37.66628850881426,0.47961958388420034,1,0.0,0
0.10414932658383247,0.11808819382064682,17.614294263615367,9.249815372601551,1.8572250468293068,0,0,1,0,2,0,58.98173883627424,0.31536627289669994,1,0.0,0
3.100679352108812,4.074335443606262,220.0,0.1070361258421644,11.287781055471713,1,1,8,1,32,8,11.611366183883046,4.696805945009668,0,1.0,1
0.052712353407569947,0.06675632860347733,22.785457214075315,9.463803264080678,2.554867240214488,0,0,1,0,1,2,177.68088340485906,0.24365598433318392,1,0.0,0
0.056642519954295076,0.06296166242776509,30.087181155988006,4.573282713468959,2.440248030210398,0,0,1,0,2,0,66.81317223699321,0.18924312054467124,1,0.0,0
0.15846084265977917,0.042402161266647226,40.73560647534151,8.001757993022562,1.1487766083368736,0,0,1,0,0,2,431.9922301096837,0.3473448875245281,1,0.0,0
0.05717872716328661,0.19496635517435604,26.239007253381484,8.528833125271097,1.884001273839414,0,0,1,0,2,0,52.698757032764746,0.019294951978960972,1,0.0,0
0.8866491543073898,3.577346316219272,0.0,0.19146474706879682,14.27805951389877,1,1,5,1,32,6,9.224229141402168,2.9687346031315247,0,0.0,1
0.043224537128968545,0.10250032821634313,32.21912851250988,9.774666082544385,1.6963118103231625,0,0,2,0,0,0,573.647189684792,0.03820647750594088,1,0.0,0
0.027446344059713548,0.047668821566538545,29.559747223389916,9.229203607409664,3.061162732373851,0,0,1,0,2,0,30.0,0.0789037878396709,1,0.0,0
0.01162896439444656,0.019339691161285893,21.610805037187237,7.534398622630101,1.009395662924172,0,0,1,0,2,4,419.10307764916314,0.9,1,0.0,0
0.02771872702553357,0.3171895651355758,24.814698000194667,9.925324064254013,1.475073479219601,0,0,2,0,1,0,357.427862476929,0.2942978819692644,1,0.0,0
0.12369925894139783,0.020625120180650214,38.028547970347134,8.33422603225027,1.8388725133139987,0,0,1,0,1,1,235.29516835705016,0.4110433047386818,1,0.0,0
0.043479433428145114,0.11800123870364917,36.967982950496506,8.77629511273515,3.192769001647097,0,0,1,0,2,3,245.59314982526226,0.38765675379609443,1,0.0,0
0.13796041531166986,0.0014554809404290112,25.794538085190137,7.456338917023704,2.5954953007219737,0,0,1,0,3,0,170.79651182098542,0.01543091848469608,1,0.0,0
1.9776938880578556,4.61196747724785,85.0,0.16367821400969684,15.140200458224395,1,0,15,1,25,12,21.6730856040235,2.500444531333317,0,1.0,1
0.05985396002808571,0.005453071393585748,24.609316063239678,9.556539877830211,4.141982640147936,0,0,1,0,2,1,219.57093496609343,0.37913328227590865,1,0.0,0
0.004806805946531088,0.08046499951450307,31.904852038554843,6.535815186399569,1.4560602330284063,0,0,1,0,2,0,124.60604985525973,0.21941253800512933,1,0.0,0
0.3160345804939481,0.08189008340971084,49.64437768902553,8.058291439740897,2.460238943227918,0,0,2,0,0,2,30.0,0.25874774523393923,1,0.0,0
0.032912546196976235,0.13842015230852403,29.034791273307704,6.026093483114309,2.875973837912579,0,0,1,0,0,1,278.3660289495098,0.1459739436081337,1,0.0,0
0.46926486872606615,0.21452560182919234,17.057943773082602,3.7337756378281535,1.6292557797058258,0,1,1,0,0,0,30.0,0.01900519541974452,1,0.0,0
0.19240470276277502,0.040095175188397024,22.17514666375429,12.159125192642477,2.5033287738455665,0,0,1,0,3,1,82.72794580188928,0.08584351071265717,1,0.0,0
0.6109249516730952,0.05223031178856491,26.611501976821845,5.273966372846061,0.9180541208210353,0,0,1,0,2,1,343.6537102262094,0.18824017134462304,1,0.0,0
0.041461861440288274,0.24481332590914784,17.20404264838195,7.46065104359273,2.9790358254675167,0,0,1,0,3,1,171.97056632385295,0.020352260792977448,1,0.0,0
0.02698196804230488,0.0027919903018278347,22.593581682675115,8.535945158736617,2.6422919936033016,0,0,1,0,2,1,226.54652910659067,0.0677911257922197,1,0.0,0
0.05358003144234204,0.015713461205136607,24.414307693320133,10.221820209082926,1.3871420053255932,0,0,1,0,2,2,30.0,0.31742104079894573,1,0.0,0
0.07003057841073239,0.057876882262809425,24.2697987142892,10.097009809231338,1.0880600531883355,0,0,1,0,2,3,30.0,0.17466980221966033,1,0.0,0
0.07655944466963613,0.060796012708554656,20.958922160849035,6.058098858002259,2.075901022884368,0,0,2,0,1,0,73.74528164492628,0.5302937677540125,1,0.0,0
0.0182108384845302,0.028674838827633015,24.54256319407024,10.057365491451579,3.2429502030420623,0,0,1,0,4,1,141.2885683559673,0.3834402263896186,1,0.0,0
0.07072047906719468,0.1081695881858673,23.027812837845,9.713460005040213,3.5353337166385135,0,0,1,0,1,0,168.29703591588418,0.09514319212674455,1,0.0,0
2.3337075474812026,3.813052316212854,0.0,0.1719296339831875,12.80001959223752,1,0,15,1,45,13,19.615322371511866,3.674091348407378,0,1.0,1
0.07744771548522954,0.07618843530237417,16.413753577407594,8.026933495807752,0.985522508983697,0,0,2,0,1,0,30.0,0.1859744417997734,1,0.0,0
0.03803405829724714,0.2532937605111675,11.131810468848043,12.059323774175379,0.2314143300865188,0,0,1,0,2,1,418.8784499660033,0.15444967850401925,1,0.0,0
0.37229260725577873,0.01723279563297897,32.47305263859395,8.345639447772607,2.204254942657026,0,0,1,0,3,1,91.87668929241751,0.33626796727745,1,0.0,0
0.015003147840894753,0.12881008503325755,30.586635399596325,8.150577924140052,3.232918586677483,0,0,1,0,3,0,274.9495441793679,0.06279352657003637,1,0.0,0
0.014048000349679377,0.03252272014411846,28.076008736860157,9.972454890330255,2.028872480174468,0,0,1,0,3,0,146.00289863884223,0.7036161797250401,1,0.0,0
0.12178672307112239,0.005115865212878116,23.535385767822834,5.580426656164002,2.0445020823192364,0,0,1,0,3,1,213.52931048538008,0.09812825403804631,1,0.0,0
0.07277907229104114,0.10225237412212891,35.87484624294626,9.157126230375031,2.290871190644086,0,0,2,0,2,0,262.3709629107754,0.024055713682471322,1,0.0,0
0.1414567803384023,0.03299555003952059,16.694486587461554,8.61095983753076,2.2709882146872,0,0,1,0,3,0,304.92762365602135,0.0991338208873203,1,0.0,0
0.19400316582189941,0.06103844618739436,34.51204577238033,11.410996584157886,1.9453530552355296,0,0,2,0,1,2,30.0,0.26201128890997294,0,0.0,0
0.037627544521299926,0.04066656931846318,17.896009532411114,9.371366223849005,2.354048508587546,0,0,1,0,0,0,401.408736749138,0.3170400632542526,1,0.0,0
0.05651241464730676,0.015794547706691996,25.987198688091297,7.928255490041758,1.4981058850023299,0,0,2,0,1,1,425.3136357589653,0.007984271327324462,1,0.0,0
0.019332411025753147,0.054865570822542925,26.699917146358864,6.25744081703643,2.770480436687503,0,0,1,0,1,2,30.0,0.34341748999793326,1,0.0,0
0.16447172611157673,0.005637000134166066,16.734453004104747,6.84701724857953,2.814339814567873,0,0,1,0,4,1,222.90903187508107,0.102424598992168,1,0.0,0
0.12665297785622984,0.0315881906633335,13.701919104189486,10.244180391067568,2.3605800158863017,0,0,1,0,1,1,36.96087451345379,0.20080008459430393,1,0.0,0
0.03323781190698125,0.05902852023200765,19.09986876600768,9.03235573040836,2.089187697238544,0,0,1,0,4,1,108.17855487225667,0.16369560519713855,1,0.0,0
0.061942347165464096,0.06832041844581804,28.896279420631714,9.535441528054145,3.7244183606099055,0,0,2,0,1,1,237.0392071673077,0.09920254122075318,1,0.0,0
0.052680098300539796,0.1748290282336208,34.93384791511488,5.603750449446263,2.3385741900816486,0,0,1,0,0,1,336.228246327554,0.26525477486442167,1,0.0,0
0.030761441421973536,0.12719770003011507,25.916694238340405,7.286672118498866,0.0,0,0,1,0,1,1,162.09906116051266,0.07624775876190609,1,0.0,0
0.26341901227995673,0.04011507193606295,24.279061777892117,7.967966608879306,1.1839358115082375,0,0,2,0,0,1,30.0,0.14270421463589666,1,0.0,0
0.023767747293617348,0.05604910848893297,38.510679752232676,9.259220112828961,1.5378840362001438,0,0,2,0,3,0,74.90938689069228,0.45093813009167727,1,0.0,0
0.02606578743902862,0.056197202654724956,15.288046048491488,8.194540110039688,3.1501286783936324,0,0,1,0,0,1,162.89869759329292,0.29980231039229643,1,0.0,0
0.23358322809553334,0.04669409385307951,26.022385934307017,8.740699830754343,1.0962512820893444,0,0,1,0,0,2,296.5549165626076,0.06540118493252456,0,0.0,0
0.02269542205358598,0.09178515252638061,34.46307139230698,11.072504172909717,2.1902829099224217,0,0,1,0,3,2,70.91338049179613,0.16567936537672387,1,0.0,0
2.8793395822304135,3.386608039265126,85.0,0.14755173264286026,8.110540640887512,1,0,5,1,18,6,7.47894431999519,1.936586869050756,0,0.0,1
0.01182701556893538,0.15360147097629503,26.23943279176653,9.680540622150644,1.5550297970128726,0,0,1,0,1,0,169.90133408664548,0.013741262910421293,1,0.0,0
3.241946486588616,2.6351177923500466,85.0,0.043226153076053764,9.368430565343008,0,0,8,0,60,12,9.754954143696821,2.7713020282184595,1,0.0,1
0.005606818080280945,0.07794524558003589,30.332022311012448,6.566530940246593,2.7456358328028028,0,0,1,0,2,0,30.0,0.10666780272741123,1,0.0,0
0.11169996101606511,0.134068002869186,32.49610961406181,4.728270764271581,0.1740989058873943,0,0,1,0,3,3,264.36019482433863,0.25981696423581896,1,0.0,0
1.5747390068920493,3.0848701758943387,85.0,0.07310924276848499,17.44148644198336,1,0,6,1,60,10,7.033152756564803,2.7336704375698093,0,1.0,1
0.03889071049240094,0.0561056521643942,46.39876451037853,7.981831881838739,2.7672246274532886,0,0,1,0,1,2,46.80904285998607,0.17654604505061422,1,0.0,0
0.5610602652944463,0.07088094955029656,28.39469637090167,8.644720779816769,1.690318217963272,0,0,2,0,1,1,48.864678703360774,0.1380564945614314,1,0.0,0
3.0452422311490976,1.9133585257098684,220.0,0.14635774901276272,9.758756967149218,1,0,5,1,45,10,15.544189147239262,1.5,0,0.0,1
0.10974485783657889,0.05816350020917292,31.299392012735918,9.757461096519274,3.2791757773481915,0,0,1,0,3,0,30.0,0.1326115294538785,1,0.0,0
2.4992328750228503,3.1445621338190697,85.0,0.13793630823131553,12.83071508174575,1,0,6,1,45,9,11.217509989497684,3.0535498969671164,0,0.0,1
0.06358143721836033,0.02545765303217738,31.001848330244542,10.728468693485208,2.3889585360402896,0,0,1,0,0,1,298.7154712831409,0.8669022508017135,1,0.0,0
4.207442734245784,4.978318598845416,85.0,0.2462065557584986,11.221759612435097,1,0,6,1,32,14,9.007476420100957,3.130511857189617,0,1.0,1
0.21795115691073483,0.027956784098351197,16.97226731427261,5.9966039029597145,2.8105419989469382,0,0,1,0,0,0,178.00688747291306,0.15673793984009554,1,0.0,0
4.321929366477223,2.0922386269754734,0.0,0.24292598112472827,23.537494665287028,1,1,15,1,60,6,1.5068340482829132,2.10406076523277,0,0.0,1
0.10152151910850754,0.1001839270781561,28.94216872239643,10.365657408184395,3.0688892755441985,0,0,2,0,3,2,627.6773960148569,0.4228274093068562,1,0.0,0
0.023705227219194585,0.08508488614634846,26.580053893082972,10.554383120080828,1.0533900897884525,0,0,1,0,0,3,317.55347196174614,0.36269474368144994,1,0.0,0
3.7906280640877563,3.847276333201033,0.05,0.045773050050666286,14.60006773244406,0,1,5,1,18,13,3.6486015852323375,6.123243797601022,0,0.0,1
0.1229813050484869,0.021433628757777014,14.767064931415314,8.538437704434541,1.661072368650857,0,1,1,0,2,0,284.0316638394625,0.08106496928019025,1,0.0,0
0.011133428687389889,0.014601377750034693,29.40719051510642,7.214556812234573,0.7251484289876975,0,0,1,0,2,2,66.48657799801029,0.07235511607987409,1,0.0,0
0.167234606955183,0.04606857553888705,18.158608389911745,9.421577696522801,2.49972627298465,0,0,1,0,0,0,30.0,0.0495669643462545,1,0.0,0
0.03634897112792283,0.24992109688273897,16.707447566237985,6.444011853565122,1.554916714376736,0,0,1,0,1,1,295.61390115360433,0.22329872028563044,1,0.0,0
0.14329226789318367,0.12210028095396687,22.691154055934998,5.276565868762292,3.3131697870913475,0,0,1,0,1,1,344.5812517824901,0.012515620304163106,1,0.0,0
3.1302256240020383,3.2921569551534584,0.0,0.15112919538155703,17.189731291314992,1,0,5,1,18,7,12.931241864922683,2.6479703428374846,0,0.0,1
0.08227845242636826,0.03798114498898169,10.087794582172176,7.894450909748923,3.5124557258472144,1,0,2,0,1,2,270.17523393963785,0.09268473911401993,1,0.0,0
2.85508729816915,1.7711638666769471,190.0,0.14032477603320428,13.74258612735469,1,1,7,1,45,8,19.736257378798477,2.7165413695507943,0,1.0,1
3.427446534735176,2.993073111089634,0.05,0.1685496405723836,18.718378154546407,1,1,15,1,18,13,23.362345064370686,4.605964658128276,1,0.0,1
0.09763805062856906,0.11382897733809878,29.89812305657702,9.541953746983543,0.882802334259555,0,0,1,1,1,0,30.0,0.27603446914078916,1,0.0,0
0.410339947263049,0.1005634364609424,28.28952652637315,5.49439657738986,2.8153168852079054,0,0,2,0,5,1,30.0,0.007942734342739548,1,0.0,0
2.623420119612106,3.861597502063216,190.0,0.219416715366142,11.084752319144595,1,1,8,1,45,12,11.521962275962581,4.147751512472473,0,0.0,1
0.1430570900308566,0.042447942910805135,35.42272396703736,7.958427006041874,2.2277539212588358,0,0,1,0,2,0,887.607426557719,0.12897781935202682,1,0.0,0
0.17139896180572536,0.39505175794316394,28.204803100887325,13.336711507144901,2.7845272604756386,0,0,2,0,1,0,77.44173044083675,0.2636263502394229,1,0.0,0
0.034449262627632794,0.11645785123835657,25.709562267958347,8.011569919648661,2.2470856556874055,0,0,1,0,0,2,357.43005238889367,0.08240513705458616,1,0.0,0
0.1910156682937338,0.04212184435394922,13.695488032405493,5.4101812608137685,3.4009808496930507,0,0,1,0,1,3,67.9698498232214,0.44107183414166073,1,0.0,0
0.005514127461801929,0.09417709895822546,18.998106340562483,9.126476498001423,0.7678015336868953,0,0,1,0,2,0,30.0,0.16040322449757732,1,0.0,0
0.1322667021374864,0.0712246581911462,43.66361331979691,6.042441298189972,2.155717319530441,0,0,2,0,0,1,143.0773093689269,0.0722808486900235,1,0.0,0
0.16680727657184086,0.022549952138542318,17.838180700236773,7.691861099495053,0.0,0,1,2,0,1,1,30.0,0.10443222751738535,1,0.0,0
0.008662188608345318,0.1743102215400797,18.18484401371167,9.546438022353874,2.680302892060476,0,0,1,0,5,1,42.80258719443395,0.049824730636582965,1,0.0,0
0.023033319672736752,0.1007488454795984,25.708379836330657,8.410582486480829,2.0686514570742838,0,0,1,0,0,2,62.69029482773422,0.1344282757753049,1,0.0,0
0.040409013345482206,0.020573120949622707,22.60760004779943,10.825805145088278,2.797510306878124,0,0,1,0,1,2,271.0718625285912,0.24389822443274475,1,0.0,0
0.039581127107851014,0.08685203189739252,28.59238187130192,11.85536818179962,1.8701636741505967,0,0,1,0,3,1,65.76809308453767,0.3048010122069267,1,0.0,0
0.11184558597899887,0.06273059752691171,11.585876614153758,6.61037101951656,4.278517315955998,0,0,1,0,3,2,306.10274107225024,0.19660451028033188,1,0.0,0
0.16313174673924313,0.0007483121937558635,28.270419978364465,7.564152555333505,2.996032503307526,0,0,1,0,2,2,103.59212801369762,0.04666604808391238,1,0.0,0
0.14433265090536013,0.015012699871361938,24.217744097902816,10.783661855472467,3.5788561203734837,0,0,1,0,3,1,31.142742447330814,0.14531549344597017,1,0.0,0
0.07361357907948417,0.08291361640886587,23.02866857685754,7.8813430144514065,0.4882534619118357,0,0,1,0,2,1,161.90997183645823,0.10698419644035705,1,0.0,0
0.2858096859254297,0.02258900532428354,35.213232570710154,8.858859042589867,3.462530382691445,0,0,2,0,1,1,167.04892382636015,0.12863075826977438,1,0.0,0
0.034810043911129185,0.07251586531534265,14.18904644251182,7.1074128418952105,1.6322644167240337,0,0,1,0,1,0,456.5089586674127,0.09167254844999038,0,0.0,0
0.05753684397097153,0.06889751304052742,32.60600854029231,9.018839982526318,1.8571733614048496,0,0,1,0,0,0,269.4784411439381,0.09276897378267562,1,0.0,0
0.4204450265251155,0.08316878447853368,21.812044660615065,7.252319502625479,3.378357221422549,0,0,2,0,1,0,97.41093919602989,0.23682303575115943,0,0.0,0
0.09755732940099834,0.010461847470638176,28.192691855855315,12.078877422154747,0.7353527277134879,0,0,1,0,1,0,52.59791604399729,0.03542915677862226,1,0.0,0
0.0052018092626535005,0.051603295105828374,21.838515943012943,7.210382127213033,1.8048183270854228,0,0,1,0,1,1,192.54746026133762,0.06558580274749316,1,0.0,0
2.482286677606002,4.133354474319775,190.0,0.07932138405145414,7.440390429845057,1,0,7,1,60,6,3.8310099258950245,6.621514272082481,0,0.0,1
1.9805983160436922,2.8284483555159468,0.0,0.19016711940402958,15.255160923116524,1,1,5,1,60,12,18.251264794476135,3.3724539085951704,0,1.0,1
0.12455481096247287,0.09267515538739668,33.60536086023267,3.901284607525877,2.135055704783691,0,0,1,0,1,1,31.441298792639266,0.02261029723170642,1,0.0,0
0.23452047546153953,0.04175585026155025,25.247885827440253,7.987288714293707,2.5141409907607226,0,0,1,1,0,2,192.59791874360147,0.07112809877436908,0,0.0,0
0.06582168602363041,0.01515824311337512,28.556267282118522,8.174087378388318,1.9162901428609778,0,0,1,0,0,2,278.94350834518826,0.01095175326129928,1,0.0,0
0.14208020509051403,0.08450887368844223,18.13114698797459,5.109964414049385,2.1415592668957943,0,0,1,0,1,0,84.42306948118554,0.14808566441932045,1,0.0,0
0.19369710836476156,0.03638732259387228,28.798459423317958,5.724493837997127,3.138638949687134,0,0,1,0,0,2,30.0,0.3288792320957848,1,0.0,0
2.492332546034932,2.6102475697214462,220.0,0.022992446669976102,10.898864957459669,1,1,8,1,45,14,18.66480681678135,1.6034721419042335,0,0.0,1
0.1519541692597669,0.1221728444556625,19.64871408439414,7.371394108378748,1.5908349307860585,0,0,1,1,2,2,30.0,0.22201874876841315,1,0.0,0
0.12136825858498253,0.031051641197109917,18.231749104782082,8.415102941976487,2.150684228851914,0,0,1,0,1,1,75.46889963378356,0.032941101324649544,1,0.0,0
0.0924310035953787,0.08997124947479058,20.803703909863998,8.83919535278987,1.991586334028635,0,0,1,0,1,1,212.91987616908716,0.6151329420357399,1,0.0,0
0.2269349750097846,0.020379693621386207,30.238807878099077,11.867944060138676,1.2230087883064558,0,0,2,0,2,0,122.1938108446884,0.0725446688335015,1,0.0,0
0.07402197897635947,0.011240324690858686,30.71193584563078,8.307711424151021,1.031813249278906,0,0,2,0,0,1,43.01741103870666,0.5950712325484209,1,0.0,0
0.1605043251618793,0.00937154414299624,29.12692527566401,9.22404910197693,2.9163788273633307,0,0,1,0,1,1,176.51285232796667,0.025598411439684932,1,0.0,0
0.008626098636378842,0.01495095811027615,31.548977124135654,8.567741098870489,1.9942771590950792,0,0,1,0,1,2,240.37355524625877,0.3732729767115641,0,0.0,0
3.4023464850239877,2.8663721418532555,0.05,0.23921674604762846,16.087758014795106,1,0,15,1,45,12,11.744154436676805,3.93706408583965,0,0.0,1
0.13542071195780062,0.11144288830470833,15.84988550682727,8.121000847215742,1.0403926877881595,0,0,2,0,1,1,242.07700920021696,0.164596951058544,1,0.0,0
0.2676976086282673,0.11343157396589866,40.84695496091577,7.817390970679882,1.9852522819831575,0,0,1,0,2,1,343.5551596138911,0.11175173007836099,1,0.0,0
0.002825640381685381,0.033492470161641925,31.470480676224426,8.017370192510542,1.9190120905978325,1,0,1,0,1,2,30.146578538537554,0.04361672133502295,1,0.0,0
0.04723618907017013,0.04704151950506895,18.90085047311122,11.988991098719776,0.0339515870320819,0,0,1,0,0,2,127.19334858622467,0.028040988651812065,1,0.0,0
0.21220828459258892,0.06673029370797554,29.112143965511905,7.798653212682807,2.3065122064697943,0,0,2,0,0,2,240.56312259684333,0.09492803655565263,1,0.0,0
3.46426115269872,3.7342658234803783,220.0,0.22250151302101473,16.452572779414925,0,1,12,0,32,11,10.459375022127519,3.133246034166172,1,0.0,1
0.04704672509809753,0.002961401617209744,24.252411232467566,7.489965458509647,0.38686998108531134,0,0,1,0,3,0,534.1120333179864,0.12348616234543933,1,0.0,0
0.008858032440363152,0.1750103616398904,31.65417689188906,6.8665241362702,2.5672417068069042,0,0,2,0,4,1,51.54766831654918,0.17062280008158281,1,0.0,0
0.07935190944158287,0.13506993245084106,26.432142735222076,9.130993616646984,2.646614301988934,0,0,1,0,0,0,62.92171004412943,0.22690541229336067,1,0.0,0
3.573434166160584,6.111031989427518,0.05,0.1298037459490501,18.079842175395296,1,0,8,1,25,12,20.35178195542968,2.729926808296849,0,1.0,1
0.07357037925901146,0.0028335293001155648,21.588375484474927,8.324383296730293,2.226226281424609,0,0,2,0,1,1,258.8903562800958,0.42005483350619904,1,0.0,0
0.03378000403205289,0.04173241997107185,23.019274011434142,6.787830255998177,0.9228331738414721,0,0,2,0,0,2,66.04791519887843,0.0392640199501646,1,0.0,0
3.0790619249201088,3.8663904775354787,220.0,0.11772880684419906,9.61424502621285,1,0,8,0,18,6,2.0217217043451345,2.540294969876265,0,0.0,1
0.007739194642510008,0.1450849946298197,26.020481766756063,8.48414282509326,2.971726309760503,0,0,1,0,3,1,203.49030806728322,0.16582724452915726,1,0.0,0
3.542637970446782,4.931457288393462,220.0,0.03316506019335222,14.438709287034344,1,1,6,1,45,12,12.019893229897441,2.9349564560073054,0,0.0,1
1.3575729042252966,2.379702898274393,220.0,0.033320095916167,15.536334205513704,1,0,5,1,32,9,24.625275082152683,1.5,0,0.0,1
0.0015980511691649337,0.023212502446091673,25.128803591999045,10.980766869210843,2.708112140184589,0,0,1,0,1,0,149.53130265995037,0.2962049346825243,1,0.0,0
0.10281389346930533,0.05518550259328808,27.88168649488508,9.57930954869014,2.9245778658628505,0,0,1,0,0,0,302.1989342560393,0.2514257714265455,1,0.0,0
0.13819086406800007,0.004032633746920101,26.943609963031424,6.824041570641363,0.337972621989465,0,0,2,0,0,1,476.477875477912,0.20456206031248964,1,0.0,0
1.715275500109427,4.089705191089095,0.05,0.15741139576658283,8.358482364806601,0,0,15,1,18,11,5.021838283592825,1.563445916392105,1,0.0,1
0.016883278311309896,0.014597309559937386,24.264320548704774,6.242073469733669,2.074851812215618,0,0,1,0,3,1,432.0154607647934,0.24518642124411186,1,0.0,0
0.03316894156759165,0.05702280731951063,22.564354734525057,13.956999490593214,1.9724440634844331,0,0,2,0,0,0,60.08357329227834,0.028064065532670036,1,0.0,0
2.681023881710569,2.290108436332847,85.0,0.027217386673885235,11.296641869296023,1,1,5,0,25,6,22.017181029032578,3.3482842421422183,0,0.0,1
0.39896639862145783,0.0627168289497884,32.407820793394556,4.668261947383103,0.7712732395544208,0,0,2,0,3,1,434.1491320447353,0.032274919813303625,1,0.0,0
3.495857259604045,2.953104885992022,220.0,0.09543868580715212,16.891217752283744,0,1,8,0,60,7,1.2571449110150725,3.8239041136679752,0,1.0,1
0.050789748871982725,0.058540623802436076,26.0880303872022,7.719464938136763,3.193982273178844,0,0,2,0,1,1,80.41569710930644,0.1633936252786613,1,0.0,0
3.7289939376818726,1.66726306070283,0.05,0.15753159830970814,10.78452332162784,1,1,6,1,60,11,24.86027507486808,4.9184295135415255,0,1.0,1
0.33426593350912487,0.20431308895493697,27.229715987442454,8.529311819740254,1.3876001403942875,0,0,1,0,2,0,517.1601467792716,0.07713991654992906,1,0.0,0
0.08272968533851396,0.19334539265303932,29.373774789370245,9.739313383526296,2.2524485549536633,0,0,1,0,0,2,181.72294143474124,0.3502948793760861,1,0.0,0
0.03958802141466139,0.0045388855647511255,34.109303975313296,7.285845617248601,1.856530269695602,1,0,1,0,1,1,231.4433205260287,0.04570144381098543,1,0.0,0
0.004765964799319767,0.0009274362730186593,37.22591298826851,8.788104463052994,2.1298478304668604,0,0,1,0,0,0,35.802270559899455,0.5590187162623538,1,0.0,0
0.01967842364657235,0.047628311133748394,32.007893011273104,8.495776640030353,4.339996321932448,0,0,1,0,2,2,32.878161217198596,0.21691394808417483,1,0.0,0
2.7703400173121824,5.002123299903911,0.05,0.08517775418607579,13.453081588724487,0,0,15,1,18,11,12.95395994436186,3.3498413216098606,0,1.0,1
0.0163655556633685,0.023781144311101468,25.527874090113727,13.443867544863714,3.2186081743344968,0,0,1,0,0,1,82.98206358142677,0.11558607989127118,1,0.0,0
0.047425180319743215,0.01860618228427328,24.801744411425204,9.122779875392855,1.3280238466465044,0,0,1,0,0,0,328.6864980174995,0.2665535937700656,1,0.0,0
2.392644326018581,3.3995589926959764,0.0,0.0057447891903567305,18.51404833717948,0,1,15,1,18,7,8.128636026325271,1.9893559734651423,0,0.0,1
0.007039972529474037,0.08540307179329913,21.958605890041664,9.48623505443201,1.0320816799759496,0,0,2,0,1,0,30.0,0.1647866426078557,1,0.0,0
2.1926967646181366,2.928036434418015,0.0,0.07783523380032994,14.199240980372206,1,0,5,0,60,10,24.766332149837393,5.117407267307206,0,1.0,1
0.13771760754292559,0.1049481076049791,32.73547405006769,14.248165396019827,1.2945662759427137,0,0,1,0,4,2,30.0,0.2005227048830642,1,0.0,0
2.644391653412373,3.0461492407413675,0.05,0.0420508018202779,14.251939050875176,1,0,12,1,25,6,20.842119638845574,2.9415444675115228,0,1.0,1
0.09090168514007325,0.01776721826000869,25.092288635799797,10.119692122238854,2.600116455244506,0,0,1,0,0,1,30.0,0.6071698295949366,1,0.0,0
0.12655150306511875,0.03807572982642205,15.337792750783066,8.821124236594839,1.0233223046926452,0,0,1,0,1,2,288.482569275326,0.012903882083433764,1,0.0,0
0.16677416597945532,0.04013333439747857,24.68940874945184,6.336697807471879,1.8772285743131893,0,0,1,0,1,1,161.7340419512417,0.0371661983175394,1,0.0,0
0.14486501659837198,0.10763712697323216,28.717300569583134,11.03104584283708,1.5081205451855328,0,0,1,0,2,2,41.507641793644105,0.45406692120810366,1,0.0,0
0.18729512322771133,0.011298318675293979,28.83524770098999,7.523974393655828,1.2348653328903796,0,0,1,0,2,0,264.6764313126383,0.45327656821545753,1,0.0,0
0.19544338429465774,0.1410678774921712,25.70367673037851,8.85647948781011,1.9204329510138625,0,0,1,0,1,2,347.99131098614896,0.14602781824073274,1,0.0,0
0.05855130328202245,0.370728140418427,24.631956074340653,10.752476376872767,1.3541510117059814,0,0,1,0,0,1,31.935233541931375,0.300726149979889,1,0.0,0
0.11780521128602295,0.032132946949074,8.335798462412711,3.4435097993725714,1.4900854981617275,0,0,1,0,5,3,284.75520026451636,0.5092414846819403,1,0.0,0
0.24336727597526606,0.031169353388454182,9.722058921022239,9.834766206281138,3.297773813791169,0,0,1,0,3,1,128.81839744359957,0.14345555486884792,1,0.0,0
0.08381223892665245,0.04348645841087476,30.09514932601459,10.93233155356451,1.7096170083492033,0,0,1,0,2,3,30.0,0.016118826340822085,1,0.0,0
0.9477011677054916,2.3665462229772727,190.0,0.12403733091452207,10.39224723391986,1,0,6,1,32,10,13.824436785535873,5.767749272396512,0,1.0,1
0.08382235593955661,0.18360818733035067,21.05305262138896,9.364240487967539,1.0765995274749192,0,0,1,0,2,1,30.0,0.06551902531740457,1,0.0,0
3.0658325670815296,4.080214523806832,0.05,0.21089175755792702,5.0,1,1,15,1,25,10,12.371608599395769,1.5,0,0.0,1
0.10493901013088054,0.004275930481155766,30.373724761377126,9.049027974986567,1.523901530557154,0,0,1,0,1,1,30.0,0.6497061751528248,1,0.0,0
0.03565723379155042,0.00770768696985663,29.37129691981666,9.876216048808537,1.9884473210234428,0,0,1,0,1,1,225.72816431884553,0.25708471406487327,1,0.0,0
0.0186692336173629,0.041618832613678595,43.08879091685738,8.123166306182547,1.9975321506878245,0,0,1,0,1,1,113.37621477896916,0.3837745429357933,1,0.0,0
0.0013076167938210574,0.04687829483099126,39.38124246944325,5.227396429801081,1.3846076742451228,0,0,1,0,3,0,30.0,0.19323396643977223,1,0.0,0
2.858143991866051,1.6716497728298692,220.0,0.06297951941435456,15.825605797267345,1,0,12,0,25,9,16.53488455530395,3.2699146721494117,0,1.0,1
0.179128816834221,0.024500936786571132,42.331114927768816,10.402769967001541,1.1373336421114681,0,0,1,0,3,1,615.7009155043282,0.02506977158035445,1,0.0,0
0.08326395978217678,0.08236423309413053,26.373689907353153,6.843719724774207,2.3974040328868456,0,0,1,0,1,1,312.29787763762704,0.6148858204347206,1,0.0,0
0.17932535020060458,0.007627134010322439,36.03537513874662,11.202177892674005,3.2328667913867144,0,0,2,1,2,1,147.8133275334314,0.12840724929157063,1,0.0,0
0.1569450940749289,0.1171394798198144,27.54441563015014,6.84339492084622,3.105313901493288,0,0,1,0,2,4,385.8077594218816,0.05047527995142466,1,0.0,0
0.02605438519782156,0.09055975623063273,34.19783345316299,13.350825183607785,1.0444812315807626,0,0,2,0,0,0,108.50276022468101,0.15716623039836647,1,0.0,0
0.001203467803745765,0.009139763900623403,28.34062322811309,9.515865339924032,3.4337500342142357,0,0,2,0,1,1,101.70391383488446,0.011882072241134307,1,0.0,0
0.01931362851722161,0.16542270968826134,40.358728602886245,7.5453102831123315,3.386780657285211,0,0,1,0,1,1,199.8050458654466,0.46599711632910834,1,0.0,0
0.10884103683453683,0.03521288480610184,27.237334722751847,4.918698014086574,2.0138357232223947,0,0,1,0,1,0,1185.7010208380545,0.21248128540178143,1,0.0,0
0.2647785282582073,0.019888174154377054,20.168009336697235,4.526945716044955,1.0603844187209737,0,0,2,0,1,0,30.0,0.09943349404931885,1,0.0,0
0.34059458846081075,0.013977708721866171,12.934862930655672,8.53341476947595,1.8202016474947045,0,0,1,0,1,1,529.2003099192727,0.04518003816047324,1,0.0,0
0.01734432328502789,0.017688903404901115,25.29014519194695,8.842488095369992,2.810334628457446,0,0,1,0,0,1,959.7110985520007,0.13580105462486228,1,0.0,0
0.08433416027142884,0.048302812118644976,20.08707900907912,8.35036315929883,1.26754612402868,0,0,2,0,5,0,145.06644225611674,0.3492541392456027,1,0.0,0
3.6282426566799315,4.253266574464348,0.0,0.021869214433920342,6.211021411391176,1,0,12,0,18,9,3.397831206762498,3.091297005597128,0,1.0,1
0.08170214018773839,0.18515449713744186,33.913686336761174,6.718029116093139,2.141166249387992,0,0,2,0,2,1,64.57479940984858,0.3052144880300871,1,0.0,0
0.07513422162566961,0.16452431852644048,17.731645223993514,8.777727978401096,3.1003918240554658,0,0,1,0,0,2,897.249286230849,0.18312617658494848,1,0.0,0
0.14533826020020552,0.03239125148704542,34.296141220075384,11.185553928846007,2.8476378150694273,0,0,1,0,2,1,71.87963555225414,0.032199665563131315,1,0.0,0
0.0253884515770579,0.11496027702743918,34.884789703290345,6.817903139203411,0.34596449973929766,1,1,1,0,0,1,30.0,0.24970870720287822,1,0.0,0
0.11101822710047346,0.07203546632278544,37.765359993717325,6.103276906001806,1.6038652796344357,0,0,1,0,3,0,241.9997283934307,0.42708550837352394,1,0.0,0
0.11765922899718793,0.20467296289294457,29.840903334764302,9.842519332154708,0.7821966946774148,0,0,1,0,0,2,79.9510393417751,0.15513422461900206,1,0.0,0
0.0532671206899479,0.05285410263907775,26.598593307477195,9.549585151002644,3.1912351951807416,0,0,1,0,1,2,129.8741676833565,0.12559748959740388,1,0.0,0
0.09654499048797957,0.025617719257229186,25.791373527039916,9.784215517997227,3.476753729848928,1,0,1,1,0,3,82.1840389568653,0.02964412644384152,1,0.0,0
0.2136082985192087,0.15888820752722324,24.948965175877927,8.82195099517431,0.840717600769157,0,0,1,0,0,0,248.91920052126355,0.1827370119228271,1,0.0,0
2.0292325206017487,3.592596103810483,220.0,0.24446934919986216,14.851713093972988,1,0,8,1,45,14,18.582443179138338,3.427812458426207,0,1.0,1
2.3835367041013296,1.240053808604429,85.0,0.15859826520254994,23.153381014873553,1,0,15,0,25,12,24.806201240196955,3.8071239162129245,0,0.0,1
2.707150621683072,5.424161967948451,0.0,0.03424955738599364,18.52267972066647,1,1,5,1,45,8,3.238312829541928,3.632482559387837,0,0.0,1
0.2691963996643734,0.04606683718601056,26.478254909578723,8.839370181715502,2.5042572444841515,0,0,2,0,1,0,30.0,0.6042771581562635,1,0.0,0
2.8413241217112377,4.113252333968965,0.0,0.21500735698406787,20.736166460191427,1,0,6,1,18,8,17.42478326533451,4.323189078523039,0,1.0,1
0.009611442106613566,0.03053073272068724,30.34350629369414,7.991690938251226,1.7187570936633294,0,0,1,0,2,1,72.78862331107254,0.8425025213976494,1,0.0,0
0.0743889007585396,0.5,40.260474478028506,7.161806479724573,1.6255995520010933,0,0,2,0,1,1,30.0,0.01731507056376201,1,0.0,0
0.008828829419535604,0.07451515813897625,33.82836695755189,11.09926257060688,1.04067923478103,0,0,2,0,0,1,224.24735986974363,0.1726450337301483,1,0.0,0
0.2712465011986947,0.13410111012346795,31.887288938731338,8.784809733256264,1.6691764772757955,0,0,2,0,1,1,35.97881518330499,0.30932148073149257,1,0.0,0
0.13504011582027436,0.1342096949177369,31.249568750613868,10.062857838931055,1.3200640552415848,0,0,1,0,1,0,466.67157530637985,0.52140260162112,0,0.0,0
0.04546411125888897,0.23819933698959786,32.647902689945084,11.329487638719625,2.1961092921318355,0,0,2,0,3,0,90.49047067229131,0.1516461646693054,1,0.0,0
2.1000546245088323,3.3892306002434927,220.0,0.03473431897073426,12.369747958001767,0,0,15,0,18,10,15.57627171214685,4.404182706852767,1,0.0,1
3.0601800174168217,3.2144064990837133,220.0,0.11551644229534747,18.637114801964298,0,1,5,1,18,10,19.162681609720572,3.874840166345086,1,0.0,1
0.01979183012839558,0.020030240089105963,28.77423777405504,11.063956724753371,1.448567187603598,0,0,1,0,3,1,195.02325018395376,0.01783477053223063,1,0.0,0
0.25371333454769784,0.09580595566487382,27.869954075232116,7.441950698722445,2.945214312250382,0,0,1,0,1,1,103.92426438021425,0.5213066266319193,1,0.0,0
0.12555610359673103,0.02965788918315672,43.671564936252466,6.833733732639306,0.7681314458433897,0,0,1,0,1,2,58.354313215180476,0.10525351457044554,1,0.0,0
0.03929989672544967,0.3831865059679014,21.402151719138985,5.10580771342109,3.327191222801787,1,0,1,0,2,0,184.35243652606866,0.0016424852886119464,1,0.0,0
0.007113804773848535,0.047061582394271745,26.46052054054274,9.63049424794946,1.89141583821961,0,0,1,0,1,1,110.33719436823533,0.9,1,0.0,0
0.055829269435407926,0.16198392202861667,31.63453373512628,9.59505306087124,2.6871774750986486,0,0,1,0,3,2,30.0,0.4787534618801287,1,0.0,0
0.09553051034974769,0.017409770505891594,25.94603943962429,8.451657147283584,2.192784077724298,0,0,1,0,1,4,91.59821025263922,0.10216813401846295,1,0.0,0
4.3697397346101905,4.239921350023236,0.0,0.18256715840025056,12.742836165914392,1,0,7,1,45,14,19.32345521098957,1.5,0,0.0,1
0.03285510480411827,0.04553980356591435,16.9276591502325,11.09199534127958,1.6953210374062695,0,0,1,0,0,1,78.18031906307905,0.10006257730424335,1,0.0,0
0.28575186358151705,0.030329208778843354,34.9449965852136,8.203642933003541,2.7495550374451283,0,0,1,0,2,0,274.714481164753,0.31453172911587923,1,0.0,0
0.14987930049993006,0.1715347843382753,17.540624570116467,9.164692742944007,0.0,0,0,1,0,1,0,513.7583865669646,0.26080756662824434,1,0.0,0
3.582809251109909,3.6345694846275634,0.0,0.22733125966215767,14.33798414389881,0,1,7,0,18,9,9.482306362948664,2.9756238392111936,0,1.0,1
3.7309255412046145,3.413325722035904,85.0,0.21746805910316033,13.621825919242022,1,0,8,0,45,6,18.344669325917415,2.478885571661532,1,0.0,1
0.021596633210088194,0.013458599468489998,26.44368374846403,9.12326859761485,3.303874145931379,0,0,1,0,1,0,30.0,0.1627778048416502,1,0.0,0
0.0935425360363591,0.09291201244231238,40.12464514155121,8.027931619687918,0.4828966328168909,0,1,1,0,0,0,233.51829229987771,0.02699987358947083,1,0.0,0
0.2573824254182177,0.22319928819832657,9.2802797626562,8.522336019012656,1.4007255217348553,0,0,2,0,2,1,135.6794693388008,0.15774684411530146,1,0.0,0
0.04773405783988383,0.17130202298168415,20.20273605288544,11.067478867402816,1.9882321621763661,0,0,1,0,1,0,136.81077548589084,0.408518043899883,1,0.0,0
0.12906443924017064,0.0341296012008099,28.163327845168244,6.63766947844608,2.0065479666366346,0,0,1,0,0,1,198.38817666896713,0.0390714218546552,1,0.0,0
1.6180766777996176,1.334645054927257,0.05,0.0934178406951102,12.338998951826781,0,1,5,1,45,13,23.07196944946795,1.7572336997793299,1,0.0,1
0.05657110757059111,0.17049082402889407,19.525519289965082,7.624355754276696,1.2500304720273436,0,0,1,0,3,0,312.8315337751869,0.08320243755922685,1,0.0,0
0.0564905035676642,0.002299736478070722,29.38688787518523,7.3919112318238405,2.8802632056007167,0,0,1,0,1,3,103.79903018206396,0.06564997342368539,1,0.0,0
0.08383233788347152,0.38259406015660524,27.29401057842255,5.890902200831781,2.2201451903512748,0,0,1,0,2,0,63.90951562568065,0.16348811156770826,1,0.0,0
0.00013352556381394378,0.24061145513856882,32.64484221997616,9.442160808193773,1.8779403046309766,0,0,2,0,0,2,154.00930168927258,0.41072259329135063,1,0.0,0
0.043365615090076415,0.003422612715938452,25.202024130122616,8.519023679881988,0.9745301556017396,0,0,2,0,0,0,166.21025791207651,0.0045071292265569576,1,0.0,0
4.242800280359659,2.443747925216748,220.0,0.07920644213590489,15.457325958087687,1,1,6,1,25,8,23.648332248247918,5.264398301486175,1,0.0,1
0.06216595209724793,0.004031781178116013,34.36624188057991,11.554264768310262,2.0407982182238125,0,0,1,0,2,1,796.8557256448704,0.23678127066064245,1,0.0,0
0.17622899240003187,0.1353477087453517,21.526542670175886,11.58866697394247,2.501336627180863,0,0,1,0,2,1,30.0,0.014728372371005927,1,0.0,0
0.11734669713828283,0.020247256793844294,25.31882194508886,6.116561732765314,3.9468219623461143,1,0,1,0,2,1,30.0,0.06597812143635082,1,0.0,0
1.5435187489573763,1.4242452606791813,220.0,0.22195057455575273,17.710051710608006,1,0,12,1,25,13,8.455773675111402,4.7539179740214,0,0.0,1
0.10600769890700863,0.05628258745717435,29.37055341693914,8.549294756421085,2.1241586038472153,0,0,1,0,1,1,36.24401156471647,0.0115961647433971,1,0.0,0
0.1211552994618413,0.00040305389399711565,30.33544506804289,7.057118500339589,0.7437139585930745,0,0,2,0,0,1,225.0307263917888,0.013432342451885501,1,0.0,0
0.31034284765808684,0.011481519505748503,22.297585346267415,7.483469707833359,1.5589761794763912,0,0,2,0,1,0,187.18451319215816,0.19339120757860503,1,0.0,0
0.1604702302971294,0.028935447867032088,23.88741054622623,8.811158938461277,2.1389756523632837,0,0,1,0,0,0,30.0,0.450847197116243,1,0.0,0
0.015416176443119645,0.11432432730571908,16.538047275827473,7.977993021296641,1.381370049253281,0,0,1,0,0,1,217.39885439351377,0.14331260029702803,1,0.0,0
0.0072402031290069125,0.13369133982745773,18.2519079592616,8.438813871538489,3.1775704141494643,0,0,1,0,3,0,389.6020108111985,0.16082737919102527,1,0.0,0
0.04924603216565079,0.0665181229235935,44.10182622978727,12.133586473324746,1.5299548148451314,0,0,2,0,3,1,306.3323737875052,0.19520371908186418,1,0.0,0
0.17220865659677947,0.011528331711033648,21.440987745117727,10.050178823491281,2.9347481295413473,0,0,2,0,0,4,363.096661603717,0.32393485652751364,1,0.0,0
2.581766974245982,4.8102632913634835,220.0,0.015526217544802129,8.703944152257488,1,0,6,1,45,13,23.787674586382693,4.634154545853089,0,0.0,1
0.10514924472079716,0.06926937177576581,32.47697324901782,9.064899528111201,2.753912065192133,0,0,1,0,1,1,64.15243647258481,0.2002149019086379,1,0.0,0
0.025585575301880024,0.05252712560350088,23.206506225298348,5.062180087942237,0.8199760859014933,0,0,1,0,0,1,58.717754857019216,0.002416958449667527,1,0.0,0
0.39296642509228524,0.024826346328188982,32.14283287415994,8.586048970030253,2.105159981851212,0,0,1,0,2,1,346.0803346639197,0.027024521154696387,1,0.0,0
0.09208622999428186,0.05057274563387975,32.96985628059254,10.800273607359232,2.8467223387708436,0,0,1,0,1,0,346.0316489190723,0.05897397695688048,1,0.0,0
3.3372676070412117,2.253125253992268,85.0,0.03740894279351473,17.463023969287963,1,0,15,1,25,6,23.725292834824515,3.4959886636043813,0,1.0,1
0.0861156701459386,0.0016986391922637822,21.67144485969109,9.896850268768745,2.3699792138807467,0,0,1,0,0,4,34.584530425510096,0.4085909858376825,1,0.0,0
0.396906597536204,0.06400347348817458,18.792723202374198,8.222407198108929,0.061473163060246305,0,0,1,0,1,1,39.86995167399028,0.056329814045645535,1,0.0,0
3.458703100786585,3.2535751303223526,190.0,0.10674435066806609,7.707233508093065,1,0,5,1,18,7,13.024571532133931,2.743726172488198,0,1.0,1
0.08146661875710322,0.014367719547658172,26.709960749677606,8.713089352868748,0.4926864185181381,0,0,1,0,1,1,357.12364188662156,0.407531791000193,1,0.0,0
3.0214369346385825,4.056581992659572,0.05,0.029386675786394728,13.64964287559718,1,0,12,1,32,12,9.610572664593793,3.617334374412159,0,0.0,1
0.12894314967982573,0.017042902622557973,23.771892901269663,8.940646583381836,1.8610556491346655,0,0,1,0,1,1,89.94610943455162,0.022557833323200733,1,0.0,0
2.543446140478788,4.567337487579985,0.0,0.08525374631102775,8.236149038641368,1,1,15,1,32,6,12.599176568695711,4.725493445056382,0,0.0,1
0.08023121905244841,0.018678929411658524,35.89820394893391,6.849574248908567,1.0093526899079408,0,0,1,0,0,2,30.0,0.18115559088585856,1,0.0,0
0.1784025509600071,0.023688583922543503,15.547671314537482,6.820405185302598,2.346146943952401,0,0,1,0,1,2,135.3783338344276,0.2051611886176887,1,0.0,0
0.14493344226852975,0.09192584074313329,32.6095038817627,7.112607015071192,1.8249148497262941,0,0,1,0,0,1,30.0,0.09848158815932764,1,0.0,0
0.024433980032108605,0.04194535949887758,16.78941814247301,10.349652424753474,1.4137723057190006,0,0,1,0,1,2,242.27868467849527,0.6113822558227349,1,0.0,0
0.027966033628777823,0.07987480041642052,20.28863325396013,8.722134946391265,1.716707040582288,0,0,2,1,2,1,111.63779117228941,0.08150170420280128,1,0.0,0
0.14156278516564244,0.27742465175239595,28.31606919884446,7.132279593307127,3.112268293035107,0,0,1,0,0,1,113.13195446401477,0.17109350379611832,1,0.0,0
0.25112827346119665,0.3048067636729076,21.086298911934147,9.867236623872666,4.3922983836697576,0,0,1,0,2,3,61.091436024102514,0.03692683896667543,1,0.0,0
0.2147208828334991,0.0691310407846918,20.678008929648843,7.500075005582729,1.6157773851682617,0,0,1,0,0,0,136.64804921678729,0.008842096429811996,1,0.0,0
0.019068504494931943,0.130477914280884,22.192116106391214,9.207358751782095,2.029432700419993,0,0,1,0,0,0,30.0,0.03168053267046055,1,0.0,0
0.044852229562785645,0.0935745245829267,32.19109706167217,3.674898364160378,3.684383328181538,0,0,1,0,1,0,30.0,0.09072115792798893,1,0.0,0
0.25817332510663726,0.08951944070872707,32.62158672447607,8.834086208338288,1.2741163382791965,0,0,1,0,0,2,30.0,0.029610986300439936,1,0.0,0
0.006185895230828236,0.002900938523539465,17.705336411417477,6.872056408218977,0.45191161030750693,0,0,1,0,1,1,389.4095512326477,0.23606480200847205,1,0.0,0
0.043037433051677045,0.0674241269600991,20.607026406034848,7.701150438027966,2.8524412648213424,0,0,1,0,1,0,195.83869642488213,0.041134089229516294,1,0.0,0
0.08722250271893046,0.05430504783024139,25.874964915785867,10.089282407147317,0.12330966866212445,0,0,1,0,0,3,349.21907430337234,0.5330472533285951,1,0.0,0
0.09789442195849385,0.024944166309029476,25.06354439235132,7.4665817811402295,2.303692593921197,0,1,1,0,1,1,30.0,0.6583862657115577,1,0.0,0
0.20493888964864232,0.05243515786457135,14.371569163712543,10.31023836633878,2.205960716209084,0,0,2,0,2,3,579.3274398055172,0.03139387427798398,1,0.0,0
0.11591759636115061,0.023746606160128577,29.217028418177456,8.78642616641226,1.9455756996286944,0,0,1,0,2,1,290.9741340771757,0.2997473873595193,1,0.0,0
2.2651230887101432,1.5636966618425772,85.0,0.17558814972028902,12.171595909105314,1,1,12,1,18,13,2.3469151375342916,4.49079504333357,0,0.0,1
0.13797428722689828,0.023932587771455675,31.31287186822079,12.13815438039161,0.11213776277765164,0,0,1,0,1,1,47.98308848812986,0.08891431437320496,1,0.0,0
0.1552324805035361,0.04988751296107781,25.713577253634515,9.418950117938017,2.100946970289581,0,0,1,0,1,0,655.7123439713885,0.2903756527984768,1,0.0,0
0.049856737710484086,0.05962802871135489,23.55402534555005,9.05197169884108,2.4845771927942284,0,0,1,0,1,1,160.77392050158696,0.715488154118248,1,0.0,0
3.5263359206249794,1.0653304263649166,0.05,0.012151636796458587,21.257585081308754,0,0,5,1,32,12,5.84105296379158,2.2626194589288966,0,1.0,1
0.04100414570330545,0.030417989051442672,31.5347062308351,8.202759233137089,3.2316943004340057,0,0,2,0,2,2,124.63360363297144,0.23923277762287692,1,0.0,0
0.019509142046150934,0.12594112447761913,21.856867535598354,10.155550428743835,2.9973392257590774,0,0,1,0,1,0,219.05139366302654,0.15542600507784504,1,0.0,0
0.8,2.3261834294275094,220.0,0.222179105633737,19.35346220925231,1,1,5,1,25,10,5.964893368422409,3.2274883649058723,0,1.0,1
0.12033671802892228,0.04668119881148686,31.18087964873671,10.764193761669379,1.8418106201778006,0,0,2,0,4,1,30.0,0.47614088781067876,1,0.0,0
0.12005272280833662,0.13123167561120164,24.537574298403896,7.282353675153271,2.90271314828497,0,0,1,0,1,1,348.50401983733855,0.9,1,0.0,0
0.1255498610038741,0.06475827173788984,28.170481767126052,8.94963347338295,3.0349381631639325,0,0,1,0,1,1,30.0,0.39010540095966234,1,0.0,0
0.0658956838381602,0.058451248777940584,11.281795156552846,10.334733298955696,3.561022930447959,0,0,2,0,2,0,72.84534192299388,0.02403417262944689,1,0.0,0
0.03173593100790714,0.2019293296758521,20.264608850857986,10.243986930853726,2.079680979845414,0,0,1,0,3,0,30.0,0.061809353268546766,1,0.0,0
0.011301043303770736,0.04944815907897036,31.927397763057712,7.7980945157238235,2.9343287467259973,0,0,1,0,1,1,32.754199874221754,0.004308046301400572,1,0.0,0
0.23605333969861048,0.21582593389913385,24.64913042567517,8.417438453215258,3.740858077014435,0,0,1,0,3,0,30.0,0.09143601942757595,1,0.0,0
0.25124008132631254,0.0055724140828198754,21.19287323102854,11.592797374379659,2.694020087060742,0,0,1,0,0,0,128.65436549743254,0.0052974025278045315,1,0.0,0
5.092049118992426,4.153382368014275,0.0,0.1294206242425617,18.073043643882063,1,0,7,1,18,11,11.61743081992115,1.855387986986903,0,1.0,1
0.1289856240566369,0.2361109065883871,11.569338215214254,8.188381835636187,2.9216912981427696,0,0,2,0,2,2,103.55607016065728,0.05250588930399008,1,0.0,0
0.03702724706414783,0.06815298273963262,25.156518102704485,7.128130992100764,0.6705064278070811,0,0,1,0,1,0,416.30740376305215,0.05127468576789601,1,0.0,0
0.11235016299297837,0.1542148229385657,23.274175069322364,6.792142170857285,2.6590259520210964,1,0,1,0,1,1,30.0,0.2680804599451779,1,0.0,0
0.026819536295921643,0.09152073168397548,19.853148074761833,7.373867600409796,3.2844943775351325,0,0,1,0,0,3,259.072671568327,0.6776305754449314,1,0.0,0
0.15932948051846504,0.0890253377885047,21.861490665303386,8.058331015925836,2.023166080062099,0,0,1,0,3,1,30.95688971294296,0.0685235067017768,1,0.0,0
2.9822412500045945,3.475996363650966,190.0,0.19389703133889902,8.613569328788557,1,0,5,1,60,13,23.79279206734401,4.519265403117469,0,0.0,1
0.187059723821849,0.029623616584470658,16.732342410463062,6.848461809063684,2.8755050498444104,0,0,2,0,2,0,123.03520614788783,0.6751172550536411,1,0.0,0
0.013991059214862099,0.05318566278591764,19.345165146093215,13.188107557665251,2.194774005628067,0,0,1,0,1,1,30.0,0.05798825160604866,1,0.0,0
0.8,4.638048213819074,85.0,0.07541257847873592,18.92757428617505,0,1,8,1,32,6,20.533294312280404,2.8468857270837993,0,1.0,1
0.001959967020400877,0.24061461720835062,22.563357351876935,9.64816256421307,0.763617871593544,0,0,2,0,2,1,458.4492841131928,0.09522083587960156,1,0.0,0
0.059198554493355114,0.005884506440045923,24.035998053810133,5.784353585869116,3.4310197801252555,0,0,2,0,0,1,356.72927986045136,0.00032176233030750873,1,0.0,0
0.04899178635608894,0.05493241243549196,20.39586760356326,5.444838117288482,1.3396687371998834,0,0,1,0,2,1,395.04832814251847,0.2460591320874006,1,0.0,0
0.1599996144947801,0.16531325522964974,13.621092020533492,5.60648578734307,1.7867115866140528,0,0,1,0,1,1,107.24749743391915,0.03487995155482003,1,0.0,0
0.41845896501853724,0.0022588768306588893,20.09691182100533,8.817366647237458,2.906281120176021,0,0,2,0,3,2,310.24133505449106,0.14568493346162686,1,0.0,0
0.08179662649018371,0.04682094503746799,29.202793538033468,10.580053439725376,2.8174857806561917,0,0,1,0,1,1,142.3242084552584,0.31715733385405365,1,0.0,0
1.9886947894062352,3.156707877644638,0.05,0.1353593357688953,8.044001935846172,0,0,5,1,32,14,21.392281596698794,2.221194695263298,0,1.0,1
0.012073225351536116,0.09815300595428607,26.221353817371735,9.483628802175925,1.9594776164730683,0,0,2,0,2,1,155.60757582908204,0.22383252106266027,1,0.0,0
0.5868785954457666,0.007141694721704029,16.97349951193214,5.5201275907195555,1.7783966098173505,0,0,1,1,1,0,30.0,0.0063870778277772215,1,0.0,0
0.010632472160217423,0.026902697370097647,20.42109331830286,4.527418776259158,2.0040012602365955,0,0,1,0,0,0,211.19998344316866,0.03208738823225275,1,0.0,0
0.16269330259540754,0.07728998075616979,21.875877284077404,7.142591735776778,0.970870321921695,0,0,1,0,2,1,37.26555159340793,0.7834744298357845,1,0.0,0
2.922856087360767,5.310891780441022,85.0,0.07113568590986971,17.9188517915297,0,1,6,1,18,11,8.888591275054754,4.4435736483133,0,1.0,1
2.3243035184626617,3.592154644909145,0.05,0.042901434247146236,18.479285074823764,1,1,7,0,25,11,13.086309221205305,2.4938388318170857,0,1.0,1
0.16855595842260204,0.16142870018070565,33.22860261635409,5.495469495319438,2.9023257611303857,0,0,1,0,0,2,266.38450268573143,0.2552170728256417,1,0.0,0
0.03426350438356058,0.13889163975791774,14.293168319313532,8.188147805034184,1.3727425371384303,0,0,1,1,0,0,50.943004987404386,0.05185888498678011,1,0.0,0
0.08496984356636952,0.27257454089575883,23.823199734597495,10.372674761658661,2.3597657041660196,0,0,2,0,2,3,30.0,0.21035061755929615,1,0.0,0
0.0023888857550567284,0.035545936248006504,34.28484371807123,7.8637147346771465,3.0091034117280526,0,0,1,0,0,2,67.90147174489442,0.097716086127794,1,0.0,0
0.15492075326314042,0.06247671227260135,25.01195229360036,6.889196659868839,2.6186085476102834,0,0,1,0,1,0,46.01938977621787,0.17466715057812518,0,0.0,0
2.113668072364796,2.3398740760786807,220.0,0.0821571746187334,11.688129586676217,1,0,6,1,18,8,7.745657549493259,6.528922651597524,0,1.0,1
0.09351432228838673,0.03071398083630665,14.21387202670166,9.837928963436365,0.7169145636235574,0,0,2,0,1,0,151.86961446222847,0.12220622988707529,1,0.0,0
0.06928188972415915,0.003060078985797607,22.954028764265757,6.411625642271954,1.4860037216716613,0,1,1,0,1,0,95.08546681032793,0.06867874897873953,1,0.0,0
0.0015577637141802464,0.010786422183278322,27.676268921463045,12.378927099140249,0.23747288865498617,0,0,1,0,2,1,30.0,0.042163058345451095,1,0.0,0
2.982436976054869,2.93503801559814,85.0,0.19563317906632854,11.403118444453133,1,0,6,1,25,12,9.406690378183228,1.5,0,1.0,1
1.9421153910431121,2.1300856736560196,220.0,0.21424990906486863,14.727567211362473,0,0,5,1,45,14,5.382442098555705,3.1766754520796026,0,0.0,1
0.021241889337922128,0.02657724909329555,31.76396229193618,6.580535330334132,1.5797609251350229,0,0,1,0,1,2,114.84479027063274,0.12673025727761564,1,0.0,0
0.013526269771761358,0.2582469990249987,32.868048008992474,10.028375232271129,1.5845495169612505,0,0,1,0,0,1,270.62326918634767,0.1985999713276221,1,0.0,0
0.0013702307319050002,0.036542214913855856,25.60247982879606,7.456088869048207,3.6056901078208434,0,0,2,0,2,2,67.56548495424143,0.02506846418643276,1,0.0,0
0.06053604422264009,0.24046836506334118,20.42997635535572,6.803266927153818,2.642993154733334,0,0,1,0,1,0,30.0,0.13457986191451612,1,0.0,0
0.3593947504487731,0.035273985579088535,24.437098880966833,8.963037544092924,2.829223585637112,0,0,2,0,0,1,211.1945750534579,0.12752968399486508,1,0.0,0
0.011132864592307407,0.11178102775471191,21.525645263748892,4.867466999732009,2.552008310315779,0,0,2,0,3,1,89.09641240218818,0.013181400541023684,1,0.0,0
2.42628231784803,2.93254079366852,190.0,0.21545210355831648,11.421832254621636,0,1,12,0,45,8,22.28147059842047,3.673292626443109,0,1.0,1
0.0248493578575285,0.08306037556523631,24.534370706816606,8.909714600435382,2.1323090206885347,0,0,1,0,3,0,192.12261755401212,0.48344087330677177,1,0.0,0
0.08057764924635209,0.028936161813080202,29.474671525701915,9.234093585859936,1.674378716850004,0,0,1,0,1,0,159.0112344917785,0.05102915043244203,1,0.0,0
0.26314405626817294,0.0876775191735752,33.45797306518306,10.066936212417835,0.8169693346821496,0,0,1,0,0,0,162.27476433137045,0.1399153956889526,1,0.0,0
0.04664697135073629,0.13696004782532076,16.465696404016697,9.302859318734924,2.385956736258633,1,0,2,0,0,2,57.4101010529715,0.14595222116908604,1,0.0,0
0.06756576163174333,0.13296767860258535,19.841978470308106,7.595151470381917,3.0355650677774095,0,0,2,0,2,1,102.73881204454243,0.19234543408245514,1,0.0,0
0.22609820421049504,0.15544191549578198,21.04058328929636,6.801438076179817,2.9910470469274517,1,1,1,0,2,2,30.0,0.24360623848560353,1,0.0,0
0.1596637088291641,0.0005697466118592566,21.50725017238961,7.359612804603693,1.3536424628506367,0,0,2,0,2,0,52.48374123747065,0.10289247912149585,1,0.0,0
0.13450081576189327,0.05090542273913044,28.598447344290413,8.092233062040291,3.7832298917445186,1,0,1,0,3,0,215.9042564253518,0.05829144648174209,1,0.0,0
0.08669956079067309,0.19173486524401973,21.96096892190958,10.263392853915484,1.3954199123458544,0,0,2,0,3,2,30.0,0.29546644766888597,1,0.0,0
0.00943112093862613,0.05241387622904413,28.447307317198696,10.323627187141604,1.3005104949493003,0,0,1,0,0,2,155.4233692428247,0.03171159910420036,1,0.0,0
3.720431304488425,4.587957233737288,85.0,0.21555517756085366,16.376275802639327,1,1,15,0,45,11,3.959943275733017,4.118227353797227,0,1.0,1
0.005801615910291831,0.23660293893852455,36.91427603337646,7.517473944677356,1.1481940018173302,0,0,1,0,3,0,111.91228400667178,0.4264394938080945,1,0.0,0
0.17801165425537344,0.002719837589478236,24.57677200207745,7.064882721599894,1.9256504851920777,1,0,1,0,1,0,88.14259317283282,0.06069926825041523,1,0.0,0
0.04488714402465258,0.09508845241777841,22.099030832698126,10.118108578175557,3.37236394526517,0,0,1,0,2,1,31.303318869601025,0.273837292408001,1,0.0,0
0.020932640458694855,0.22945167097177188,15.167011441045823,9.590516966052238,1.567023734757784,0,0,1,0,1,2,233.32523562164948,0.0337133027149971,1,0.0,0
0.08451002097069403,0.021007076285948702,26.140096635011272,7.289872618556059,2.5892834329575964,0,0,1,0,3,0,39.74579588903167,0.29896967893643206,1,0.0,0
0.08591475187368745,0.15792786964917524,31.020844806482508,8.535505092346572,1.3179781851359487,0,0,2,0,1,1,168.33953417361798,0.12292036524148385,1,0.0,0
0.06788006208551771,0.025328388765583465,30.80779246816987,5.981408896239923,1.6794822763340307,0,0,1,0,1,1,441.19186525964,0.12420867019696358,1,0.0,0
0.03919454473261695,0.013443660834364199,34.81498598005318,6.618128094714229,1.1930779141902175,0,0,1,0,1,0,69.75638034025674,0.23385317200702038,1,0.0,0
0.06426013374439282,0.021584743677990046,21.143369074687243,7.306752612033102,1.3172571551957653,0,0,1,0,1,4,356.0551418640372,0.019047120720500202,1,0.0,0
0.03115244705021804,0.1619960211757345,24.344238316420252,8.624863406654885,1.539812951102121,0,0,2,0,0,1,54.54811912274323,0.0947158475148672,1,0.0,0
0.05592310099546033,0.1606305603171696,41.24124266729555,10.153303594864862,1.3748342117109607,0,0,1,0,1,4,173.3364990129232,0.08540133578821298,1,0.0,0
0.05972811818925064,0.012423323721889071,20.964748192342785,12.82795266660316,1.8434953513991446,0,0,2,0,2,2,37.43793822640102,0.5071434694773247,1,0.0,0
2.0357982986417125,2.7706596978981484,0.0,0.09933643519953342,12.461514640940972,1,0,15,1,32,9,14.711119930136082,2.462935670851538,0,0.0,1
0.05975264088883715,0.04177914655608188,25.895391444052482,6.425116607183349,2.023432127147405,0,0,1,0,1,1,217.67245522761664,0.25797552072035773,1,0.0,0
0.2330015611646931,0.07296518901522042,25.649435808004732,8.064063230078542,1.25288373896738,0,0,2,0,2,1,143.33466613460337,0.47023479893399883,0,0.0,0
0.7354587592684904,0.02402888050107626,17.248487818736393,10.876949933007047,1.7909360183274916,0,0,1,0,1,4,41.26977736640468,0.21040231415007488,1,0.0,0
0.24491780236490177,0.13482998246034028,28.329323350459074,13.971920318766976,1.3226377712782307,0,0,1,0,1,0,181.66862030925134,0.017152107586811467,1,0.0,0
0.015113335738324083,0.060630209628065805,30.237831533339225,7.331013134411203,3.1151302518328152,0,0,1,0,3,1,352.0253251937197,0.23927334567038222,1,0.0,0
0.13554598253241038,0.007075792920344882,23.04252873197296,7.191316257889794,1.2392661532229894,0,0,1,0,0,1,121.17474038124179,0.10541195575592915,1,0.0,0
0.0449090710776063,0.04045218603366339,15.957933973669558,6.5186049809275355,2.5764464926030053,0,0,2,0,2,3,593.8091863122718,0.4066811406966613,1,0.0,0
0.0029539777296826338,0.08662132281614422,30.228752188073308,6.794854822507001,2.074681639454239,0,0,1,0,4,1,434.8958241047904,0.040151989665820995,1,0.0,0
0.029843551341649975,0.006452012338689568,17.74156275437844,5.067004845712268,0.0,0,0,1,0,3,2,58.19426244651022,0.41285140831709727,1,0.0,0
2.9728861247746217,4.055452735837157,190.0,0.16732043232662908,10.503474364516615,0,0,7,0,32,6,10.88982919136211,4.373315161386972,0,1.0,1
3.6563590621751705,1.890264918312046,0.05,0.07527525037042665,13.716332938425065,1,0,15,0,60,6,21.18953437856218,2.2590988927492033,1,0.0,1
0.17926837985775262,0.06458445551307287,21.105291550396473,7.721729808046873,1.60044694400325,0,0,1,0,1,2,88.08152332446997,0.02189439207152105,0,0.0,0
0.14596584967922854,0.10525353392679174,16.628934057050984,7.4714620568587184,0.43912229351919274,0,0,1,0,1,0,195.9014475460914,0.01995523871422728,1,0.0,0
0.01372069225292984,0.21606160687758852,29.2460614028998,10.901601638856903,1.8446270117820014,0,0,1,0,1,3,81.0214836237658,0.3161239101869895,1,0.0,0
0.19643562056824107,0.06767646567428325,30.636148276535778,9.811838279317673,3.8053544591259243,0,0,1,0,3,0,200.89436422545654,0.1731042076229518,1,0.0,0
0.08843910494360582,0.061945259980243216,27.147468445154008,7.094334374129118,1.5038860202166233,0,0,1,0,0,0,554.6404812458171,0.11407200919846404,1,0.0,0
2.5733058275192917,2.5074811456285495,0.05,0.22356591608865262,13.554815867551563,1,1,6,1,25,13,6.79093587919749,5.652693885356158,0,1.0,1
0.11090366473636294,0.05824399862981154,20.31481369791569,6.5069431667628805,2.301812486075869,0,0,1,0,2,1,118.28615142674352,0.0876831750358869,1,0.0,0
3.8492771031318718,2.664297842679936,220.0,0.11580051273773986,13.238037385914037,1,0,8,1,60,11,16.361713052508428,1.9691657600772758,0,0.0,1
0.030179191759401962,0.05957896391700379,32.83297083046845,11.421637436578226,1.3695014857532468,0,0,1,0,0,4,188.88203856359536,0.2937072310842945,1,0.0,0
0.005142790477093084,0.017576224813410157,26.01528513585925,9.248433469604956,2.8680546542277767,0,0,1,0,5,2,166.32228815786397,0.1872612010146899,1,0.0,0
0.05089671789537663,0.2876842923345024,22.1130883839078,8.339834003501815,0.6969980781851954,0,0,1,0,1,0,529.7460529375292,0.17073328715092978,1,0.0,0
0.04330187639787756,0.012039841631427833,24.001208622849433,13.426027377550048,2.4132254496860357,0,0,1,0,1,2,112.756673663798,0.10021810340256337,1,0.0,0
0.1461198417357452,0.033357923441838196,20.747129105717406,7.718223465655223,2.951277388876531,0,0,1,0,2,0,73.723814603844,0.3321560731408284,1,0.0,0
2.955067553005527,2.6570188626423823,0.0,0.18607579763512178,9.427407998960557,0,1,5,1,45,13,16.99803371516674,1.698886743762907,0,1.0,1
0.055474487579684005,0.19257359113219866,22.74446837659296,8.530067851083581,1.9957479032800578,0,0,1,0,0,2,92.82076812492764,0.15813657205593967,1,0.0,0
0.0049343344980879705,0.0369486952428491,25.4935676739453,9.854299948266586,2.3864461835180464,0,0,2,0,3,0,111.3134516200412,0.12982146797830893,1,0.0,0
0.27105486174551113,0.18072814043042496,31.586637340630933,7.430455487884393,2.336321809621686,1,0,1,0,2,2,834.5950392506055,0.0018072190312435237,1,0.0,0
0.13398949006854433,0.10265259599037962,35.77732124178944,9.484874678308334,1.923006335861662,0,0,1,0,2,1,460.36452191244825,0.29502724312012635,1,0.0,0
0.553268369741558,0.14010989764193155,32.14478221867388,7.766794860322512,1.4309386091534262,0,0,1,0,1,4,30.0,0.008335326710448005,1,0.0,0
3.528803687362132,3.2661098145952843,0.0,0.06268987937733292,20.25353565080399,1,0,15,0,25,13,24.23488031377597,3.05630611001673,0,1.0,1
0.17368328811982053,0.006041379730286415,31.58950936535054,8.830050524877423,1.7856110680232216,0,0,1,0,1,3,340.39751052839097,0.047821120863292745,1,0.0,0
0.00771797565594325,0.0075142871199862125,21.24065872277218,12.989364510860511,2.3660559154607914,0,0,1,0,1,1,601.1377711888575,0.08997367982980337,1,0.0,0
0.10332515534082601,0.0060274506035723156,22.708209986135497,11.803277897371759,4.3464013239933985,0,0,1,1,2,3,36.924268207515105,0.3818316025813519,1,0.0,0
3.0567072027335653,4.618693658815981,220.0,0.0849020659096689,17.036165488216803,1,0,6,1,32,13,5.614919552883415,2.207636483577599,0,1.0,1
0.08118215589566799,0.13314683462934856,27.489770790689782,5.039555747709029,2.194838818985597,0,0,1,0,2,3,179.46012265942974,0.044694363490854705,1,0.0,0
0.09707735147324689,0.15955117889764067,21.358354783222286,8.353053890871564,3.2044079561306464,0,0,2,0,0,1,463.1756885930999,0.4865258537506595,1,0.0,0
0.04687595915370969,0.0725852106065594,35.25892253992286,8.534137650399453,2.101737205839927,0,0,1,0,3,1,172.4234898504844,0.057930162235575657,1,0.0,0
0.31678626505248897,0.1031108642889551,13.225155771272183,5.629262345906222,1.7201609241570606,0,0,1,0,5,1,129.98825443074367,0.020326073510913315,1,0.0,0
1.6667600316521212,0.8,190.0,0.04054322977959332,20.471867820484317,0,0,12,0,25,13,5.2068146875150285,1.7856844216834045,0,1.0,1
0.03324500672510536,0.05374471724831742,20.04861577929741,8.98620611665683,0.4931983551647092,0,0,1,0,2,0,200.6738561723494,0.04999807470127557,1,0.0,0
0.012832855367032422,0.016552811954258777,26.80391563194427,7.810466840252687,2.168692744809392,0,0,1,0,1,0,309.677668315571,0.251756708691729,1,0.0,0
0.006615207474682945,0.027098981310735654,29.556614000945505,8.578924398607862,1.7327879763053542,0,0,1,0,0,0,479.54517237261024,0.24167552760001182,1,0.0,0
3.0096384922001573,3.2323195953461825,190.0,0.06537615045793324,20.78056332818558,0,0,15,1,60,11,24.36877581812121,1.5,0,1.0,1
3.8667669478451336,3.3436801179433413,0.0,0.2014243965472275,10.873337995378613,0,0,7,1,45,6,9.912986257691541,4.220259191050707,0,1.0,1
0.1604351853629749,0.29538978683480216,25.20488320465265,8.70147161624269,3.5749343137890586,0,0,1,0,0,1,58.93375512767596,0.027668556162393054,1,0.0,0
0.18947958108742516,0.14972615267077408,21.996680051330532,13.467531985175016,2.1946075984610243,0,0,1,0,2,0,178.03502671449152,0.09698629447109532,1,0.0,0
0.051998928970845515,0.00919762581477246,18.443682562978182,9.059623708604711,1.3943227872428219,0,0,2,0,4,1,132.7129161463397,0.012280804555942633,1,0.0,0
3.8007843317632695,3.764533641660215,0.05,0.08877325932657623,19.347436669332716,0,1,12,1,18,12,12.837103789506646,4.946588285304868,0,1.0,1
4.102314238137842,2.7791739182515465,0.05,0.16541073877539275,20.020072565431164,1,1,12,0,18,9,12.503329596511957,3.3505880112445983,0,1.0,1
0.09465772326915842,0.09498764663816829,25.39563499227291,8.833632119036555,1.9002397246857334,0,0,1,0,1,0,514.4940983936281,0.04082827051626956,1,0.0,0
4.580548312998669,3.225474618123798,85.0,0.2222024795951546,13.327379881338672,1,0,8,1,60,6,19.84935715238219,4.797486104158814,1,0.0,1
2.884647865877123,2.2481213166922793,190.0,0.21140450000449032,10.718087352189334,0,0,5,1,60,9,18.40249145347242,3.660426050239178,0,0.0,1
1.6826442128522199,2.589762681445013,0.05,0.10684235327290917,17.009833022045576,1,0,8,1,32,6,15.291332473917556,1.73949824634774,0,1.0,1
3.3757387445614913,2.7489130753809508,190.0,0.055975522682221,7.295270011243745,1,0,7,1,60,9,14.79703625226712,3.6453560340279454,1,0.0,1
0.006183747539525575,0.009627744143573676,21.193768277062595,9.67567024373158,2.439170424432326,0,0,1,0,2,0,126.92041801237114,0.011331049029591048,1,0.0,0
0.11149154027782195,0.124138415938239,21.036797683795193,9.820517413413098,2.09442722435353,0,0,1,0,1,1,102.64399730447438,0.23131216215755163,1,0.0,0
1.3462475897514476,2.130369531267509,0.0,0.012534608847285078,15.296127284232128,1,1,7,1,45,6,2.907129180149238,4.231461043891869,0,1.0,1
0.10628727207176507,0.008920450563858208,29.760258701792154,7.786915142714428,1.1715918927612319,0,0,1,0,1,1,58.37749558803241,0.1649373113925185,1,0.0,0
3.275808624888934,3.171741730590486,220.0,0.1489167852896102,17.80956049204914,1,1,6,1,18,13,9.537029032653884,4.113497309699971,0,1.0,1
0.020630593390718203,0.25558184352573,21.818332572684,8.628589757175163,1.063480154194509,0,0,1,0,0,1,105.90153982221008,0.14893929483618726,1,0.0,0
0.0860134934650081,0.016521608848437012,29.360445325328726,11.919416057351038,3.2854869497089854,0,0,2,0,0,1,428.51788227337863,0.02902339040267117,1,0.0,0
0.05863692513628511,0.06742136365594671,23.485002869855084,7.797330129088577,2.602535365586866,0,0,1,0,0,1,94.52540204533808,0.13522147547325727,1,0.0,0
0.041998223446819076,0.025994916721355947,15.910607779992413,9.07203161526925,1.7836996715364903,0,0,1,0,1,1,107.23242034680273,0.08436468484928204,1,0.0,0
0.02622265493586556,0.06030582018596155,34.98856193579601,4.697851142364028,3.1543562861524252,0,0,2,0,1,1,145.46441292611667,0.08485005907861504,1,0.0,0
0.14118457285197783,0.23029126725573842,18.56431777859701,10.938862165909544,2.1115142242538814,0,0,1,0,1,2,241.2785567789321,0.01550401711584003,1,0.0,0
3.29478705288701,2.5688624208002766,190.0,0.17358736166771785,16.559171745907943,1,1,7,1,32,11,9.573561488032542,4.007645733648004,0,0.0,1
0.014590663374817561,0.03474730955495536,15.568267336906674,10.213330239738813,1.5055073981178515,0,0,1,0,0,1,130.65843852121026,0.9,1,0.0,0
1.748198453007263,2.705716085982323,0.05,0.03315689274060318,14.483689416961637,1,0,15,1,32,12,20.622634880839964,1.5,0,1.0,1
0.02310253974624204,0.014053103748192703,24.01419645350979,12.146717924072933,1.2324534987698468,0,0,1,0,4,2,71.04050221623154,0.17534190546175968,1,0.0,0
0.029883998778394046,0.03081207508144694,22.911763164443677,9.741659890579733,1.67673774061251,0,0,1,0,1,2,55.5061922214492,0.1285039368547119,1,0.0,0
0.025277062865293617,0.10679240258373238,22.333684962813216,3.3677612281351728,1.4954394677638894,0,1,1,0,2,3,59.980497916414414,0.08979309379122738,1,0.0,0
0.11099395143821474,0.27056208836112244,27.189821778244887,9.09226717977121,1.1697378492799482,0,0,1,0,0,0,70.04596790574017,0.37396270552584526,1,0.0,0
0.008929575573152942,0.09385358661213587,19.158451177614026,10.675880506537105,2.7555049064655894,0,0,1,0,4,1,295.64437458180595,0.9,1,0.0,0
0.0051382805557217475,0.20685008194333646,35.120498953620675,11.223076405696222,3.755083605761537,0,0,1,0,2,0,63.55503725862395,0.05734807982665501,1,0.0,0
0.028759209765462947,0.06461271628207128,27.708689104516708,11.21858284867302,2.6708721945019316,0,0,1,0,1,1,116.91372850502418,0.21859234035146258,1,0.0,0
0.25458846471628316,0.07771561719193466,30.281210930847784,8.263583108858107,1.2906410903575802,0,0,1,0,0,1,59.397620273387574,0.19484305022241816,1,0.0,0
0.0014612347065240399,0.22579248578508707,31.242552796641487,6.754977446788727,1.1609017774289518,0,0,1,0,0,1,69.31509726597088,0.20690662300922763,1,0.0,0
0.8,3.7869698275748105,190.0,0.12462996391771508,18.09542871373853,1,0,7,1,32,10,11.858832951875815,3.3207259652808285,0,1.0,1
0.09467863594238005,0.07095530289159495,37.47969677280062,7.1837730138166105,2.431855493461616,0,0,1,0,1,3,118.824844930041,0.14570298871929932,1,0.0,0
0.05291792648974581,0.05482630248443055,21.378964928644667,7.444456248109148,1.8175912992640813,0,0,1,0,3,1,234.80210310710615,0.36103104593792507,1,0.0,0
0.151674337084378,0.014129009273203777,14.86407900198913,6.381157185835887,1.300019099796629,0,0,1,0,1,0,56.183129249474995,0.005886772263757386,1,0.0,0
0.011590161158496811,0.023777499274128366,17.140544884371323,9.662746118677848,1.718493438579231,0,0,1,0,1,0,134.16302496239007,0.7104004928057098,1,0.0,0
0.8,2.7346730054651287,0.0,0.12449081668310893,18.001809531302662,1,0,6,1,60,6,9.258437598567713,2.194654182436394,0,0.0,1
3.404499646320729,1.7249677319830443,220.0,0.14551904504459617,17.682740296399995,1,1,7,1,18,10,20.615159241388348,4.037092905441537,0,1.0,1
0.2612245271774457,0.06625586636879478,16.152963972083093,8.397210145614952,3.67602145875993,0,0,1,0,4,2,101.96639560471178,0.684164576896481,1,0.0,0
0.030135153567661166,0.10403262381258702,26.49901082384623,7.606546268554342,1.3608607822149597,0,0,1,0,1,2,133.9404378259098,0.5456345886077345,0,0.0,0
0.11049813581495814,0.10168603459403672,12.47339538752934,6.89391519787151,0.764077826490807,0,0,2,0,1,0,402.41830308826127,0.0853284083654059,1,0.0,0
0.24479803478191445,0.05499981841871066,30.02749707164088,9.217482776216606,2.0661788318651033,0,0,1,0,1,1,86.12669445270687,0.10266435463932098,1,0.0,0
0.06187511174593052,0.05550061436684702,24.124708860890507,8.776450473003681,0.20192164005712,0,0,1,0,3,1,199.42432029253612,0.566949711328918,1,0.0,0
3.155876788216159,2.0463897771225126,0.0,0.23726246746318458,25.0,1,1,7,0,45,13,9.65261015634358,3.6281233880599886,1,0.0,1
0.044581302824726776,0.11797020390313238,26.3471427936311,8.582771524614229,2.430814070697415,0,0,1,1,3,0,277.9258990336004,0.23252907280770924,1,0.0,0
0.19920847365238784,0.00873833368752782,38.26604336385422,10.81750966901974,0.913890313674375,0,0,1,0,2,3,166.18650152413946,0.23658481185301772,1,0.0,0
0.06593313876238915,0.09834949031628731,21.485500777743916,10.820096857812818,3.3616234583088174,0,0,1,0,2,2,365.28366809511715,0.1492550980413234,1,0.0,0
3.5935597198351505,3.834550246449163,0.05,0.21420670051556295,14.56704892303677,1,0,8,1,18,14,7.500252758411612,4.615764884625852,0,1.0,1
0.5814496863184633,0.019320542379033544,21.55286241264835,11.720152246379298,3.6164255574900404,0,0,1,0,1,0,254.05116860301064,0.1769073235000684,1,0.0,0
0.000664490445112257,0.05308986449276151,21.416611570632355,8.043278414684721,2.426539290026543,0,0,1,0,1,2,307.56391502905154,0.07005655040659757,1,0.0,0
1.8973560766458097,3.3201785470940774,0.05,0.12765521520334708,5.0,1,0,8,1,25,8,11.193689385292984,2.633194542374035,0,1.0,1
0.008367111287371358,0.09563583746709109,30.88066632473219,8.468624066486123,0.5624542185555919,0,0,1,0,4,1,299.9078255445481,0.056159298392260575,1,0.0,0
0.006703651167109964,0.01555305146250064,35.337987301138476,10.68195805523893,2.7254915722630146,0,0,2,0,2,2,472.9626733946416,0.2476048740683591,1,0.0,0
0.09604977378838785,0.12361308461991094,30.862683868830093,11.73471739489011,2.090083477540107,0,0,2,0,1,1,38.03555784212084,0.41418291660630874,1,0.0,0
0.1798532765609157,0.007972296950026525,24.759823194196667,7.36665881407712,1.0688421498433986,0,0,1,0,1,1,36.652605908238634,0.03910506626415162,1,0.0,0
3.4010346328879706,3.9285124611458353,85.0,0.08150110074561456,14.08255961462,1,0,8,1,32,8,1.0987126938107057,3.3987369031229577,0,1.0,1
1.9844640685236472,2.5997124214158287,190.0,0.20491002833349595,8.849550265849139,1,1,5,1,60,7,8.671250385464457,4.129683659526864,0,1.0,1
0.06637510417397234,0.004042320908017751,25.274884737470547,3.9334390849455394,1.4191208618227023,0,0,1,0,3,1,55.483581788527346,0.03313333696036407,1,0.0,0
0.13661862397861815,0.0551530806213626,21.172411465693393,9.276548509852867,2.4745838196939447,0,0,1,0,0,0,30.616131471164692,0.17352690946601956,1,0.0,0
0.12325712256595048,0.02525181022611891,37.13557019519877,6.387459184503788,1.5430059614435407,0,0,2,0,1,0,92.71355381778424,0.1379858496958085,1,0.0,0
0.08660916698613663,0.08128960034062085,16.045590519824483,12.829785178202915,2.81788196670747,0,0,1,0,2,0,52.065961611136956,0.12271706383654842,1,0.0,0
0.10852726396444454,0.02673764659333175,38.64801218902558,8.637749279027538,2.5395475333610182,0,0,1,0,4,0,211.34082058931645,0.18253804215348346,1,0.0,0
0.15586835745814667,0.1392170803699127,18.252869085893842,8.135516351642922,2.5858172974674507,0,0,1,0,1,1,123.04559500619389,0.05742034363571509,1,0.0,0
2.1892564445021416,1.6714785945800799,0.05,0.21629503743063364,11.2159553181472,1,1,5,1,25,14,11.511795058664013,4.605445717144159,0,0.0,1
0.010638464133336802,0.04934365425575951,26.61174000244085,4.394435133658949,2.0917189497483655,0,0,2,0,3,2,452.8506493796811,0.026021378155294872,1,0.0,0
0.007149960999932217,0.03477453173903048,31.357815092093446,8.051518088903627,2.265107094512243,0,0,1,0,2,0,37.20086204845254,0.27206778133453485,1,0.0,0
0.17177398293080887,0.0781075585073374,17.796462495437638,5.42499356353055,1.4250911712942966,0,0,2,0,4,1,76.52332151179233,0.3653894930611346,1,0.0,0
0.3501878760881146,0.037989210141730345,32.84602083198886,8.10578402412521,1.8809141575726815,0,0,1,0,2,0,30.0,0.08125057771254846,1,0.0,0
0.08280437062186621,0.06954417499190929,23.818268799643363,10.028316599863789,2.215545635009952,0,0,2,0,1,1,227.25248252513452,0.1836705722244587,1,0.0,0
0.1967830460922431,0.06552162641267369,20.39844085220067,8.396573777383908,1.3958617132483826,0,0,2,0,3,2,30.0,0.05054693632689668,1,0.0,0
0.025268055415549096,0.12579321101493787,34.38241978026722,8.88784295376787,0.2999278350216936,0,0,2,0,1,0,130.18805401181777,0.1884123126669161,1,0.0,0
0.09276548245032502,0.17272865663232775,23.433562849317468,6.609063320010684,0.6547675479001698,0,0,1,0,1,2,130.69789308533055,0.16455308247464853,1,0.0,0
0.02552274807413311,0.12495089220707559,10.26052425850241,9.523111057044009,1.3067666632830528,0,0,1,0,3,0,213.55175613181382,0.22503183498842702,1,0.0,0
0.003658322095442821,0.2867030805260162,18.43813058153515,11.740317369913415,2.997350656551526,0,0,1,0,4,1,69.16756913059926,0.10739283881196349,1,0.0,0
4.281404352315376,3.4378470148473608,220.0,0.09115955910006193,17.30574163537389,1,1,8,1,60,14,14.139511650831164,4.428126088262351,0,0.0,1
0.14993902499472309,0.11305922904246853,19.826274650129783,9.77579663251985,2.756594118506432,0,0,1,0,1,0,246.95102075202294,0.24892478451265587,1,0.0,0
0.11505692273169361,0.007205861209174003,28.918111438130282,8.877224683950024,2.157039170196768,1,0,1,0,3,2,323.2021577466975,0.5279455422142048,1,0.0,0
0.16585866495655985,0.03439793570572611,13.31852107017129,12.094033032995908,0.03700809234727864,0,0,1,0,0,1,64.07366034177345,0.18249366044574344,1,0.0,0
0.0727353306812341,0.047294389061567826,26.648393115642463,9.5518883612496,2.5795812479848044,1,0,2,0,3,1,114.50285383553768,0.14386389059495383,1,0.0,0
0.5286159796057591,0.08848821910246606,15.555285879982453,9.118315439034928,2.8551890533928272,0,0,1,1,0,2,95.2162700699477,0.0038630070064017614,1,0.0,0
0.013525568253923525,0.2377464137761606,25.795791105414075,6.921295268194846,2.8017851843284856,0,0,1,0,0,0,49.62417965002219,0.40402047451718137,1,0.0,0
0.023721175281061355,0.31190617544662924,18.181413811283456,7.64279552610258,2.396270920945111,0,0,1,0,0,1,300.05340419307345,0.13346999122560224,1,0.0,0
0.008777617579357608,0.01785237622138572,29.538772138322457,8.712870832862578,2.1697564295368714,0,0,1,0,2,1,332.0281012466291,0.19513369962211802,1,0.0,0
0.09205570954472331,0.07112051309882096,23.726806454426182,6.941087597495535,2.4784096833437768,0,0,1,0,3,0,214.7660112338399,0.374896967660259,1,0.0,0
0.032449183928654014,0.0745563499408954,29.250243925786656,10.265849611173504,4.390648134335849,0,0,2,0,1,4,36.82308432708935,0.6095015538559356,1,0.0,0
0.12590600725382756,0.0423527378738937,27.760455689593943,6.563832821692344,3.4980502845365953,0,0,2,0,1,2,165.89992382968097,0.0020380135065825766,1,0.0,0
0.005598822856075725,0.10385678041449513,37.21394858229389,8.053203167315818,1.7241472853622546,0,0,2,0,1,0,379.2842443299046,0.008038969665578979,1,0.0,0
0.26580994885795617,0.0641151619708714,32.296929637168155,8.534439165461121,3.3255225693540593,0,0,1,0,1,2,35.36706975745785,0.0983325596585874,1,0.0,0
0.005160573712481679,0.014796493726884716,21.386833213382307,8.79611482778163,2.1225551569507717,0,0,2,0,1,1,90.59346918903303,0.2151646371412048,1,0.0,0
0.14602957711621492,0.07395029524446561,22.31462351643554,10.626871443734919,1.6131590420134942,0,0,2,0,1,2,396.98232849088186,0.3008971916244802,1,0.0,0
0.11013332042649504,0.06794363371593383,23.78028017198224,11.142422252155153,1.234346714754622,0,0,1,0,1,1,377.2265974219716,0.15561798558758433,1,0.0,0
0.27641007231858516,0.036672381587836776,16.800603292638236,7.377286524952106,2.544929188178994,0,0,2,0,0,0,468.24145562100773,0.04626817758306471,1,0.0,0
3.427689594642095,3.8408561808562522,190.0,0.1778980436889861,19.320754547229587,1,0,7,0,60,8,12.597729952231678,4.709802320524121,0,0.0,1
0.012895941170475315,0.016961638286057228,34.254842110054604,7.93441357978135,3.1619086196280453,0,0,1,0,2,1,30.0,0.009719451264779086,1,0.0,0
0.05634706571672575,0.03188861254311984,24.63647265101735,6.143744209299891,3.516744797533817,0,0,1,0,1,2,914.3436103607247,0.1447685729851323,1,0.0,0
2.201661070226694,2.724835791691337,85.0,0.12598531886377307,11.147917159877714,1,0,6,1,60,11,22.384426106163467,2.7633258384278956,0,1.0,1
2.614928448687053,1.8416556851525194,0.0,0.2458281050032488,12.54162809644275,1,1,5,1,32,13,10.497926565288564,3.5127001497175776,1,0.0,1
0.05168247729258953,0.10344421391484579,23.86764146151685,11.14480864962346,3.940254293481912,0,0,2,0,2,0,644.9339887839899,0.11669862079513256,1,0.0,0
0.006314896391122038,0.08935357484559597,38.29271112785474,6.801720706974016,3.0480836645718856,0,0,1,0,2,2,120.30007331551596,0.6979803896280276,1,0.0,0
0.1056397216363106,0.057409711938581263,27.54132519943593,6.77165584165207,3.42653615440664,0,0,2,0,2,0,134.25430887430267,0.13307698419337585,1,0.0,0
0.03304184691290237,0.017216392650957806,30.55675975145609,8.702654353720936,1.2623816374265613,0,0,1,0,1,3,232.8345540710808,0.1365703184509439,1,0.0,0
0.008870751224281449,0.008255210976138152,34.42504638173422,10.694150612825256,1.6638499972822482,0,0,1,0,0,2,32.293896124336136,0.25067608644845224,1,0.0,0
0.06529019259402952,0.15256524862381526,33.195713015804586,9.589225008368075,3.7758468947911954,0,0,2,0,1,1,139.67701453358396,0.15805332312503828,1,0.0,0
0.13216755806067682,0.20685804973191319,18.81993623517775,10.066769448308479,2.0129639414717593,0,0,2,0,2,0,589.6157651793268,0.4756769918118182,1,0.0,0
0.1982797887375452,0.038208988000060985,31.94709171732632,5.850333888594731,1.1284894056668429,0,0,1,0,0,0,421.2745598092626,0.0276887742822664,1,0.0,0
0.20106904839392123,0.0060352825219138475,12.070376111252127,8.763500219494583,0.22273620131035332,0,0,1,0,1,0,37.40705272526224,0.4490069901170654,1,0.0,0
0.018397321224901873,0.16658813530132438,25.769878603932963,5.438144734974707,2.5828280694561387,1,0,1,0,2,2,170.39096316007658,0.1545089548668756,1,0.0,0
0.0037124818678484655,0.03714887377907705,29.0110008202076,9.170252266147328,1.6223950469420614,0,0,1,0,3,2,30.0,0.06817047401241454,1,0.0,0
0.13867309339637485,0.007965162791277996,36.93648156561261,7.477124942434921,1.0538464188703194,0,0,1,0,2,1,74.47632933396162,0.2999667469581732,1,0.0,0
0.011036270052486086,0.1618286580385586,14.035415205581828,9.382479644340542,1.6678222060692613,0,0,2,0,1,0,331.3478727503195,0.13997736362673646,1,0.0,0
0.1245218344364107,0.0039002013641209355,31.264324685331808,9.227680868585226,2.802624760078478,0,0,1,0,0,0,30.0,0.04735291514793088,1,0.0,0
0.045011745498529966,0.11947812799710182,32.347489866728004,9.299093682031412,2.931469519553989,0,0,1,0,1,4,69.84153039029752,0.08851614578526601,1,0.0,0
0.1577869552512711,0.07873543757883579,23.8094972296699,5.828616956613848,2.14765184053745,0,0,1,0,1,0,275.3032995649704,0.7094526844155489,1,0.0,0
0.40593515292486493,0.031635864228208015,33.68239479947214,10.74390098383045,1.7963213654276444,0,0,1,0,1,1,38.94772809000132,0.10394210053769547,1,0.0,0
0.2606774947764513,0.008765076508591317,31.417140214099756,7.42054640369646,1.7915073689797203,0,0,1,0,1,1,144.5690034763648,0.2246162173841995,1,0.0,0
3.266592032605992,2.4530560161209705,85.0,0.010233646816239061,18.9396341463749,1,1,12,1,25,13,20.170562009500262,3.8442711188637064,0,0.0,1
0.4456308362552499,0.021241042992156393,16.135489413828406,1.8409924049837416,1.190355540296355,0,0,1,0,1,1,65.4360306990053,0.050027553965888295,1,0.0,0
0.02262434160639486,0.016535664224648753,28.06203760378224,8.74952772575477,3.0346681017529358,0,0,1,0,2,1,30.0,0.22472533933178693,1,0.0,0
0.061031977880348136,0.09041760292410249,34.766424536086056,10.944804323301005,3.565103405574244,0,1,1,0,3,1,137.66388805171277,0.10331582681940513,1,0.0,0
0.02422653595237935,0.05441992680749405,22.897469153006128,7.710640582678993,1.7096967312648093,0,0,2,0,0,0,31.072656965383477,0.1337400932422968,1,0.0,0
2.1547665717764204,0.8,0.0,0.12501560610971044,11.824124083390267,0,0,7,0,60,8,13.784058684427315,4.0084178146298335,0,0.0,1
0.07989430896495613,0.13242922908410887,35.76571334551608,8.198832903250144,0.2384175727453517,0,0,1,0,2,0,214.9265697048977,0.3035684524863198,1,0.0,0
0.011904601398690496,0.04522354373040935,22.274992768788287,11.18266013909936,0.1683487712863736,0,0,1,0,1,0,319.4943504710356,0.18474687311664914,0,0.0,0
0.046350333801846326,0.06810566829923488,33.76072093969007,7.065002795831157,4.3914526628520925,0,0,1,0,1,0,479.44563052584414,0.04560310920887251,1,0.0,0
0.39384118374496774,0.06857861100735328,24.58362765190939,6.707333334056008,2.720610548678933,0,0,1,0,2,1,63.35061521103624,0.031009073816606975,1,0.0,0
3.2036254455209034,3.595375066010508,0.0,0.11754326727332537,24.599908409335914,1,0,5,1,32,13,12.161033742571462,1.5,0,1.0,1
2.8397345325554473,3.988916731992096,220.0,0.21154620381820474,17.059707954130864,1,1,8,1,25,9,18.190097353113188,3.2822674114335495,0,0.0,1
0.051485196204476974,0.09036367763522847,25.916018587605933,13.470627849067373,1.610788854803236,0,0,2,0,1,1,240.19071536011577,0.2086558117176386,1,0.0,0
0.2116195501172505,0.05874424230165068,5.371670465011899,5.101140960784964,3.379111403168567,0,0,2,0,0,2,429.24175327182513,0.2904347038996894,1,0.0,0
2.9806721521987534,3.286368117246094,190.0,0.09439193263138246,10.608181276839021,1,1,6,1,32,8,10.079606372128236,4.8303089304679485,0,1.0,1
3.9201129974195945,2.9653607633241252,0.05,0.07667582325022324,12.610225524354792,1,0,5,1,45,12,23.165223072656854,1.6395899760702615,0,1.0,1
0.05915861448722055,0.2719891917358328,16.030826798686807,7.53008891024477,1.2818623412372703,0,0,1,0,1,1,70.13402366266195,0.3480410283584876,1,0.0,0
0.11356450486797584,0.08795159497869244,35.174241389694245,6.228805468948952,0.13416024479656397,0,0,1,0,0,2,93.55657274114328,0.06463957423872965,1,0.0,0
0.19713525912885088,0.013682416398805346,23.033165232554616,5.525420413585143,1.2339195438530703,0,0,2,0,2,0,143.9879953307205,0.4425627905081808,1,0.0,0
0.018175929851361905,0.0473467636534982,22.343096901357434,8.107412764508467,0.8230801078684158,0,0,1,0,0,4,87.1829379662525,0.25613245378549204,1,0.0,0
0.08024447805451466,0.0038247764696025524,27.381193886031866,9.441142918800594,2.1518190927437586,0,0,1,0,3,2,197.9649239272296,0.08338860900843362,1,0.0,0
0.05631462050889358,0.08395467239395375,19.010007294622923,7.040006656839847,1.0456202766973712,0,0,1,0,3,1,30.0,0.1466730453200769,1,0.0,0
1.79994986337886,4.513281541333096,85.0,0.18625681506812863,14.876285345526172,1,0,7,1,32,12,4.961619896941151,3.140259195180629,0,1.0,1
0.00419924657321749,0.01705777144621942,15.892521170483702,6.770207775143154,1.5085895833104375,0,0,1,0,1,0,426.12272512253867,0.18796989515588025,1,0.0,0
0.07867677055629668,0.017898402637512637,15.007719300228885,2.8121126704564645,1.204563416267701,0,0,1,0,2,0,30.0,0.11550456854982281,1,0.0,0
0.10855407565549755,0.04596284445957204,22.505586012068488,8.910369781472367,1.6622037369426717,0,0,2,0,1,0,390.4115574526294,0.10901584964078333,1,0.0,0
0.13879113444381908,0.12929769264521263,37.84619113373413,11.264275989693349,1.0772514364356303,0,0,1,1,2,0,30.0,0.5043469866242662,1,0.0,0
0.33576055912212643,0.05823911540841953,28.213916461817995,9.632354781540345,1.267186838896301,0,0,1,0,4,2,96.18487835464157,0.009223195033088378,1,0.0,0
0.42042689701899744,0.0980985989032433,29.953523741353536,7.086513636715294,1.1456903495856374,0,0,2,0,2,1,53.28903908287707,0.180765147584382,1,0.0,0
0.013577642075499486,0.014984834248893445,17.91755962889809,9.619323140648737,3.1259303306340565,0,0,1,0,0,1,242.27822707752034,0.018785937027142832,1,0.0,0
0.01914316610722594,0.02077119644553317,27.756657144984302,9.160299898783878,3.7419225318939384,0,0,2,0,0,2,152.2524074708587,0.060995669301613015,1,0.0,0
0.17353948758031035,0.14312996104795375,25.449881249599503,10.006662343556423,2.2001516648074246,0,0,2,0,2,0,56.138338653562236,0.9,1,0.0,0
0.10456447790086365,0.0789495890006957,37.206355943222405,7.788906657618588,2.2964675660492255,0,0,1,0,1,2,85.13896707612284,0.2423751619540886,1,0.0,0
0.05260156134160898,0.09505574045307784,31.077931790104362,8.886044265435885,3.012890574037373,0,0,2,0,2,2,336.9449012925764,0.017991416708446065,1,0.0,0
0.23769728480824298,0.16620574329481444,16.540967181110958,4.500026879379417,0.3313705734992143,0,0,2,0,4,3,626.6079317879726,0.2094700928473423,1,0.0,0
0.15052809318298022,0.04624692025004497,28.098564119142146,8.239972053489739,3.290160023765993,0,0,1,0,2,2,30.0,0.2576940734115491,1,0.0,0
0.23821841909168148,0.14592036614906057,30.527207547930512,11.842708168186256,2.786096320104375,0,0,1,0,1,3,429.55266502953504,0.06944456314404433,1,0.0,0
0.11090426627821387,0.23522824974259662,26.948001843039698,11.582914389664507,3.0696916817396076,0,0,1,0,0,0,34.24784277088895,0.24392668738015422,1,0.0,0
0.21681935986571635,0.0408867556293128,22.81345593382106,6.193479654649483,1.7802562519781857,0,0,2,0,2,2,30.0,0.34960591445593214,1,0.0,0
0.048784876173940075,0.11835712378771256,25.87450422225141,9.52321018073804,1.010857919919379,0,0,1,0,2,1,58.33021463415426,0.23985575975391027,1,0.0,0
0.10910449991725384,0.04968387559008834,27.14413422632234,10.757091555062374,3.139856604361703,0,0,1,0,2,2,270.07730338444543,0.11190029203592966,1,0.0,0
0.01845600666101413,0.06122319666704355,33.29212996858218,11.059228238355495,0.5938575580170988,0,0,1,0,0,1,191.37246079112293,0.19633115379277685,1,0.0,0
0.2516643200753199,0.0918253335096681,17.825698088700552,9.251493763439317,1.4888022014386153,0,0,1,0,0,1,40.44194316637019,0.09908106147619773,1,0.0,0
0.4204356468275051,0.025052194577098622,19.457842735710702,11.428402545047174,1.6777588461642792,0,0,1,0,2,1,246.7780199565086,0.0022836422558121317,1,0.0,0
0.07762854148940179,0.06275007723234081,27.51588316864744,6.046168647409519,0.809290568054839,0,0,2,0,2,0,450.83369461569714,0.029987359923893588,1,0.0,0
0.01202630674365041,0.03773375086294694,25.155498761091156,4.667398468004587,2.3962775398868716,0,0,1,0,1,1,119.27645093090406,0.016256720223426946,1,0.0,0
0.04185599703147998,0.33374590582262814,24.121418406038334,8.668020381848702,3.562668505230683,0,0,2,0,0,1,82.18458516101083,0.04563529864430422,1,0.0,0
1.8833692982243058,4.721429305010939,0.0,0.19176019438906844,11.430200388751746,0,1,15,1,60,10,19.161379661681572,2.863036322958546,0,1.0,1
0.005524873194918307,0.07577271502315655,37.9861328120632,5.898529859225329,2.760319315759424,0,0,1,0,2,0,63.84382242094654,0.04505863188109103,1,0.0,0
3.6701847761847164,0.8,85.0,0.17855752895634516,19.13237284701611,1,1,6,1,25,14,1.3118602277604658,3.603948870578522,0,1.0,1
0.02739194715387444,0.043975915408806375,33.98627184005192,8.51654898868464,3.9478909798017616,0,0,1,0,2,3,340.52335810118365,0.4011828179556889,0,0.0,0
0.19738635628210224,0.022901954403297342,19.890505325306503,6.718336639738436,1.461500113005659,0,0,1,0,3,2,36.022925928651745,0.26022345379046485,1,0.0,0
0.023128699552884425,0.13645856831142594,19.543540696566573,10.947159319518548,2.4260250117929782,0,0,2,0,5,2,30.0,0.3333422174574544,1,0.0,0
0.1344132498781434,0.023154174169421584,22.7760377916831,6.891724623678623,2.2458223266752997,0,1,1,0,1,1,302.79855873471416,0.24843613179924826,1,0.0,0
0.0005571340879611461,0.04723087647052276,27.344029658780737,7.167473227278418,1.5293268550178198,0,0,1,0,2,0,256.63787750259047,0.03384484956281043,1,0.0,0
0.28767038475470935,0.014356017789605694,12.518155270884291,10.22017013548564,0.8658723375215673,0,0,1,0,1,0,250.1263945159633,0.0938867389990711,0,0.0,0
0.14700157799609237,0.0872814730492656,29.343121736871034,7.744261092077298,1.7101780911316031,0,0,2,0,2,1,101.37096151287828,0.07028942664685832,1,0.0,0
3.376853303309628,1.769121092863958,0.05,0.20568664862467592,12.381895580822471,1,1,12,1,60,8,24.849255590537716,2.1713349629099037,0,1.0,1
0.0083318460993905,0.014187778213253512,32.16743531166466,8.094152086931544,1.282736094155653,0,0,1,0,1,1,158.2233360585469,0.4413955316082314,1,0.0,0
0.0245676338296159,0.08358834825016988,25.1840005748267,8.398115441873195,1.7251676219427727,0,0,1,0,4,2,259.46687548928213,0.2205146276360994,1,0.0,0
2.3282405038273613,6.4827355314130335,0.05,0.0976546194445091,18.774261393569446,1,0,12,1,18,14,13.376255910827904,1.8391408543145091,0,1.0,1
0.11022880190541036,0.031548975148321584,26.132993575819096,8.971730131499141,1.5218133027663003,0,0,1,0,1,1,87.34980075757598,0.14434127729048382,1,0.0,0
0.019843841438688333,0.07081629222702587,33.12976199355276,6.663367725343198,1.3063020323833328,0,0,1,0,1,2,273.3372359798103,0.1762632248832419,1,0.0,0
0.3201359352706625,0.10914452367832393,29.617776860771155,9.381639597811432,1.9043869765880796,0,0,1,0,2,0,519.884210082838,0.028276661369790446,1,0.0,0
0.02098851241538627,0.02835712388420895,26.512536152187256,9.701827564830669,2.1891158497110346,0,0,1,0,0,0,64.51444689846664,0.3016905767682535,1,0.0,0
0.05008833044962004,0.03387157146635319,35.51569656261521,7.411197960842175,3.2577384675036596,0,0,1,0,2,2,44.644573443729556,0.12626727563235804,1,0.0,0
0.05564227806567564,0.31298369620671496,19.062362052678704,7.9740501719685914,2.693983240327037,0,0,1,0,1,2,136.67982743915462,0.011128884383353849,1,0.0,0
0.14291883775337072,0.03724846289976275,34.8816535942187,8.158179893050514,2.2648359965179816,0,0,1,0,3,2,30.0,0.05256554820479431,1,0.0,0
0.08788260012229973,0.018151401512690995,14.965837022601281,8.787261667976395,1.0227311383769933,0,0,2,0,3,1,267.24664385687436,0.06084943794294129,1,0.0,0
0.3856397922345026,0.19487565531271533,27.720734552714724,7.229477230882782,1.2600762714844915,0,0,1,0,2,0,94.8667853302197,0.8620303680958978,1,0.0,0
0.16240225370927142,0.025154512888545134,17.80731481326962,6.999923644713758,2.115435907401312,0,0,1,0,3,1,44.23434268086539,0.7231197747280627,1,0.0,0
0.03378051359085443,0.1275432585970922,28.53780163765073,6.394953890005243,2.574826484461862,0,0,1,0,1,3,257.58506987347715,0.43727557747955115,0,0.0,0
3.568803961773515,2.012089359247734,85.0,0.08565352715379637,17.59695737540599,0,1,5,1,60,14,2.5364682488951393,2.113274260695162,0,1.0,1
0.017321919219831793,0.023262709632701432,28.93335514327422,11.195356171025248,2.320506412598638,0,0,1,0,4,0,115.68584421689498,0.1616552759142026,1,0.0,0
0.03330463422173149,0.07397115194622632,11.068165475973224,8.669776483053335,2.2816959138273534,0,0,1,0,0,1,40.57494739214667,0.2294113717852585,1,0.0,0
0.2518109043364971,0.09452722499048243,24.039222945749955,5.483661581255644,2.0385732419762537,0,0,2,0,2,0,113.63373328128606,0.08163952864169138,1,0.0,0
0.014199036913338034,0.019281820146016617,26.1519911293939,7.244674607946608,2.257729741211053,0,0,1,0,1,2,63.17942916650874,0.04061446615510031,1,0.0,0
0.5311020371237436,0.01545913866634878,24.917167682058118,2.311421501817221,1.5017355735587508,0,0,2,0,2,1,164.00292707345673,0.16574894078833421,1,0.0,0
0.1871055717113217,0.04203448286984693,21.610659697115814,8.032240793373264,0.9062315997744914,0,0,1,0,2,1,172.87591414680247,0.11963356935665692,1,0.0,0
1.9681008609246864,2.3617747252212062,190.0,0.009140043697296818,12.873602859474472,1,0,12,1,60,6,9.551189860424522,2.162296666273159,1,1.0,1
2.7191579956793395,2.780931629932578,190.0,0.14100419641086662,10.68888034160123,1,0,5,1,18,8,15.89936068810491,5.834875214814112,0,0.0,1
2.90267855652153,2.9388156023998633,0.05,0.16358941050453038,14.072828889126235,1,0,6,1,60,7,2.4205315360927813,3.0872456395835104,0,0.0,1
0.1399251186879769,0.06693525284164879,28.371307135962564,10.209254621101406,2.642474446572619,0,0,1,0,1,3,295.67591591262004,0.08103381158523437,1,0.0,0
3.7063918861103176,1.8074669673811543,190.0,0.1794995314254574,14.053135779491193,1,1,6,1,45,12,13.821927367446765,1.5,0,0.0,1
2.9372650619056437,3.8341477065810525,190.0,0.24779735225278302,15.158591315668948,0,0,12,1,18,13,23.17368825081441,3.1773698269767325,0,0.0,1
1.5751606102990896,3.7950485153757305,220.0,0.04022475736310324,16.39152131901616,1,1,12,0,25,12,18.495857492037963,3.6085133091198442,0,1.0,1
0.027006702132286307,0.058175382703517145,17.594267001154716,8.605878936469603,1.013226381826473,0,0,2,0,4,3,46.09570905429921,0.056664011514569845,1,0.0,0
0.1078259392479219,0.1161138581023237,24.87542699543748,4.253242923203544,2.5075128720823283,0,0,1,0,1,1,323.62068017375185,0.02141742614053659,1,0.0,0
0.09147051156791189,0.04063308740957411,27.003841727499132,5.107367529767556,1.6849363904008343,0,0,1,0,2,2,56.3928435171227,0.012175964193944393,1,0.0,0
0.21074540900635633,0.0003495288508162483,29.26963660795502,5.5592397306485655,2.025245629081633,0,0,1,0,0,2,65.42831854344136,0.08168425323993016,1,0.0,0
0.1661883188353476,0.01878754672443537,26.75060501893407,8.343226600541215,2.5038599341724908,0,0,1,0,2,1,189.25884970607635,0.3700473948729818,1,0.0,0
0.1339547280306563,0.041924342613375874,26.66276972629511,8.290455976636931,2.6220649049902,0,0,1,0,1,1,249.0460526170749,0.04461326342759279,1,0.0,0
0.03348352131333282,0.31606598996233015,26.754320388167802,10.441267345222887,2.405354169329135,0,0,2,0,0,1,30.0,0.09337679810756314,1,0.0,0
0.0014618856011755165,0.059861873924667464,15.575010148918475,5.609200326438484,1.8805768392641575,0,0,1,0,1,3,42.11997713487672,0.007622436017743885,1,0.0,0
0.14672778758348748,0.048551229414646124,24.930015057300423,8.68476291799794,2.1437374378208567,0,0,1,0,1,0,116.65221032880544,0.4502365173432309,1,0.0,0
0.0008371691017980776,0.03363925296628748,14.624151187822326,7.326058027959073,1.7681220249387675,0,0,1,0,2,2,269.25266923711246,0.0781317774917795,1,0.0,0
0.15851160181522264,0.04862592879756111,19.468166379197008,9.167890095998079,1.4611896411028824,0,0,1,0,4,1,30.0,0.599723678879929,1,0.0,0
1.9464652161699383,3.338122916052406,0.0,0.1262948803302317,14.596531847716797,1,0,7,1,18,7,2.7327127759544307,1.9450895576486897,0,1.0,1
0.23230036049447153,0.07059666437128162,23.032692493671828,9.381513508877529,3.5253032920745913,0,0,1,0,2,2,133.88869673620303,0.189999933263292,1,0.0,0
0.03605832869907834,0.08450493799106981,25.38000252911847,9.611716918634814,2.2089192734777545,0,0,2,0,1,0,350.8794561010709,0.33495068392348826,1,0.0,0
3.226384410790706,2.551786468022666,0.05,0.12296128221226194,12.927189139519148,1,0,6,1,25,11,22.98325350601138,4.243948859668728,0,1.0,1
2.8907621894728557,4.64591370346968,190.0,0.17139635111225757,12.042115756432,1,1,8,1,60,6,23.5320939612873,4.099870926923792,0,0.0,1
3.5695381793733763,2.813744501561782,190.0,0.14282214576714455,22.141769472707544,0,1,6,0,25,9,4.2669631187347035,3.2537005472461904,0,0.0,1
0.11977134812684519,0.12788077635645778,32.37634924523624,6.277752467168449,0.640933503111218,0,0,2,0,2,2,170.11629551394586,0.043328701318136514,1,0.0,0
0.03836293950700884,0.04116800754121654,36.72666267811336,10.777821222960096,3.9546625434624896,0,0,1,0,1,1,402.2547802556172,0.3772216041260831,1,0.0,0
0.12880943683875015,0.08377589738143597,26.051454724437892,7.263935852187885,1.4528253958562323,0,0,1,0,2,3,63.86062045437217,0.007501357210907236,1,0.0,0
2.2693955853000443,2.9344421475596696,0.0,0.17947784520477023,14.064702671152466,1,0,15,1,32,11,11.32340065520983,5.040269277653287,0,0.0,1
0.013022873972877907,0.04993921891058064,26.32522891207933,6.959761785536493,2.8340275687263308,0,0,1,0,1,4,533.4864388633882,0.08577001014702923,1,0.0,0
1.6410555197310457,1.8374451656159874,85.0,0.11299518190298694,12.900679588625533,1,0,5,1,60,10,7.676023791857423,4.758404471755913,0,0.0,1
0.024625461391300608,0.1795249633828001,31.57438013824183,9.193920593768961,4.391873389457285,0,0,1,0,2,0,97.06388587662049,0.05818775956960192,1,0.0,0
0.026193306053477156,0.14784815628581438,40.81762138474697,8.49410917733481,0.903048202845369,0,0,1,0,4,0,78.05346280435765,0.16012218459272773,1,0.0,0
0.05462434795755322,0.07405783481348518,27.915302068159935,8.8961572340632,0.47652949069645256,0,0,2,0,3,4,30.0,0.16503887240431828,1,0.0,0
0.0835421253061439,0.020647956520387204,33.84831699798933,10.757913470365896,1.6162470190869906,0,0,1,0,0,0,45.40238771674008,0.21537811537721732,1,0.0,0
0.14300135396258845,0.021501763637178897,25.658640437098192,7.702815922172482,2.1676501553866556,0,0,1,0,0,0,33.39121539470914,0.22216616986288248,1,0.0,0
0.06318054910145078,0.03957499705539131,32.96090169745309,4.54136041029461,2.153427380385389,0,0,1,0,1,1,30.0,0.02907770344309157,1,0.0,0
0.03446874186481441,0.07885831857686075,29.953433850199055,7.148124670392345,2.297167147224908,1,0,1,0,5,1,651.9742904099045,0.09876285105952444,1,0.0,0
0.22059325117351836,0.03973465749365627,22.498931231496893,8.717569811721592,2.9858517790015053,0,0,1,0,2,0,441.52638526628897,0.051609213376999696,1,0.0,0
0.04188213102059047,0.020348282693644165,28.208660586441773,6.962080174650415,0.8615374088456957,0,0,1,0,2,1,30.0,0.2799916983462922,1,0.0,0
0.2863401963508145,0.06660631182957163,31.599211027941884,7.12905429462316,1.4691635942853174,1,0,1,0,2,1,166.6773438743628,0.19787767357848007,1,0.0,0
0.07844247651422295,0.15007305019559142,32.67106648749835,11.60670939811179,3.126517893685703,0,0,2,0,2,0,30.0,0.003110716263813063,1,0.0,0
0.3653573094617889,0.017743238743513978,15.266255377568887,8.48933885334775,4.1332646815618554,0,0,2,0,0,1,311.99183754522653,0.03766319754255627,1,0.0,0
0.049497888856518506,0.053122877231485975,28.08012016665755,6.256063760101169,3.249821097053679,0,0,1,0,0,2,171.03333014346615,0.009256383748419564,1,0.0,0
0.11798509036825951,0.014030245669176142,28.431782405043336,7.453791386231007,1.1222226935641897,1,0,1,0,1,1,30.0,0.23049042942700698,1,0.0,0
0.08968773767505235,0.10285356040079258,34.44575006418012,8.567913770330337,4.0850296762606915,0,0,1,0,1,2,175.15914554242136,0.055839198151268234,1,0.0,0
0.10027722368468425,0.22052882878887758,26.31186515899806,9.833085063965262,2.8105949731485924,0,0,1,0,1,1,133.96144090329543,0.07519909202314502,1,0.0,0
0.23386209987095344,0.015369071907349473,25.56537911249999,6.582143464570768,1.474047260205706,0,0,1,0,2,2,184.61919689626916,0.05038942336452799,1,0.0,0
0.11003033456734931,0.0277820746209053,26.08156195379672,9.829526179448726,1.2263490881322756,0,0,1,0,1,1,474.8485632735199,0.07084526672285985,1,0.0,0
0.009622702495604296,0.029689039421567132,17.443447695089326,10.111795554002137,0.0,0,0,1,0,2,0,34.30607087506794,0.19980117471136882,1,0.0,0
0.021130849397021305,0.009524404025172054,25.459003337735933,14.642673403212005,2.175997252127395,0,0,1,0,3,1,55.077496942383775,0.7318637333283573,1,0.0,0
0.07858822098025299,0.07149705614398423,33.734980412630904,5.323545802584359,1.0031329052431297,0,0,1,0,1,0,504.2992408223217,0.09407002405004228,1,0.0,0
0.165522868825717,0.017104299338925176,33.901932412845724,7.361277615818263,2.345270509612289,0,0,1,0,1,2,139.63327672484692,0.04966081769113601,1,0.0,0
0.09719780236892027,0.043355496329959664,20.561965309650255,6.56113511342336,1.8216616125052811,0,0,2,0,2,1,56.36969961125227,0.6298105921820689,1,0.0,0
0.175998999140423,0.0675524440546633,27.851371794659617,4.532475581093911,0.4522935987588126,0,0,1,0,3,1,291.20670054519763,0.036454295656012194,1,0.0,0
0.03231042521972643,0.00738170157619455,21.293244909714485,5.732281962008308,0.0,0,0,1,0,1,0,63.71260583104111,0.5074505603735308,0,0.0,0
2.19599711444694,4.413726475503183,85.0,0.24047648571584154,6.338235346480168,1,0,7,1,60,14,6.120182239946822,2.388686427038011,0,1.0,1
0.09494344960602788,0.06731718819793452,33.30817590609666,10.013284930213874,2.021973295963216,0,0,1,0,2,2,442.93110653563093,0.0612537872900948,1,0.0,0
0.33167415610704887,0.04329845782182517,40.05931107687189,5.81805592803744,0.44962312906876,0,0,1,0,2,0,236.3358563244385,0.09493828032506729,1,0.0,0
0.18009654526080343,0.04755989699550549,24.3008998748228,7.960518786776684,2.2811432526915607,0,0,1,0,0,0,89.12496629451303,0.010049107936150931,1,0.0,0
0.11378748526714118,0.05486117991130353,29.69625203183575,9.462291781530373,2.0042105208757857,0,0,1,0,0,1,72.10957091524487,0.019110250995753808,1,0.0,0
0.0021804775696997354,0.02487167755031088,21.300846860402398,7.859660983558548,1.5425691624916051,0,0,1,0,0,1,93.13490509876647,0.02083647840269076,1,0.0,0
3.6696790076540546,3.7186062411547547,0.0,0.00923017191542308,22.078372276973532,1,1,5,1,60,10,1.727991161994395,4.2399427285980495,0,1.0,1
0.2019221475193689,0.0032928674639207257,17.760778579828504,8.359052852245089,3.512126142376654,0,0,1,0,4,0,522.4056308245877,0.05982595576802757,1,0.0,0
0.3664415512615206,0.03263849004510022,25.567567564106074,7.157239112710095,0.9216552075639788,0,0,1,0,0,2,63.52262075782963,0.226998423147015,1,0.0,0
0.19417390471160711,0.03662583523245026,13.09944165626627,8.24602437359004,1.6247048302865794,0,0,1,0,3,3,322.97978540244276,0.24132002142540251,1,0.0,0
0.3583428498449601,0.010989378208133109,21.959398920026004,9.30307727143841,3.3237605380122677,0,0,1,0,1,0,579.6005765457135,0.012994894922293363,1,0.0,0
0.001413080713737843,0.09752519259056161,26.282153895311733,7.046221233590575,2.1514337601607183,1,0,2,0,1,1,188.6000559415603,0.018412939068214527,1,0.0,0
0.11552909219535439,0.14029600695423003,25.33396313845876,8.883987577244534,1.675927816198218,0,1,1,0,1,2,30.0,0.6098303603921403,1,0.0,0
1.1481090017137545,3.465797287467079,0.0,0.22750223058459498,12.35426146885017,1,1,6,1,25,7,10.30081463086574,4.470636053806104,0,1.0,1
2.64163440876698,5.071733089325273,0.05,0.0017517113558963016,13.545746867555597,0,0,6,1,45,12,8.549009890085191,1.5,0,1.0,1
0.017452223943344967,0.006964900405773394,24.4850690185314,5.257094750895558,1.2744816955580847,0,0,1,0,4,3,30.0,0.09124251383258791,1,0.0,0
0.14549726434525048,0.0019339234538286421,39.07969031651164,9.226196865322077,1.4642853670004503,0,0,1,0,2,2,331.95493456414823,0.043978614898930395,1,0.0,0
0.04170745011205142,0.029096324300570537,25.204854868086247,14.58137390831888,0.8999030374221939,0,0,1,0,5,3,148.9570569845794,0.20075052942911073,1,0.0,0
0.03491239462588767,0.007663909295038284,22.87969778142206,9.633215665670178,0.7011964459481386,0,0,1,0,0,0,59.41127466182485,0.03613941489945375,1,0.0,0
2.534232072149094,4.368097455692696,220.0,0.16547577739012742,19.5392863652298,1,0,8,1,18,6,11.55567620727301,5.365625999273685,0,0.0,1
0.25746342796133365,0.012237587294256206,28.097703841365483,7.666416697723316,3.1908859328665193,1,0,1,0,1,1,249.0001434356157,0.33864786765388466,1,0.0,0
0.0728742138345335,0.04592639500294725,22.827183318370704,10.533286414631764,2.3855271268417795,0,0,2,0,4,0,494.1245131729707,0.027186436696734,1,0.0,0
3.4719877442540694,4.587364108304449,0.05,0.15251173117478445,13.841751474918938,1,1,15,1,60,10,2.766701058152642,2.1259943203842626,0,0.0,1
0.04222167654725517,0.0007436474320887274,23.587556140942908,12.015653799003902,1.2861458397069867,0,0,1,0,3,0,104.28415161146957,0.44171701827193993,1,0.0,0
0.20988861589936503,0.02917385723784284,21.718148148087412,10.67183682301344,2.384850564682202,0,0,1,0,0,0,81.2300026239303,0.04342273850814558,1,0.0,0
0.008408003126341957,0.10460499022636281,9.598726288437113,8.664405852525594,1.7371175269646237,0,0,2,0,2,1,644.0071322854271,0.31923532762356505,1,0.0,0
0.029890408024928688,0.1443808441675888,31.71256730879757,6.727921223228185,1.3852593838821154,0,0,2,0,1,3,58.701430312141426,0.18097858061913907,1,0.0,0
0.021164730001488663,0.03973800449893906,13.714285781101868,6.465017874223843,2.2383774048411644,0,0,1,0,1,0,79.37422919955657,0.0799778809339696,0,0.0,0
0.2693062937020959,0.016983942189740517,22.738343153495645,10.795041233264485,0.95364996431258,0,0,1,0,1,1,205.01953007861076,0.3380295685084267,1,0.0,0
0.08664349860397533,0.004341855135882476,26.993859397118037,9.246244794182019,1.0913477180845415,0,1,2,0,0,2,137.24540255114422,0.11175676680045661,1,0.0,0
0.22814825931157323,0.12258772464445836,22.02786903140154,7.9400677343869415,1.308069159382361,0,0,2,0,2,2,420.7222220060412,0.043270517672920665,1,0.0,0
0.13978777417167607,0.010542161336479528,20.273984706807777,10.962608527137371,0.9385023587938126,0,0,1,0,2,2,233.1373494740845,0.2434110764767773,1,0.0,0
4.040525199528984,1.340805871880007,0.05,0.05820574972304518,14.361762339391422,0,0,12,0,25,11,9.063235191547026,3.542074159898496,0,1.0,1
0.021679718273165817,0.06619469489036747,29.083461473143366,10.193707486359802,2.60666651348988,0,0,1,0,3,0,35.37338550452008,0.17265142356312946,1,0.0,0
0.03498002117719376,0.08504907795923686,30.098650729998074,6.741693601812908,1.4600580852806582,0,0,2,0,3,0,30.0,0.1389688555263568,1,0.0,0
0.08578513912062669,0.1528696154042763,26.58038297220428,9.163927857133107,1.0399894778121719,0,0,1,0,1,1,477.63188650398723,0.11354198386801731,1,0.0,0
0.015333587716070636,0.013780897781357776,26.00223028025548,9.608508952053041,0.43508407583992903,0,0,1,0,1,2,30.0,0.06790751192467066,1,0.0,0
2.1624696530101923,5.813275410731817,190.0,0.07595506830700793,9.286679059596,0,0,12,1,18,7,2.420278314923106,1.5,0,1.0,1
0.02864251502987364,0.08069953595336987,29.79542104836334,14.18518745602092,1.977322474512659,0,0,1,0,2,0,40.724579503474075,0.23371004705208687,1,0.0,0
4.208989912671061,2.2125647356394644,0.0,0.13176992948648059,11.970627571543737,1,0,6,1,25,9,13.723558703989482,3.852029385021121,0,1.0,1
0.03561102756938062,0.5,26.161730422005117,12.505894168152572,2.057375553806981,1,0,1,0,1,1,152.41066230212664,0.25656032573090354,1,0.0,0
0.0053669359507095065,0.03737116202226107,28.80516077584129,12.168862666280175,2.338140325357932,0,0,1,0,0,1,214.0754307244404,0.04055969843180934,1,0.0,0
0.03752450471447221,0.258044564558154,31.90653018117103,6.788934660188768,1.247242503142894,0,0,1,0,2,4,103.23422906591685,0.12124918910975253,1,0.0,0
0.03746556008381823,0.03331107659066022,44.062043290835426,11.76377769674044,1.8938006282258166,0,0,1,0,1,2,30.0,0.04025119157350602,1,0.0,0
0.16692212276736887,0.2306512777765718,37.799912278244804,9.32725275542867,0.35673096542972216,1,0,1,0,0,2,42.06079278535734,0.08849667456787037,1,0.0,0
0.008861955233571242,0.052958712270999166,18.13285116412084,8.770565017104635,1.8639035413183507,0,0,1,0,1,1,30.0,0.3543388037646434,1,0.0,0
0.020037634177338275,0.10574892206497767,29.843886728908558,10.966078266901892,1.8633813085224276,0,0,2,0,1,2,30.0,0.013074479360394818,1,0.0,0
2.028196092642146,3.0460749210047298,0.0,0.21437187192811782,16.340972144734017,0,1,6,0,45,11,15.914241075563668,3.197996718772358,0,1.0,1
0.1031088802641787,0.02642318211587798,30.14479730199443,9.46122243049719,1.047601614869527,0,0,1,0,1,2,189.5766043334551,0.10728801998777418,1,0.0,0
3.2847770267801,4.259299223760011,0.0,0.23970007703105783,14.216987220015904,1,1,5,1,18,6,6.344913091719515,4.040364038283492,0,1.0,1
0.05314233554238675,0.019780471821961264,27.467802445021416,8.903774388582965,1.181921012694023,0,0,1,1,5,1,136.05880635192943,0.010234353536834495,1,0.0,0
0.02315615787011654,0.0007667793003992182,27.263276992818444,10.220370421563688,3.35428819958443,0,0,1,0,3,0,46.85881772075148,0.08409435319017777,1,0.0,0
1.6140214089238687,2.9045009656401293,0.0,0.11485263186796071,9.40250672184358,1,1,12,1,32,6,3.5178127946363063,3.9988855888992436,0,1.0,1
3.0406906404887066,3.585211572100653,0.0,0.021001356450399244,11.662586134592894,1,0,12,1,60,12,12.22180939181283,2.321273568902371,0,1.0,1
0.24864517964848293,0.15093013932573957,19.59057392549078,8.072645658823568,1.9281292141892261,0,0,2,0,0,2,173.65122816692534,0.2093469885622557,1,0.0,0
0.24005113680039722,0.02769895142517618,22.26897142721566,8.44650739765415,1.8198973986486422,0,0,1,0,4,0,73.98323535856957,0.12388174864650206,1,0.0,0
0.5539337358501565,0.17594407464147918,23.430200809493822,11.960233538417679,1.674340319406399,0,0,1,0,1,0,179.4511326615047,0.06339546842874065,1,0.0,0
0.04138016580893498,0.0813384952355589,28.39557905597042,12.672528201616164,2.204445170523174,1,0,2,0,1,1,332.58904449187537,0.22308331806735104,1,0.0,0
0.15907615675858394,0.2290539042736672,28.12073615249112,7.86663302407318,1.6998443997772346,0,0,1,0,2,1,187.49493698560656,0.08103856182850581,1,0.0,0
0.04931820957662,0.373728197134767,39.67141786877927,8.634940050514446,1.2456753614535931,0,0,1,0,3,3,95.76578498002942,0.2978049253904649,1,0.0,0
0.007002020342565507,0.06931178348474315,25.627512946089116,14.459709033474294,3.2329093740618795,0,0,2,0,1,3,136.63279017013144,0.03718195850732185,1,0.0,0
0.02458883005332246,0.2382509694364874,22.76778471057711,11.94453478197405,2.3132512598017034,0,0,2,0,3,4,30.0,0.026865208482207265,1,0.0,0
0.008977731556155161,0.03001558817775456,30.304728624327424,6.9540531316667575,1.2196233952691498,0,0,1,0,3,0,30.0,0.2626552448246238,0,0.0,0
0.4218198189527774,0.09880425439473019,19.80032271195509,10.299658992265915,2.6613399641422926,0,0,1,0,2,0,76.08225419720247,0.2522535062937034,1,0.0,0
0.011832767246614435,0.0017009064957818135,26.54309772640474,10.869487797413361,0.6873917328473098,0,0,1,1,4,4,803.8543909381173,0.08384127647418384,1,0.0,0
1.8792113174057468,2.2627045131000174,190.0,0.16515467396022585,20.295567966610456,1,0,5,0,32,6,6.615004091383801,4.784217885569136,0,1.0,1
3.123301453955392,3.447596332441552,0.05,0.17517361320089814,7.4217744594951185,1,0,12,0,32,8,2.5996972430182614,3.847957481562176,0,1.0,1
0.07348299354525828,0.041126730771429205,26.308452444390564,8.215428615109705,2.357854401104655,0,0,1,0,0,2,35.7802817396705,0.0018488565191195979,1,0.0,0
0.004851001967724379,0.06377612078290286,17.941413397449992,12.30177757920737,2.7599128431764837,0,0,1,0,2,0,111.18061698338428,0.0725879000470171,1,0.0,0
0.1821114591868716,0.09872707597650247,22.50526669853741,10.49616834520731,2.0830381998133034,0,0,1,0,1,2,170.64306258636992,0.722284215401082,1,0.0,0
0.05797329591934421,0.07794473568694975,21.35784786911672,9.013370461782957,4.047651903896849,0,0,1,0,1,3,570.3887559824174,0.07367087777670259,1,0.0,0
0.13768859531486782,0.0320733384702824,30.5735786865712,11.410818964344058,4.345304563471828,0,0,1,0,1,0,30.0,0.13126478936059932,0,0.0,0
0.2732269451244637,0.15596068265389465,32.95801951858193,8.443751352116331,3.1257274293735673,0,0,1,0,0,3,39.200615411627346,0.3265164438035408,1,0.0,0
1.9103582313074177,2.7577936139364523,190.0,0.14234635275723848,10.41097387746809,1,1,6,0,25,14,20.484105088482618,5.286599696057535,0,1.0,1
0.2101599069027996,0.022762339089742657,26.971992227016163,10.151705339655418,1.842821500069832,0,0,1,0,0,0,603.5298833355102,0.23823422588003337,1,0.0,0
0.08792286402288514,0.045312305305059114,30.909729256666495,7.974366353405881,1.615417556279787,0,0,1,0,1,1,30.0,0.43158768740760484,1,0.0,0
2.772377214770336,3.429930695406065,0.0,0.16399663734429343,15.611297688747685,1,0,7,1,45,11,20.405301033821736,1.5,0,1.0,1
0.06738204197023084,0.14078596692331913,16.474155151892447,8.682960011955137,2.814322851407777,0,0,2,0,0,0,493.3560958121096,0.044209768910856706,1,0.0,0
0.032559980680296696,0.051420351093867764,27.281090498180376,8.19383253398069,3.206970324632249,0,0,1,0,1,1,185.09624113018526,0.013731118352117114,0,0.0,0
0.11925212076450377,0.029797988203366172,37.22706247087506,7.689898094108894,2.941748855364371,0,0,1,0,1,1,75.89977484451384,0.003731229753481776,1,0.0,0
0.02402436039483273,0.011084030889411038,29.47644230485927,13.383577170659542,0.7685004227784005,0,0,1,0,2,1,59.4956054445635,0.028658731934555173,1,0.0,0
0.12899697168659974,0.027119286831697065,12.837981126018507,6.68369210278466,1.2683667348127587,0,0,1,0,1,0,123.1770596574533,0.0865465254521983,1,0.0,0
0.03808701771891974,0.02244235300464977,29.01898671820409,8.663289418036507,0.27316385197984805,0,0,1,0,2,0,306.5479445140524,0.15779092717928478,0,0.0,0
0.017997218473971097,0.19281017149065527,31.461412048302524,9.445907129426542,1.4048310009248208,0,0,1,0,0,1,74.70838740369233,0.058653824408478106,1,0.0,0
0.021356811352818205,0.08107867637488969,27.97342614525735,9.322720555139416,2.7443146423626894,0,0,1,0,3,0,292.9910684644166,0.1094431043448812,1,0.0,0
0.8,3.925495575062832,85.0,0.19389124258108253,14.27602049795289,0,0,7,1,60,9,1.5812264640667113,2.782290213603269,0,1.0,1
0.04721759031775624,0.08349290016135244,19.064841568811012,8.225670178251766,1.5970569313904956,0,0,2,0,1,0,65.92884961832183,0.22168246390804552,1,0.0,0
0.009804620230040388,0.07637545122946027,30.490791514552082,8.576156038792918,3.1200566378997827,0,0,1,0,1,1,225.3308663967697,0.048998546078218914,1,0.0,0
0.5167434926603774,0.008932677423995004,30.967196355684965,8.84080198812402,0.8549320835174601,0,0,1,0,0,1,30.0,0.08952383716781848,1,0.0,0
0.15690163215780453,0.0025248783530419433,18.165248304455492,7.440443495938563,1.6583347163802415,0,0,2,0,1,1,112.81884175727727,0.34604716878941805,1,0.0,0
0.06918855561250778,0.06546797054270043,25.971001905390917,8.580857879666935,1.8077216871885546,0,0,1,0,1,0,337.62642051292625,0.09147206218382795,1,0.0,0
0.08715493430764275,0.05185136490753763,30.285888670737748,14.693177792285098,2.0697807022152186,0,0,1,0,3,3,265.9188280864582,0.24954332983584712,1,0.0,0
0.05810961553792325,0.021331882911274466,27.024900042898224,8.888042009011599,2.0376450650971494,0,0,1,0,2,0,243.41477340047263,0.2089603393338209,1,0.0,0
0.27929089391781287,0.33559920855561215,30.801233195065443,10.34079232250897,2.3539768850636755,0,0,1,0,3,2,90.71716702820336,0.33978049449493386,1,0.0,0
0.045847869055779776,0.03120420748090075,18.255590900460238,7.42950859211921,1.8281749553232813,0,0,1,0,0,1,269.9415974549262,0.10571695386496105,1,0.0,0
0.0360792455345261,0.09283486826963254,29.595265060906552,6.728695204493469,3.8149259100865125,0,0,1,0,1,1,216.95558991181306,0.3705875958217728,1,0.0,0
0.07869589942723337,0.08379262383931835,21.794764485530024,11.615358543644485,1.1622583256511425,0,0,1,1,5,1,224.66358757623544,0.2846156584344925,1,0.0,0
0.11757606927026229,0.34069098626717664,30.729651172798835,8.119028604389788,0.7311274073942209,0,0,1,0,1,2,30.0,0.0630659615440451,1,0.0,0
0.11745591646287969,0.09284206525093572,18.12361520583594,9.719625039749506,1.9818331185945455,0,1,1,0,0,2,94.52169107746661,0.18956973669738814,1,0.0,0
0.041346006408463074,0.07461642238184361,30.38152467181032,4.020416739267758,2.5047813609150706,0,1,2,0,1,4,36.28546264394903,0.4341436520401163,1,0.0,0
0.13641848730012,0.05664366428872571,17.275245510225865,6.371908145508855,2.098986487040251,0,0,2,0,1,0,197.79604794216633,0.09356587620430576,1,0.0,0
0.059807099650286064,0.318859699176962,17.221841433000385,9.376010517037454,1.7142352839636439,0,0,1,0,2,4,751.7698018264588,0.3079395520498029,1,0.0,0
0.15220775481866994,0.000751111320867362,15.848857830743087,10.579524579209563,1.2008637991435354,0,0,2,0,1,0,52.31456275077073,0.09266373702627115,1,0.0,0
3.5765635921827132,1.1831765616642573,190.0,0.022837593660417155,14.187531450624506,0,0,7,1,18,14,16.215805926539204,3.4074584406331017,0,1.0,1
0.12419041646671701,0.06261798769602503,25.597479218435584,7.23512192384765,1.2352922704120375,0,0,1,0,0,0,40.2651391093982,0.08863437905381133,1,0.0,0
0.15247918136965127,0.053311444759517886,12.162249017366866,6.507910119660216,2.7282381073058657,0,1,1,0,1,2,186.80719766167158,0.14156840497814435,1,0.0,0
0.10321227496826638,0.10109883118900413,23.14687458738213,10.552028251414596,0.8144039922255408,0,0,2,0,2,1,339.57313797626625,0.5291284026695513,1,0.0,0
0.005552752638374734,0.00898309705316909,21.95251531246172,8.245687941086539,1.5859947648615953,0,0,1,0,0,1,41.29653286014951,0.33450283596925967,1,0.0,0
1.737325038372326,2.587934234402041,220.0,0.19796086520678832,13.878528847500819,0,1,15,1,60,10,1.279831315839247,2.2555673255692206,0,0.0,1
0.01148707326581703,0.05973970537217636,24.144545021779944,5.7815974626733535,2.148202968627898,0,0,1,0,0,0,364.7654731365093,0.07267801150450488,1,0.0,0
1.508204965070117,2.8275724520226904,220.0,0.23236190542815188,15.195927696942775,1,1,6,1,45,6,11.478386423396369,4.652700042305314,0,0.0,1
2.7419438340317073,4.567251534997688,0.05,0.0549351705262664,15.831887221930224,1,0,6,1,60,12,3.322086058511669,4.155964868509318,0,1.0,1
2.4159582043151153,2.315601285977047,190.0,0.07785493552928244,12.400503922757942,1,1,15,1,25,12,16.757885699925275,3.9906001754958362,0,1.0,1
2.925356668585337,4.3225942180769765,85.0,0.062101210571440885,18.6326045600925,0,1,12,1,45,13,22.168661218861896,5.651422733078311,0,0.0,1
0.1306994864748289,0.04560797910232897,31.731361795941712,10.137097432879997,1.1100374434428586,0,0,1,0,2,1,296.09690272554343,0.01868673512627089,1,0.0,0
0.006954051727911093,0.2999125404293405,22.049971030966866,5.485002166796499,2.0728017943623094,0,0,1,0,1,0,296.4892271283691,0.38016606753528104,1,0.0,0
0.2276346969881622,0.05393804184311236,27.778893809500047,9.506178506673326,2.0324820547532436,0,0,1,0,2,0,42.913240311988716,0.006591472242824999,1,0.0,0
0.11084101448217268,0.026974921743850754,20.576384753051297,7.273272798753528,0.7437308550896551,0,0,1,0,2,0,102.66704286069083,0.1493559370828522,1,0.0,0
0.041853128180659234,0.039027464909104366,29.270765506279528,10.084274798290938,1.8588596805561641,0,0,1,0,4,2,348.1272856858634,0.05189049794787587,1,0.0,0
2.2704945709296855,3.2502179158168794,85.0,0.03682693241431423,14.115312821692887,1,0,5,0,18,6,9.752138097284039,4.755623697561948,0,1.0,1
0.17037641705775247,0.0068392664591006985,32.86002965293726,5.835748469446705,3.3253089972677383,0,0,1,0,1,0,71.76789181808876,0.12493758129984121,1,0.0,0
3.000700576047765,4.127045748263555,85.0,0.11007755230800428,16.677780378719948,1,0,7,1,60,11,18.39784998917536,4.947102150786778,1,1.0,1
0.07389799465096636,0.13886563328073812,12.887319217265937,8.586408097371008,2.422118114904462,0,0,1,0,0,1,30.0,0.36751182803009325,1,0.0,0
0.038094277806181374,0.12002745004961549,17.241404592356268,10.91817279602801,1.6258954724360801,0,0,1,0,1,0,65.7103418813858,0.18720811515585825,1,0.0,0
0.3183067257864937,0.028715557947029274,19.15383883534202,8.772249268151688,1.9190385752632264,0,0,2,0,3,2,30.0,0.03507542512948499,1,0.0,0
0.0963304942825785,0.22915216183287201,19.800003401402172,6.250956640772209,1.2322708572313879,0,0,1,0,1,1,142.6149585934378,0.21819830491069303,1,0.0,0
0.13429420911983747,0.06032246142622083,26.14855855583981,10.892300443052253,1.9927626865504644,0,0,1,0,3,0,160.6691396173792,0.012543812822356485,1,0.0,0
0.0132078952173997,0.030936826485027612,38.38939147358915,8.216831161411324,2.261707283476339,0,0,1,0,0,2,302.469316819243,0.09718088585610349,1,0.0,0
0.03757697383030366,0.2411791036711084,25.970159436492867,8.58964626386457,0.8299963135601374,0,0,1,0,3,0,94.20355779575317,0.0016651453844985223,1,0.0,0
2.0943673743241087,2.431724535341418,85.0,0.13896040381112174,13.314788434045479,1,0,8,1,45,9,11.902885191929139,1.5,0,0.0,1
0.011712301078782723,0.003228893604177407,15.26112714585804,9.404579985141837,2.7565529007024825,0,0,2,0,1,1,241.6209769592195,0.06638187205152357,1,0.0,0
0.013603360624879605,0.016291655241533948,34.86431187569402,9.379339444546048,1.9060476343677155,0,0,1,0,3,2,54.79265512657392,0.07015038366514108,1,0.0,0
0.06310315733581702,0.02613538073505541,36.39834158490785,9.387785678085773,0.9735658893641148,0,0,1,0,2,2,301.0102108991577,0.1711198135969989,1,0.0,0
2.71875987261167,2.441158733819764,190.0,0.1995195377695624,18.40791612772695,1,0,7,1,32,10,2.717602145314321,2.19700841759808,1,1.0,1
0.2623942397064961,0.02212368088854199,24.296127882024646,11.05774752940075,2.6072550177549214,0,0,2,0,3,1,123.54221952404026,0.1253148250261271,1,0.0,0
2.185219407717789,3.3022715840717445,0.0,0.013198248702399579,21.190247651016804,1,1,5,1,60,14,18.725103179604137,3.787891046534054,0,0.0,1
0.0344086587579958,0.009019784603903791,29.993411316045016,6.7266699306312505,1.7258885246192786,1,0,1,0,1,2,118.75782491399555,0.18793578601586405,0,0.0,0
0.42352411022709285,0.024988153060370055,18.665575377026308,10.637409960269235,2.622664215918158,0,0,1,0,1,1,293.06585526949914,0.26364966390247857,1,0.0,0
0.14532269301328152,0.05484916647488336,19.618846363896978,9.349839204787367,2.1534211955039186,0,0,1,0,2,0,376.67851507212004,0.029849039552964914,1,0.0,0
0.047183603630353226,0.02214090123531436,23.53217630084366,7.53928065501729,1.120086595276863,0,0,1,0,1,1,30.0,0.25996136115749907,1,0.0,0
0.12604762071895437,0.18686953075133597,29.49377354759259,11.523346828370862,1.1581156497146567,0,0,1,0,1,1,30.0,0.7459265955689736,1,0.0,0
0.07668793600515718,0.010154923978398294,30.063973809249305,9.410351339737648,2.191362254111611,0,0,1,0,0,1,31.672253453972434,0.5867959261796413,1,0.0,0
0.0042342652194391804,0.18880200024856375,31.270237570456494,6.483037145427367,1.7716815739748308,0,0,1,0,1,2,123.38372492288194,0.6933199418258702,1,0.0,0
0.008771976792080602,0.08130937988616069,21.41270733759444,8.778904932058394,3.5818760934989875,0,0,2,0,3,1,116.26152618004224,0.07470605563310317,1,0.0,0
5.096769360247488,4.690093029723594,190.0,0.1569198910271995,21.118890126141793,1,1,12,0,25,8,9.950784679459225,3.493421606109883,0,0.0,1
0.06830345006630797,0.0016261536803395644,30.799594747595975,8.593757086606622,1.9634390573708294,0,0,2,0,0,3,153.51182140633117,0.06743247531567946,1,0.0,0
0.0635583043445881,0.048723191955716255,40.12443069222545,10.651189816396661,1.1794147041460554,0,0,1,0,2,1,370.3773686970502,0.4929959253760573,1,0.0,0
0.09963394091421282,0.010086946816009202,12.73793194669388,10.479198659180941,1.7663267082750762,0,0,2,0,2,0,30.0,0.24179639492442795,1,0.0,0
0.3612145717101025,0.05131054003668356,18.123697287881868,8.299944282117329,1.6073253464739157,0,0,2,0,1,1,137.79412356444516,0.15481094085723743,1,0.0,0
0.2792293623401037,0.2984225480254207,20.65825552588167,9.56519297522813,0.512822185449967,0,0,1,0,2,1,126.1791040503904,0.05979343656693597,1,0.0,0
0.038145176607471944,0.10552456855934297,25.866144741024048,11.769725702320695,1.9176694499827946,0,0,1,0,0,1,89.27433752212227,0.04412686587973413,1,0.0,0
3.3028990811882233,2.4087535597563,85.0,0.06306499335851495,5.0,1,0,7,1,60,13,11.605166991691128,3.794392396275673,1,1.0,1
0.27459524990667106,0.06460537921201097,23.05208835639241,10.103210319452742,1.7100011156530408,0,0,2,0,0,0,80.18022547010965,0.04829314182945106,1,0.0,0
0.12289008612909677,0.05960885839526154,19.202565796245867,10.018884347645166,1.9944128660318168,0,0,2,0,2,1,116.51377043103028,0.017716810871062322,1,0.0,0
0.04142228783960657,0.05297316275408158,29.73538497371533,7.003450690444609,3.12952342945363,0,0,1,0,1,0,98.25707117698722,0.10269933430696494,1,0.0,0
0.1820403967168934,0.05702833831213732,21.175063637933285,8.641729994110273,1.96408959636157,0,0,1,0,2,0,113.34512315001041,0.022435809686168998,1,0.0,0
0.007125114937005696,0.08417523997704819,31.468227354013194,5.357021624847453,1.6788478128698436,0,0,2,0,1,0,258.9393551611967,0.09687213974933345,1,0.0,0
0.002870695191788879,0.20209646475972928,27.901785091500216,10.046799632135222,3.2040011300856515,0,0,1,0,3,1,402.2039569588296,0.9,1,0.0,0
3.0664038402598623,3.781028963864636,190.0,0.13954148742980602,14.099233052421198,1,0,5,0,25,10,16.159132229222173,3.386552771502773,0,1.0,1
0.03047398407696294,0.11291001671212737,17.117121959218508,8.167515855358339,3.396943456232821,0,0,1,0,1,1,397.8349819424071,0.010981867893598972,1,0.0,0
0.15277154063900336,0.1385300592982138,28.964555118154262,11.31886884810182,1.6987808559468176,0,1,2,0,1,3,339.744273007155,0.15699227989368458,1,0.0,0
0.23853014695849448,0.41321468489089336,26.828451407864055,5.41273895625263,0.0,0,0,1,0,0,2,30.0,0.018930957675308085,1,0.0,0
0.0007278480710864811,0.0018705525695747551,37.16333392330704,10.83753783402224,2.007431802439667,0,0,1,0,2,1,219.70072747163965,0.01071669910598181,1,0.0,0
0.014628780760955747,0.013059036500117686,38.818239948961214,5.946763599510678,2.29979617157293,0,0,1,0,0,1,309.0249512985217,0.017637889920375058,1,0.0,0
1.5771978732435954,3.9815694847386873,0.05,0.1892500373447788,16.164920268334807,1,1,12,1,45,14,3.924571222025995,4.832697312981326,0,1.0,1
0.012049442074935095,0.06569953476530739,12.98235871615141,8.56356780974128,2.952649343692441,0,0,1,0,2,1,163.4329095206297,0.3445206098486221,1,0.0,0
0.21643737530955562,0.33415452377844274,26.632168594445044,11.85611120090519,2.7838234057466584,0,0,1,0,1,0,243.28091394896038,0.13266393738482232,1,0.0,0
0.10247894634777927,0.20110230335271603,23.71982774772166,8.540543784244576,0.3563658577800497,1,0,2,0,1,1,63.56618928526159,0.001562023136988641,1,0.0,0
0.024861244230140227,0.039909873125121426,27.092635169197965,7.8491574572543374,0.7750259929701917,0,0,1,1,4,2,165.10145822885255,0.07379216114876272,1,0.0,0
3.154721849929052,4.0902623639944515,0.05,0.23085960055465948,14.406315906572416,0,0,5,1,32,7,5.6528980939139775,3.3484441840809023,0,1.0,1
0.017993495885573405,0.017008077813530455,31.571046686388584,8.200829369365248,0.7001255926315477,0,0,2,0,1,0,137.475598616401,0.10134175936692923,1,0.0,0
0.29335391542039635,0.12114770671808416,20.51085299148117,9.518090289594287,3.3542109252450834,0,0,1,0,1,1,231.37857267569916,0.11220620924331177,1,0.0,0
0.20227472164586166,0.05637585876520771,26.477447478219855,7.24035039150718,2.1954299160265185,0,0,1,0,1,1,30.0,0.44291481839657937,0,0.0,0
0.011973835932590531,0.015118141969593052,23.640815377230364,8.929969072665504,0.0,0,0,2,0,2,0,45.04776220149984,0.2882884068111333,1,0.0,0
0.1576771070955761,0.002719130899237538,26.84539325885953,4.02135466687155,0.851151731833323,0,0,1,0,4,0,85.39751919937044,0.26815043461793303,1,0.0,0
0.015164101138716836,0.007349305778473192,23.868793851962394,9.221721219131362,1.3066700953981183,0,0,1,0,3,1,268.61847299588294,0.05800376956913083,1,0.0,0
0.050008040511690374,0.1012718789083249,32.176779628529864,11.379908082857261,1.930780592058482,0,0,1,1,1,1,162.55056726647635,0.4434095835484062,1,0.0,0
0.04783392385205997,0.09671858687896503,16.72607953347082,9.20484582876863,3.343008083736131,0,0,1,0,1,0,30.0,0.10421126103976562,1,0.0,0
2.343636143512043,2.812753303836211,0.0,0.1631954147971433,12.38279356562644,0,0,12,1,25,14,23.167357648848576,4.215882061397552,0,1.0,1
1.5923503742349467,3.4693957490984624,0.0,0.18158996744818084,17.224669723858486,0,0,6,1,45,9,18.149277840946,2.1174216337900638,0,0.0,1
2.9020891719437314,1.0051052931417899,220.0,0.07579895476513171,17.40597533059502,1,0,8,0,25,7,21.78053193605697,3.8258018055375604,0,0.0,1
0.10820689562588828,0.14381808065356846,28.010907598191988,6.676435424662716,1.2753257883176952,0,0,2,0,2,1,56.216504511086455,0.0416926651578557,1,0.0,0
0.08038820827558155,0.026858699503059996,27.589202022722617,6.740321387798026,1.2659950057108489,0,0,2,0,2,0,426.80671274416363,0.11590003737454087,1,0.0,0
0.09376849739445539,0.04562880488213582,37.11180421690876,7.693370465356585,1.9963289115194844,0,0,1,0,2,2,58.35679290434064,0.12055595265371924,1,0.0,0
0.18578531066306217,0.08666424382732206,18.096549047173887,9.690314647769457,4.344419387763796,0,0,1,0,1,0,70.43582997904363,0.23581705446484272,1,0.0,0
0.07707651669800275,0.27554301301822287,35.08108273747882,7.605274101677569,1.4308302223192109,0,0,1,0,3,1,97.45855656698916,0.29842911319972293,1,0.0,0
0.21213243834268858,0.18743346421736543,16.14241262184785,9.969622687020834,1.2306688456495956,1,0,1,0,0,0,140.3838257311452,0.24403177410756585,1,0.0,0
0.02174639713380815,0.03444976830924683,33.425600502641636,10.147092239683946,2.9846766948245462,0,0,1,1,2,1,84.89656957724227,0.3467057256027197,1,0.0,0
0.06430019235928187,0.08150199149504868,31.813486937901665,6.505879345273475,2.0394967612021895,0,0,1,0,0,3,278.69967048242165,0.00043117865319761915,1,0.0,0
0.0865496692254091,0.0784543454938661,34.89061617678428,7.2536393693838725,3.2249814080558847,0,0,1,0,2,0,396.4839995637747,0.13116331543077372,1,0.0,0
0.05270236049638606,0.01855318280906011,19.3299727158959,10.21458300824603,2.494440923493606,0,0,1,0,2,1,381.8166597863983,0.044880795165396614,1,0.0,0
0.22346124677219206,0.2296793710771899,15.562440534719684,6.1579179206763675,2.016914217176604,0,0,2,0,2,0,146.48838272028854,0.0011319043684996537,1,0.0,0
0.08501819551736382,0.09201672363054497,39.55102717976423,5.359526691836311,1.858984281510308,0,0,1,0,3,0,31.962790133153188,0.1984063706552301,1,0.0,0
4.419912544207499,2.976320011823249,190.0,0.11799387697547398,11.702002019055765,1,1,8,1,32,14,9.708761058156679,2.7527798333673106,0,1.0,1
0.06324941242939604,0.05168678770187353,19.556578485822953,7.886454630672739,0.806281217731273,0,0,1,0,0,3,101.45771198269294,0.07357469871899128,1,0.0,0
0.05191927901812112,0.04210893131479077,15.006674682424206,12.658313396933607,0.33381076197339277,0,0,2,0,2,1,75.46387677477964,0.15496025565778715,1,0.0,0
0.24924693199250042,0.05764440824724987,27.663498594099714,7.2402275248545696,1.4506166160500498,0,0,1,0,1,3,195.48462196396332,0.23692845820534722,1,0.0,0
0.017935207928101986,0.029876966932019453,34.866628772388886,6.848425749490986,0.5170869588220868,0,0,1,0,1,0,95.27400259305233,0.08580745280845613,1,0.0,0
0.01956114119213756,0.08260528271882472,22.429552349327423,9.159267065615584,1.5323904665827726,0,1,2,0,0,1,505.5498483159538,0.07490957797058302,1,0.0,0
0.055129850966373475,0.05787655463575743,40.947247867831706,6.025292619921664,2.4334636741935265,0,0,2,0,4,1,622.4467269892525,0.04500201447454863,1,0.0,0
0.022866069956720695,0.012409603644695198,22.2384618748062,5.654733061571192,0.38930570508275464,0,0,2,0,1,1,829.1001974437063,0.13733554324056418,1,0.0,0
2.6771315804757876,4.17199996410367,85.0,0.05357993262960897,20.03662000942567,0,1,8,1,18,7,24.762160084248944,2.4005561206829023,0,0.0,1
0.19334664505911023,0.06157792415555032,31.090198816737644,7.323276871386444,3.0297581643090323,0,0,1,0,2,4,30.0,0.04790478262653351,1,0.0,0
0.10162868405742165,0.04332087786422188,33.05891178960094,6.248098207729212,0.8449243790398608,0,0,1,0,4,0,89.66188778678563,0.39859958956847263,1,0.0,0
3.680841554234143,2.9019190740915937,85.0,0.08236179440630256,16.01361704242335,1,0,7,1,18,7,12.526181783082679,6.10193192614218,0,0.0,1
0.012429538943320738,0.030438636251118992,18.47427866318271,8.476779771089912,2.226583929027308,0,0,2,0,4,1,63.31265044282734,0.007672259948956567,1,0.0,0
0.10589335309302648,0.08698050997821259,27.41217058357231,7.122700182726465,1.1174027138564866,0,0,1,0,0,2,151.31842037774985,0.04445721345164898,1,0.0,0
0.08459933289518128,0.26922465680243296,29.712584322991596,12.099476583454196,2.775765385282725,0,0,1,0,3,1,56.7312966098768,0.06364444951760066,1,0.0,0
3.2025144764933464,3.925938895781357,0.0,0.1681523887714162,12.521313512351885,1,0,6,1,45,7,24.80955770509403,3.9246040803026414,0,0.0,1
0.034880948689753846,0.03168160052709835,33.326988996430345,9.754656240547618,1.3983475711108762,1,0,1,0,3,0,62.645310659101035,0.28950294725448183,1,0.0,0
0.024710341522867434,0.017266505124845823,26.321726552342536,8.832037695749145,2.0011609867208726,0,0,1,0,2,0,624.3720133194706,0.2617993008685439,1,0.0,0
0.007135885534521784,0.07141103484626586,34.13853641080335,4.326302941368125,2.4902574444285195,0,0,1,0,2,0,731.8240743882137,0.045786321920463,1,0.0,0
0.0558589241673698,0.05880433668821744,24.312557442739532,9.572580125130937,2.9618388324273974,0,0,1,0,0,2,146.31557892027047,0.1364701519143315,1,0.0,0
0.08950734563665043,0.35392102496351135,32.60518443391062,10.55438957648572,1.5016770270575872,0,0,1,0,0,2,247.98044655235776,0.12818414850286294,1,0.0,0
0.10503293973237188,0.0009370585879527763,37.45985253001194,6.420063696765897,0.907298136752914,0,0,1,0,1,1,66.2776848198606,0.46211245711004995,1,0.0,0
3.356154782667499,3.120110953289878,85.0,0.06300709572070862,8.627708039090958,1,1,15,0,60,8,14.25036523075528,2.336287904850298,0,0.0,1
0.04378973389441977,0.00046299007141821405,31.082251994605336,9.729094475301736,1.7040284961138017,0,0,2,0,3,0,30.0,0.01175857987109506,1,0.0,0
0.060699010121024334,0.06646430315570977,43.07912126889851,6.955493858233609,2.449908888831228,0,0,1,0,1,4,130.31417749247194,0.07389902966872378,1,0.0,0
0.2990579538941459,0.0738667448321361,30.328850510208945,6.215036203763154,2.294592620943372,0,0,1,0,2,1,30.0,0.4445703100458488,1,0.0,0
0.033947550451023795,0.08771648905020754,25.521996545649966,7.335465874982446,1.65973032204583,0,0,1,0,2,2,62.90486592111873,0.0404353128633331,1,0.0,0
0.20552598463917404,0.049352122831797546,15.868330665758371,8.20954270832216,2.154639958626347,0,0,1,0,2,2,118.44806452339068,0.08135057724776919,1,0.0,0
0.05604051853756174,0.046606826822711056,35.58846771373665,4.4129232922075285,2.3113953574120187,0,0,1,0,1,3,305.38035921985266,0.19376197292008754,1,0.0,0
2.5796536349729196,1.7540358644650074,220.0,0.058417489685637425,10.210678112251014,1,0,15,1,60,14,16.97743850875826,3.322019231198305,0,1.0,1
0.12841365022846735,0.11858000554503953,18.270981803352566,7.886336511222811,3.733883138378608,0,0,1,0,2,2,167.6799715520889,0.22052728253601145,1,0.0,0
3.4755949941931874,2.928473896630871,85.0,0.24022917781259562,17.312834963873797,0,1,12,0,60,7,16.09025957917147,3.700036751457669,0,0.0,1
0.21976107282173302,0.2986376511713747,23.042021066851472,7.780489966788736,2.6912624910088048,0,0,1,0,0,2,53.6294977667533,0.24630700744021553,1,0.0,0
0.12574653372638445,0.01599814433254056,20.785148627604613,7.434597824890044,3.7924508231385925,0,0,2,0,2,1,30.0,0.04733969842297893,1,0.0,0
0.08393181993408817,0.041859563169215505,19.06065925436025,9.913792581837024,1.7379647781585619,0,0,1,0,2,2,33.205186974085194,0.5346700481377068,1,0.0,0
2.8822874541122583,1.6328439758820787,190.0,0.05037256182492619,14.922182035938444,1,1,8,1,25,8,10.077830545730055,1.5,0,1.0,1
0.18146889090873558,0.01767132575610757,21.205089745993767,8.881847463510212,2.2811651428946167,0,0,1,0,0,2,279.6417742022691,0.3982756547177018,1,0.0,0
1.7185359381424636,4.534504849901122,85.0,0.22754455276442392,14.451952877712184,0,1,5,0,25,7,1.0771530164028853,4.315833633343825,1,1.0,1
0.10328075321345564,0.13751158490855597,37.74725945487409,6.7150700645686845,1.817032959433499,0,0,1,0,0,1,42.161274503169686,0.31142380234535183,1,0.0,0
0.12692389067046922,0.06674954396150311,30.405524434002245,3.7582292533871238,2.508267321463349,0,0,1,0,0,2,173.50582455167023,0.08626408267251705,1,0.0,0
1.9543812025204021,2.9415981579225594,190.0,0.08998199198060222,12.816690998269788,1,1,5,1,25,10,3.8656826649246616,4.08084699099155,0,1.0,1
3.674825336808632,3.592283436275492,0.0,0.13132148594201398,18.358402291191453,1,1,7,1,45,14,1.139605426068523,3.2639164087817925,0,0.0,1
0.0032064980239813637,0.1196449124872803,28.065986855361917,10.452995405545778,1.075307769476468,0,0,1,0,1,2,111.11396036304073,0.1596830579634165,1,0.0,0
3.042618650847687,3.3535204280635305,220.0,0.2227187848771001,7.098982313722072,1,0,15,1,32,12,3.66808346997301,3.2477644614986136,0,1.0,1
0.10144669104828069,0.030888152363643628,27.17761378828586,9.725768143526368,0.0,0,0,1,0,0,0,322.0021152185193,0.01204790131106827,1,0.0,0
0.08450710124738316,0.04264494590115099,18.772267066534127,7.117575124417765,2.0180734734236636,0,0,1,0,0,1,440.7526410113278,0.2723702817616148,1,0.0,0
0.4204934083742618,0.1679645144202749,33.43056410023091,8.77285383613456,1.3515533466280787,0,0,2,0,5,1,127.38950302868935,0.25320894169304253,1,0.0,0
0.23086658290713433,0.042891167993020604,26.84553162750777,8.305620912353127,1.782470616166451,0,0,1,0,0,1,115.55274891273046,0.037358285215870625,1,0.0,0
0.016948237213739125,0.009936660354960483,23.647533124459816,6.939913683700096,2.0666697554137854,0,0,1,0,0,1,469.9178034154618,0.06914188451310624,1,0.0,0
0.021117902528198198,0.21499411482892006,33.260200307724034,11.461984808234986,1.8424380444462227,0,0,1,0,0,2,292.91788452960895,0.013608748928561365,1,0.0,0
4.1988667682697,4.156410404626486,190.0,0.20649707749165286,11.63231719417554,1,0,5,1,60,6,22.826218952553145,3.520544587291383,0,1.0,1
0.2040835083623374,0.047373584657291634,19.931807905815734,6.893830838561881,3.6271180521597577,0,0,1,0,1,3,56.20528714264355,0.0335171342970554,1,0.0,0
0.10770056655717127,0.10359495180017873,28.19606228027835,5.5426528073794055,4.096161276050951,0,0,1,0,1,1,168.2949541622021,0.54296917954875,1,0.0,0
0.06939617543369717,0.03167391365815786,20.74984122903998,8.53851793470225,0.9965279113569379,0,0,1,0,1,0,91.13365774598701,0.025612632291308814,1,0.0,0
0.04521949625886315,0.08718830705602351,29.613141160485284,8.579728414983173,3.435740060934881,0,0,1,0,3,0,37.9972283825702,0.037773416258476834,1,0.0,0
0.03428035422586055,0.22608032007355955,31.575012566494774,11.617256034140173,1.2931465984856563,0,0,1,0,1,0,477.14123184529547,0.06042968104769156,1,0.0,0
0.06355973361253271,0.008770850039929662,25.54589991262647,7.443338221779151,2.60928511641586,0,0,1,0,1,1,97.50573152159826,0.04803573376053204,1,0.0,0
0.10360968319313216,0.049347556357075856,26.377281429232443,7.635757913741161,1.728000027691864,0,0,1,0,2,1,30.0,0.13735614210095726,1,0.0,0
0.10172730737503038,0.05555096108025016,39.04833971288231,7.28535390905817,4.127918074757257,0,0,2,0,0,0,209.54119529315562,0.022823267524141874,1,0.0,0
0.2482900935885052,0.06290197399075469,20.62095138167555,9.074593145498174,2.540374130931038,0,0,2,0,3,2,36.767686546728804,0.06337106060322775,1,0.0,0
4.077908622850444,5.6381740682447745,220.0,0.04123173648253206,17.252763280209248,0,0,12,0,32,9,3.1588275806886843,2.6342248614373824,0,1.0,1
3.208779453619389,3.432815380659507,190.0,0.22767457165035632,14.530849501663845,0,1,7,1,45,14,14.651055398809303,3.165487796437156,0,0.0,1
0.01802814344728064,0.04573050010533613,34.197713801686916,9.31048005109829,2.0284689404384104,0,0,1,0,1,1,111.39906691563174,0.24903271772707145,1,0.0,0
0.03611720335184605,0.010974524653112614,23.28693376121101,9.50863803112912,1.858340802297793,0,0,1,0,1,1,287.87521003657935,0.40031828288797366,1,0.0,0
0.02360132513421424,0.053224758579004786,27.576796773885196,10.696471607046853,3.4115467054924355,0,0,1,0,1,0,226.44235554673918,0.022020262456495503,1,0.0,0
0.35583206653826444,0.08782676042438252,26.56903997529737,6.921506810227606,2.478223940162623,0,0,1,0,4,0,30.0,0.024893568623871317,1,0.0,0
0.09305082172800594,0.07202851958743772,35.90643168691277,9.724313613911104,2.2385575315418045,0,0,1,0,1,0,30.0,0.36470621497065736,1,0.0,0
0.009024626676803744,0.055592154481087425,25.552855170180575,8.9064954626108,3.4776928730321526,0,0,1,0,1,2,30.0,0.012921165767928094,1,0.0,0
0.12448035982645957,0.019992198227049566,13.552580907039069,7.267799693521432,0.1381807404782791,0,0,2,0,2,0,45.867034631306055,0.28958027103195794,1,0.0,0
1.7199342799640194,4.589191994315399,0.0,0.04073436252395632,13.111401441681776,1,1,12,0,18,13,1.0261782187616229,3.4200963090763743,0,0.0,1
0.12596628898653603,0.032364778627970436,36.69832094440372,12.477769277509706,2.522766742366718,0,0,1,0,3,4,59.99917037953773,0.311912842450713,1,0.0,0
0.09284527032047046,0.08355314237964287,17.649186402866043,5.192080880767371,2.125132990769677,0,0,2,1,1,1,237.45305533118585,0.014047240427036773,1,0.0,0
0.11809065005082765,0.07465790362665337,14.066498659469199,4.637095421807556,2.589369607269572,0,0,1,0,1,1,110.3010403006223,0.06658305755183078,1,0.0,0
0.29814354611918126,0.348042770273674,33.29533403888112,9.848288010239978,2.258460174319069,1,0,1,0,1,2,30.0,0.08993414805550176,1,0.0,0
0.1837046085263642,0.005400383272529097,36.762859233240405,4.452136778034111,1.0311758859650055,0,0,1,0,1,0,125.07506702390641,0.09983920429989353,1,0.0,0
0.003651837710396552,0.06606935291358253,24.688687831250895,10.671343818367276,1.0040028930386096,0,0,1,0,1,2,162.03831117302124,0.1980028641501121,1,0.0,0
0.29589825336856307,0.12132019044716374,22.40918029222532,8.59769678641897,0.9610265162852358,0,0,2,0,1,1,512.2925726950922,0.009165933055377707,1,0.0,0
0.003968029601998285,0.1277298514529077,22.640222976958913,13.286024589533573,2.2735215674750173,0,0,1,0,4,0,68.61411129757823,0.1501083123048795,1,0.0,0
0.4337720199599091,0.04697522016858599,2.75219811087603,7.636497649937745,2.07363889294024,0,0,1,0,0,2,45.67570375051281,0.15887044026525068,1,0.0,0
0.11821019905023625,0.07521958087291924,26.025078212829484,6.892159311521158,1.0920082578218793,0,0,1,1,2,1,190.15669418954704,0.19818874590105562,0,0.0,0
0.22701263856603351,0.00605537396074928,15.236045340289984,7.637997788334122,0.4095697414807027,0,0,1,0,0,0,171.8871839943499,0.2132492621327368,1,0.0,0
0.03996914095952536,0.05064855194121901,15.922062923673751,4.5998096799624815,1.8302695127144786,0,0,1,0,1,2,95.07778143378223,0.051035654527092966,1,0.0,0
3.1401298504444908,5.2690741448597045,85.0,0.06914957505856215,16.380124365716636,1,1,5,1,25,7,6.560051922287966,3.0390278020017623,0,1.0,1
0.006402596821013919,0.011234318099266161,37.1240311114552,8.697052049810775,2.7158663371640763,0,0,1,0,1,2,541.2245259751605,0.1795554571888122,1,0.0,0
0.3910098749401057,0.020644502993939825,24.871001964371985,8.304215189655727,0.7542338358863772,0,0,2,0,2,0,30.0,0.07906253722323993,1,0.0,0
0.023061157014549513,0.12490188265593341,32.13624115889526,5.828786666707279,2.0475146347612885,0,0,1,0,0,1,156.5351755470352,0.32591696879831694,1,0.0,0
3.7289910269458817,3.9255246778216484,85.0,0.06009284253955638,18.039406684144748,0,0,7,1,32,6,15.383815458053336,2.8480228406477774,0,0.0,1
0.010084277048798804,0.0289014890111965,18.338539474155727,11.043393583045116,1.0127507679677863,0,0,1,0,2,0,91.54459536102019,0.21808633937447466,1,0.0,0
0.016306684955691358,0.11914970222553826,26.753896143746328,6.493069148401419,2.3898476493774194,0,0,2,0,4,3,89.25715769930996,0.04491752059992282,1,0.0,0
0.09588134999923334,0.055898369367822005,22.131149323515523,6.7544778584229235,1.0095736379605842,0,0,1,0,4,1,75.75335961658656,0.045645528724711025,1,0.0,0
0.28429501417745806,0.026244095401306046,20.97502749952175,14.780845820204474,3.3772639038132337,0,0,1,0,1,1,43.98206882578833,0.16772497715358883,1,0.0,0
0.016442210888040855,0.21110678519131196,29.997988694266517,9.032590712881246,1.8724920210908467,0,0,1,0,2,0,118.62180425697879,0.15460748586713305,1,0.0,0
0.1334611542352923,0.04997671651850877,26.065984523946412,9.727072258370377,1.5752556101289923,0,0,2,0,0,1,30.0,0.36737517942490583,1,0.0,0
0.04473956706339399,0.04147093419103836,19.243501462746163,7.942670457150824,1.511863719857876,0,0,2,0,1,0,330.03532123651183,0.11915445596277519,0,0.0,0
0.06692694376202703,0.2322120733237612,25.41806531994954,9.602253208173911,1.550133699289832,0,0,1,0,2,1,342.0130462337738,0.20329589975496076,1,0.0,0
0.09058754177765574,0.009136365627450103,14.02877429025744,9.33535020130392,3.5622442106382914,0,0,1,0,0,0,52.12174502494344,0.2508555441689774,0,0.0,0
1.6543261162873955,2.5211319512347594,0.0,0.23369319264934824,16.37852711409134,1,0,7,1,60,9,14.95579947976864,2.0299757438576,0,0.0,1
0.20406003445609974,0.043407183175778775,25.779700408574215,9.153704812521868,0.5096501925392025,0,0,1,0,2,0,184.68490438713152,0.06955025401903864,1,0.0,0
0.22558272855944073,0.19810081487007028,23.797789867905657,9.013154791698616,3.2769830590630527,0,0,1,0,1,1,54.922163538763144,0.09817207441938958,1,0.0,0
0.00286533400986198,0.338821790285946,12.772075614649182,7.782347258112901,2.652880371472288,0,0,2,0,2,1,101.5398481386106,0.11340281198188734,1,0.0,0
0.10327919145174828,0.07540951717100834,15.214695341792464,7.842866967494084,2.530394305924753,0,0,1,0,2,0,341.2465084319405,0.11053522273782268,1,0.0,0
2.7287205486899073,3.066702841511834,220.0,0.2322135529808583,12.476342369541925,1,1,7,1,25,11,6.097270559400824,2.908454055809502,0,0.0,1
2.3000395010047328,3.4713786184204976,0.05,0.043368928889311625,16.357795856738164,1,1,8,1,32,10,5.56031299583017,2.776125966303969,0,0.0,1
0.017266554646835873,0.009548022799419088,33.05113050231284,6.7818453672694865,4.09924951925509,0,0,2,0,3,3,529.7470968745159,0.07205269412483915,1,0.0,0
0.09397508205035694,0.03253443038620707,38.35378118654215,6.068312034349264,3.1806432316604467,0,0,1,0,1,1,33.53783630572475,0.07009720991267072,1,0.0,0
0.16822651651599257,0.007529537368904898,24.532520046065866,6.7352213938427585,2.7328418069976332,0,0,1,0,1,1,136.58884382390525,0.5577220272837552,1,0.0,0
0.24660552442492045,0.0755230783001013,28.86448805024583,8.593440240529944,1.5154234564949376,0,0,1,0,0,2,30.0,0.08027953424719202,0,0.0,0
3.003253737825998,3.2626567541394365,190.0,0.12617686190304328,17.033076395003913,1,0,7,1,25,6,16.082924715636224,2.6854370335413527,1,1.0,1
0.007142049770930842,0.007486844826946167,33.10774630072656,7.255745039287222,2.2854861626880534,0,0,1,0,4,1,30.0,0.13224442469970227,1,0.0,0
1.6164249168320843e-05,0.03087431511981556,26.157502717718078,6.3672738492303615,0.7724757573616088,0,0,1,0,1,0,30.0,0.009200004817649586,1,0.0,0
2.796334321859241,3.313363649342395,0.05,0.038339315429380016,14.729664134864585,1,0,12,0,32,6,24.15803034460146,3.739393365385592,0,0.0,1
0.0694736268751858,0.04919806239455433,32.00010871896302,4.233631144743712,1.8698044671952383,0,0,2,0,4,1,178.86891305060382,0.0453389089430411,1,0.0,0
0.23438110230822698,0.010799943622207502,39.89973487710388,8.5315695467213,0.47779469507414585,0,0,1,0,3,3,138.4236468551123,0.07209168696895854,1,0.0,0
0.09766933823171342,0.013252086557679612,24.719689028032512,7.891869483868484,1.4163744145453503,0,0,2,0,0,1,91.85639437359166,0.21814268120181246,1,0.0,0
0.06766186448397711,0.06588784752132251,27.632995287615103,9.932524992937058,1.6735173762204436,0,0,1,0,1,1,42.633197136363755,0.03634063950964656,1,0.0,0
0.3393826644477356,0.034445612848579506,25.955661016743207,8.37497246364558,1.807084628908617,0,0,1,0,1,4,32.1545431247716,0.1859986486658127,1,0.0,0
0.08750557122872199,0.06729702376063097,25.53721324233595,9.439192966588802,2.9211890378245604,0,0,1,0,1,0,318.50296277931744,0.0490417954204792,1,0.0,0
1.9001081255703,2.8972047060760175,0.0,0.200928403553702,12.278148802974219,1,0,15,1,32,14,17.727706459568882,6.372202754897545,0,0.0,1
4.626658129215363,3.830589086462602,0.0,0.10885786620425372,17.958002548633313,0,0,8,0,18,10,20.114753352597457,3.2567254533442136,0,0.0,1
0.3347043006706839,0.040032958707433404,22.14626222259509,12.56949831630518,4.303784309217493,0,0,1,0,2,0,130.59961693424145,0.04598267049045822,1,0.0,0
0.029759211423816725,0.011905575767258137,9.648485120614325,4.599844146951239,0.9700679196882074,0,0,1,0,2,1,30.0,0.48287229737921544,1,0.0,0
0.5687264169437244,0.02872419189981685,25.684691173923532,8.279197672196823,3.8458013203719315,0,0,1,0,0,0,101.51971124890983,0.2461308805374078,1,0.0,0
1.4530710593005622,3.154837412679829,0.0,0.04240810447670873,13.822703467057142,1,0,7,1,45,8,14.418928484745004,3.2446204649525994,0,0.0,1
0.052133204568836515,0.07937153661676995,32.19903957186531,9.629728264311918,1.252575754009564,0,0,1,0,1,1,60.42518277593783,0.08180807379251052,1,0.0,0
0.02013354042302399,0.014186569865111132,9.510075569108494,7.24026530172525,3.1135997511865092,0,0,1,0,3,2,30.0,0.37327244532241266,1,0.0,0
0.022836784337053048,0.25528504327541934,11.667939699604748,10.942331500008173,1.4923080216166134,0,0,1,0,1,1,654.2740795623573,0.44133925071398616,1,0.0,0
1.4716093425405106,1.8183182072987008,0.0,0.009782823333142177,11.248988015345045,1,0,8,1,25,7,11.540876262685241,4.921358914767924,0,0.0,1
0.03325212276316819,0.02913217260097009,25.094917800751443,10.028585162840866,1.8274756266732535,0,0,1,0,0,0,127.73643458116888,0.1834454859585373,1,0.0,0
0.008507452815145814,0.010647246745413038,23.560736660466137,2.5094662184007674,1.2287707055489827,0,0,1,0,2,1,194.58169690466582,0.050396588451931096,1,0.0,0
0.4541408060529004,0.009094107851971133,31.542216918061058,7.6215644703563745,1.00435759275584,0,0,2,0,0,1,30.0,0.2769217079722703,1,0.0,0
0.24680322270488358,0.1268226726514426,32.34002320348156,9.092400886709676,3.0153427862709963,0,0,1,0,3,1,54.95091580467636,0.003176623025940395,1,0.0,0
0.04038406715420566,0.05511156773238227,37.37731216352636,8.765369238266153,2.770783147981256,0,0,1,0,2,1,89.4527000781981,0.04208229339561362,1,0.0,0
0.007597465074063766,0.02112542927991174,30.45008568508385,8.75081735895169,2.242258156620286,0,0,2,0,3,3,545.7936852222477,0.32013175780552033,1,0.0,0
0.09779362846266046,0.032426218269702725,16.439428503643388,7.466464864907421,1.7365005270739613,0,1,1,0,1,2,118.64209540107383,0.016672391269402148,1,0.0,0
0.043594543196250994,0.07681820310722957,10.470010238342303,10.430528768760896,3.4876884464035136,0,0,1,0,0,0,195.07731291182404,0.002266897342419535,1,0.0,0
0.19232871601210932,0.24711152396776173,25.22744668495698,8.86182135045005,1.2062954204977614,0,0,1,0,2,1,48.72294827723741,0.1515078433198616,1,0.0,0
0.06319632471357733,0.04342984608193896,30.79933561952938,7.965616868689423,1.587947730215078,0,0,1,0,2,0,126.14665653762633,0.2314857697944318,1,0.0,0
0.038629630012401654,0.025724393905064535,28.85939736702529,4.335056046594657,1.1492760094534045,0,0,2,0,5,0,30.0,0.07179560455317807,1,0.0,0
0.12052011325084229,0.02501889407095774,25.448729796287516,5.29175797505935,2.136973089598668,0,0,1,0,1,0,252.70149037903045,0.12774125991940752,1,0.0,0
0.003801561458910941,0.027303544991956148,29.243110571639615,8.758893285094889,2.8232949943553307,0,0,1,0,1,1,225.25157794043696,0.4240414422426351,0,0.0,0
0.009373260695069642,0.003649017198630765,23.29149387380037,12.44504954609381,0.663668110784555,0,0,1,0,4,0,62.019483252245195,0.44090003165012154,0,0.0,0
4.3798335984355,4.066034491348893,190.0,0.17851673866884912,17.656389357077636,0,0,15,1,18,7,19.66448500191934,3.152791485660311,0,1.0,1
0.07222118979623171,0.11481671289167443,22.75301899345838,9.643061393801483,2.1405564032067494,0,0,1,0,0,1,252.58616132913352,0.06247270415038937,1,0.0,0
0.05232725741082176,0.021970906723860487,28.668712586134692,6.2299758036278625,1.6607952347901165,0,0,1,0,2,1,30.0,0.15254712055752134,1,0.0,0
0.001965217700920862,0.06427666646385097,21.00682369803852,8.627075910313634,2.1474224414226124,0,0,2,0,1,0,203.03435999688324,0.08206524085017988,1,0.0,0
0.21923644236155637,0.19247903837983044,27.192907923151783,9.387351453776233,1.8798016564125635,0,0,1,0,1,4,565.3205372607591,0.13063812886065038,1,0.0,0
0.07001474550436203,0.0036626955005391376,30.636142996578116,8.133818430777431,2.988922917142073,0,0,1,0,2,1,30.0,0.005015435415801553,1,0.0,0
0.248028760952132,0.27641629898381576,22.672254304498203,7.854902579546757,1.1154110531905035,0,0,2,0,1,0,30.0,0.17688463749707828,1,0.0,0
4.300700545682415,1.9039577700411785,220.0,0.03545628729381253,12.015019572522158,1,0,5,0,32,8,15.985749832726285,2.463643747603164,0,0.0,1
0.06847487989546287,0.21537440475565864,25.101212138576738,7.17367524838142,0.7284559278732328,0,0,1,0,0,1,66.04237646330948,0.11162271621885536,1,0.0,0
0.0017762886833330048,0.07634080529621225,22.58982971879599,8.721098239104261,1.315956554959905,0,0,1,0,2,0,30.0,0.3237692251122105,1,0.0,0
0.09317227185589472,0.11296378881361743,28.30050818063366,9.15276201569112,1.3336827834553744,0,0,2,0,1,1,30.0,0.031286615253467584,1,0.0,0
0.06068530242427138,0.012325380753549553,19.423043829222294,11.340542170534924,2.786120547598246,0,0,2,0,1,0,130.69948629925932,0.0814347379694697,1,0.0,0
0.016090477786935984,0.1320862564269557,29.229314991247954,9.601147187403196,2.086787426274041,0,0,2,0,1,2,319.376743207304,0.14710435329035595,1,0.0,0
0.021426875714115765,0.07341028374925941,34.00496231450029,5.331344844303206,3.3782298466701493,0,0,2,0,1,3,370.47092043747153,0.6916290892617076,1,0.0,0
0.1110057759248894,0.011026512802059636,23.522987260259274,9.453227014039628,1.7528146346455857,0,0,2,0,0,0,460.9423044664088,0.2035838411214022,1,0.0,0
0.26098787010794633,0.06939391616606638,18.21469589105009,6.93688028155083,3.990147773818276,0,0,1,0,1,0,30.0,0.07424282025927277,1,0.0,0
3.692923657474454,3.6563935331771455,85.0,0.147082278350498,5.973485607545241,1,0,5,1,60,12,13.052765527109665,3.0912988419779746,0,0.0,1
0.07042105550734756,0.2632830570764668,17.73159178795784,7.902032005256318,3.826220478461134,0,0,1,0,0,1,484.1994804702984,0.3873084117788792,1,0.0,0
0.026492209816113554,0.08789910902941248,21.061234369050773,13.371970248458487,1.3377619213343765,0,0,1,0,2,2,151.19894162871054,0.021686904122226326,1,0.0,0
0.2127901199970677,0.054239730349813164,26.44262502559171,10.312686470794304,3.5328131323234198,0,0,2,0,0,0,375.5777041421934,0.42743467381276723,1,0.0,0
0.2251896640650451,0.011307609957512335,7.047040144295245,9.590281759021082,1.6898550049893206,0,0,1,0,1,0,94.2549656560362,0.12149333783674209,1,0.0,0
0.12878921637601634,0.03170709247188113,19.348932289636895,8.320548847344442,2.1402051261712454,1,0,1,0,2,0,139.34921288560898,0.02243261471496451,1,0.0,0
0.1580094832254539,0.15423239775251574,28.72173237184599,11.46036615376373,0.968173449271565,0,0,1,0,1,0,79.77883502969834,0.25361545969866794,1,0.0,0
0.49268365467380865,0.04301651638821454,31.730162328402493,7.52974011580026,4.166884034816311,0,0,1,0,1,0,54.547205181937265,0.41895261420106444,1,0.0,0
0.10857831889067349,0.056424818908497536,23.827222373708217,9.712474386992577,3.1272811234320694,1,0,1,0,1,2,87.23869455254057,0.053171002446096016,1,0.0,0
0.09435849319755477,0.018721387903518287,17.6647793948433,7.739892698799387,3.6766353406369636,0,0,2,0,2,0,30.0,0.2767960800785645,0,0.0,0
0.06033054260282362,0.14493422325332891,18.89035738384122,12.125814441317498,1.6830929513942983,0,0,1,0,2,0,30.0,0.5612204911947443,1,0.0,0
0.07143768726124433,0.027609887986218995,25.06704899339591,12.035857333679067,1.0539354878744311,0,0,1,0,3,1,48.90969321820513,0.01523269547146807,1,0.0,0
0.038451191094003134,0.009999886032267572,34.69978825328779,7.194804181337023,2.362184322104694,0,0,1,0,0,1,547.4900060076161,0.01086080339878289,1,0.0,0
0.05512269219225361,0.01940234809077273,33.84479994495817,6.694179985904145,2.0684253112079034,0,0,1,0,3,1,313.0619411541838,0.06526697712713593,1,0.0,0
2.4517222721587917,2.4140233034324727,220.0,0.1568859005306675,8.497806493062285,1,0,6,1,45,6,1.2086274311241931,2.371375764477616,0,0.0,1
0.5697173380031931,0.1968481498059118,20.448057354702442,12.521806070826868,3.2604293992232583,0,0,1,0,1,1,300.2774858269138,0.1998378087134993,1,0.0,0
0.018066989569703113,0.017570277115114285,23.623288903338093,7.234384801555636,0.32079190994621576,0,0,1,0,1,1,201.41145005600936,0.1145224795261634,1,0.0,0
0.27025823970410356,0.007103549818751706,16.271538997651316,6.050886119549821,2.51486117993516,1,0,1,0,1,0,49.68028981697593,0.20876822244669016,1,0.0,0
0.1511904455979512,0.2607996671334527,26.867347715647497,9.054842222474687,1.28561344029598,0,0,1,1,0,1,48.05575828020092,0.08507544711849799,1,0.0,0
0.12819660466983648,0.10547728930506542,30.262891125447045,8.486767511693024,1.317761005225667,0,0,1,0,3,2,158.59254220388098,0.20129650978801814,1,0.0,0
0.3540635982074398,0.05001737049491859,34.30490913362326,10.169978854757172,1.3378114523233393,0,0,1,0,3,1,129.82991494316053,0.032557721995987936,1,0.0,0
0.18876989233874938,0.003084310204134904,22.09238816321551,9.136318654819771,3.265198887952949,0,0,1,0,1,3,149.76830383464375,0.078787939556434,1,0.0,0
0.0022274264892919206,0.09234484199549557,22.178266510195506,10.303529375880569,0.12419090715236858,0,0,1,0,2,1,292.4434715424238,0.31758722463896305,1,0.0,0
2.4599162323080104,1.2127806982532203,85.0,0.06774746237441653,14.872660650414046,0,0,7,1,25,13,15.164876215623945,4.311011831411199,0,1.0,1
0.0925059628948658,0.015289325347371078,25.031653025885355,7.0927271117815405,2.598174602990567,0,0,2,0,1,0,371.2380410513373,0.1300656070529917,1,0.0,0
0.3297470615854257,0.17280007352532406,24.791615528940653,10.517982953863296,2.1769592497398333,0,0,1,0,0,2,30.0,0.8959907297984311,1,0.0,0
0.011967559421766562,0.2145146664928084,26.24706773521651,8.841410965509013,2.6778400977178842,0,0,1,0,3,4,48.796511902903404,0.19786037543232998,1,0.0,0
0.07257011065976854,0.06658402447219987,32.24190406748703,11.056970414903343,2.5913413211727057,0,0,1,0,0,0,30.0,0.22744357729270626,1,0.0,0
0.07359426959874042,0.05313068869574789,49.01432831172117,6.8804789168001355,1.8534817209884595,0,0,1,0,3,3,30.0,0.08851213224002824,1,0.0,0
0.19308221127554898,0.05234235549284975,17.57260445723534,7.125291131283413,1.7237896187996742,0,0,1,0,0,1,206.36183333809038,0.17661993387569852,1,0.0,0
0.01695013681832223,0.06903366699146474,30.92277679667163,3.8280927623971284,2.958707844961828,0,0,1,0,0,3,64.18928143457279,0.24939302922076168,1,0.0,0
0.0024959169598966348,0.014473781268376505,28.3453804633852,8.830769538047726,0.25828338013389596,0,0,1,0,2,0,366.38711830437643,0.05421480459005758,1,0.0,0
0.10021526049638951,0.003931667718057731,19.934865610333212,11.022997981604767,2.4248961041724026,0,0,1,0,5,2,30.0,0.11070918955201037,1,0.0,0
0.1286990782159028,0.02496313845845708,26.975237415106918,5.623146562449191,0.9936919944069131,0,0,1,0,0,2,362.9553683354188,0.2583275772419418,1,0.0,0
0.326841226291497,0.033511451938531944,27.43358514097342,5.553586740249466,4.206782724615101,0,0,1,0,0,2,111.29733388926775,0.10747386532430121,1,0.0,0
2.394827926352138,2.900052670259423,190.0,0.011079983545315614,13.061303645926714,1,1,5,1,32,11,5.9017292191376445,4.155829118780151,0,0.0,1
0.13444366111138045,0.002477699484451655,28.695386175564842,7.072094175680894,1.4206425066548007,0,0,1,0,2,0,181.99584915827074,0.38150653255746086,1,0.0,0
0.03890567514845573,0.17061781277199828,20.06660951252181,5.973929292845868,1.7684505060547044,0,0,2,0,3,0,414.80055699322196,0.24767748502711415,1,0.0,0
2.195728195177866,2.636992397899158,0.05,0.17818262651521372,14.868762099391393,1,1,5,1,60,14,17.17417642349645,7.046397760719383,0,1.0,1
3.908440332996269,3.851844494702677,190.0,0.24614807429648855,15.418672044983335,1,0,15,1,18,12,15.491992554707263,3.5772414078291703,1,0.0,1
0.13224386154160944,0.03306615783141802,18.633693712777635,9.217472287993232,2.3197655134818618,0,0,1,0,4,0,30.0,0.03710707354112753,1,0.0,0
0.0591770708310226,0.11821526118080422,14.399994904073868,8.722537038334979,2.6633830488473853,0,0,1,0,0,1,400.3658665468656,0.4242082276232843,1,0.0,0
0.15937445996861543,0.08331888104624521,21.12933272561684,8.076178813045038,2.642400422547114,0,0,1,0,0,0,30.258780891670057,0.031035884673718095,1,0.0,0
0.0005247379790095695,0.03151231167951795,22.95643714639448,9.712299399516938,0.7257127769490761,0,0,1,0,3,1,48.1793564550516,0.061148317851091094,1,0.0,0
0.007856671052702985,0.19748167333738756,30.292858812628005,10.317526956248717,0.17934050680069613,1,0,1,0,4,1,175.97933564521452,0.20308028145801893,1,0.0,0
0.17201166564949125,0.0074199707520637885,34.00378675004687,6.989751203102963,2.829343925226282,0,0,2,0,1,3,30.0,0.07608656929432257,1,0.0,0
0.012377913440205552,0.049612628451661055,23.674091091249384,7.831893835886309,2.264301414075955,0,0,1,0,3,0,125.78472631696201,0.25429296607369944,1,0.0,0
0.004510137331862704,0.16951298791816505,31.52352640979937,11.555963147279023,0.13778667355115237,0,0,1,0,0,1,251.93698277359252,0.036857996048077594,1,0.0,0
0.42908893570897383,0.07069967019097165,20.943568167694792,12.383492244103405,2.5716087108071157,0,0,1,0,3,0,67.91264934293731,0.0008343520058985923,1,0.0,0
4.510483115594698,4.518386088112653,220.0,0.17175554877182864,11.92574133434617,0,1,6,1,45,6,18.265985681972975,1.5,0,0.0,1
0.20442809065902867,0.053703172721793264,23.43047747787272,9.65994434206722,2.147318859031395,0,0,1,0,3,3,218.6483311463254,0.07617388442278554,1,0.0,0
0.04051202892924812,0.044200287745361035,24.885953699235905,8.136109123315162,2.1210092431988117,0,0,2,0,4,3,30.0,0.2271140460345311,1,0.0,0
0.07356529447280429,0.1684644628858957,32.07463821679712,12.23606584991822,0.7155849730449091,0,0,1,0,1,0,128.75075477894927,0.013609473051436878,1,0.0,0
0.015325154609979562,0.00158442963389446,19.827270507102064,5.5575765114416935,1.0130873729966838,0,0,1,0,1,0,43.39874009299379,0.045170605308123335,1,0.0,0
0.05684632926714192,0.057630699628998,27.599375244027343,7.719391701776601,3.5537518857296355,0,0,2,0,3,1,103.54560648135902,0.012989085587874767,1,0.0,0
0.028302963594988805,0.18360929000987267,23.234531657109535,5.265696571119912,0.9616223572994489,0,0,1,0,2,4,142.84988862972094,0.13759487086675531,1,0.0,0
0.039520665379246867,0.028117717798464618,16.80000431534316,8.66008253843052,0.9958905927938813,0,0,1,0,2,1,387.60131376074867,0.002984191367746865,1,0.0,0
3.7260938874120466,4.027597635062411,190.0,0.04116021174060147,11.773123871304993,0,1,6,0,60,10,18.661940161139896,4.246924105659216,1,1.0,1
0.3738756669922968,0.15671191006070126,15.155582883965131,12.544425125944173,1.61603979796516,0,0,1,0,1,0,273.74872252321774,0.04199004981847668,1,0.0,0
0.11126986231882105,0.1418743718577791,25.374648941702677,10.894989033128727,0.8383526143628588,0,0,1,0,1,2,30.0,0.10892208549703382,1,0.0,0
0.040971260739520274,0.05066620649717898,27.275961564765087,7.569509141661838,1.5031009528474018,0,0,2,0,1,3,251.33144863768675,0.1874863590857408,1,0.0,0
0.044590607661623254,0.013626330568708916,30.69712463442439,8.7200696478657,2.266826171080387,0,0,1,0,3,0,334.2391150255401,0.004439327706757523,1,0.0,0
0.18446330422733567,0.16323300653444164,28.718972295742546,7.150124286173003,1.0629553148082374,0,0,1,0,0,0,30.36478127438627,0.12733056594297926,1,0.0,0
0.008324136436982958,0.08437064740862177,11.813955563803951,8.309698975886441,2.11491272637148,0,0,1,0,1,2,72.45517199030004,0.08559338446879093,1,0.0,0
0.19935938389044344,0.011055608358201217,34.84699157367472,10.795605583519505,2.538963072655722,0,0,1,0,0,0,50.1826301928774,0.2604834028748721,0,0.0,0
0.007454023633461459,0.0012059396762176258,23.528158739982874,10.825961760783683,2.6258386575357098,0,0,1,0,2,2,117.97092805057382,0.3071384618114352,1,0.0,0
0.0018692778446333259,0.10105873329292436,33.59150371203648,7.300700977098137,4.589389717389048,0,0,1,0,3,2,252.8858517941998,0.24439171267630908,1,0.0,0
3.603319558508205,0.8,220.0,0.23917679483843432,21.765797123367733,0,0,5,0,18,14,20.22180380561921,3.013108033487209,0,0.0,1
0.032785098913528314,0.005078282827488636,28.22153843278753,5.48384824039798,1.8601213193942878,0,1,1,0,1,1,257.7836431652769,0.8647582069924227,1,0.0,0
0.07481942018067862,0.07050830968528042,30.598290944237533,8.329162334333867,1.4750980371310014,0,0,1,0,0,3,112.18968360390105,0.05045876446314088,1,0.0,0
0.28835294221945734,0.05121301385221473,18.895584004406416,9.390085399788374,2.689506828329059,0,0,1,0,2,1,214.54931822884615,0.011326544291394956,1,0.0,0
0.3043569529155931,0.0264446387020324,23.701373184082385,7.32615478910981,3.987534161023367,0,0,2,1,1,1,63.183521793625545,0.015658399523279996,1,0.0,0
0.14132304503492446,0.018159134193177672,40.01345721473853,6.357960874937024,4.336146099599624,0,0,2,0,2,1,187.77535667029716,0.12525574604545373,1,0.0,0
1.7656429015039385,2.450098649630776,0.0,0.24635380000656662,13.19899062899119,1,1,6,1,60,7,14.087143760569791,4.291173257166615,0,0.0,1
0.05163917408002561,0.04542709076841314,29.796967786724714,5.463156027981421,2.118027713943819,0,0,1,0,2,0,30.0,0.17754548884543886,0,0.0,0
0.19300263850521376,0.1116760518587843,27.75359942628918,6.911832586789107,3.7778671402788078,0,0,1,0,1,0,61.760534797630605,0.19912138004699131,1,0.0,0
0.2547468000296156,0.03661789277619629,20.88430812073873,8.638956232442156,1.0470311664925949,0,0,1,0,4,2,271.9586823911198,0.19281375091490027,1,0.0,0
0.05321045547565273,0.006261032173871535,20.041736622867603,11.18886781616601,3.196260988306875,1,0,2,0,1,0,154.73028070786137,0.031199110659753226,1,0.0,0
0.06723223013561665,0.09049294905645855,36.29463393456602,8.393532664873137,2.370705567115584,0,0,2,0,1,1,193.2573704452312,0.10266025386176032,1,0.0,0
0.06939298573366565,0.003183004109523453,29.565067265494054,11.855931673937395,1.9180575176081687,0,0,1,0,3,2,270.20477175122113,0.04080613578027162,1,0.0,0
0.06935801175279616,0.03273572867730981,30.36060821289316,10.329910666020448,0.0,0,0,2,0,1,2,99.70911843543223,0.1154460500474594,1,0.0,0
0.07598342186039617,0.044185858004417586,30.26965971132384,10.7370828186719,0.0,0,0,2,0,0,0,221.3750865909179,0.16150880403030346,1,0.0,0
0.08219189807011842,0.11294870009736624,24.323108987440303,9.503704098719782,4.561297776771106,0,0,2,0,3,0,54.66220574529775,0.333089272465186,1,0.0,0
1.3267415496428678,2.897500230541317,0.05,0.14847218031292517,18.15413024735923,0,0,15,1,45,11,23.41150608648227,5.339597144734857,0,1.0,1
0.08324452874362064,0.06002350415275204,31.512803270288057,8.230711816350409,3.5645812410574145,0,0,2,0,2,2,103.56138716669531,0.3037797671210978,1,0.0,0
0.13658982315279075,0.1015585459562961,21.794192526328597,11.554616448389195,0.8018415875249894,0,0,1,0,4,1,94.81331509592648,0.20585213010993397,1,0.0,0
0.24342059132631885,0.009276189933418829,28.665784928416777,9.075364087351444,1.2677175895697976,0,0,1,0,2,1,249.57434334300535,0.5153538657739881,0,0.0,0
0.1724837218256407,0.11510780951451884,18.29071359861203,8.304410005831594,1.8321645676195693,0,0,1,0,0,1,135.43145392389923,0.10897109599820183,1,0.0,0
0.0048226426237025,0.1534800088461085,26.19824184574435,9.841985304177848,1.345779738672241,0,0,1,0,1,0,310.9180535950377,0.16119106662991173,1,0.0,0
0.1383300915718394,0.10404784159812237,36.4682077167007,4.463531777137607,3.04770156887761,0,0,1,0,1,1,87.59712846905597,0.20507847302445606,1,0.0,0
0.09544509005401879,0.033449005612358106,27.041325133349872,6.388310725132318,3.1567619824643116,0,0,1,0,1,2,743.8088746806042,0.15226531428652146,1,0.0,0
0.01627417987464538,0.0019201696278762545,15.35494929256116,10.920131866351186,1.9454067338872862,0,0,1,0,2,0,171.4452011692018,0.2998763216124391,1,0.0,0
0.20387635212111904,0.019848477910317203,27.69821969138459,10.684110822877603,1.6092482300953828,0,0,1,0,2,2,48.79966914001954,0.20243686291446036,1,0.0,0
2.102113945817873,3.0744682065558346,0.05,0.17990403542813388,20.493055082247277,1,0,12,1,18,7,10.471804490450454,5.683595347691134,0,1.0,1
0.1265421796302514,0.09442081436050397,30.594845958429804,11.430758854997038,2.0153534517559772,0,0,1,0,1,1,98.17216087963314,0.05829811369504059,1,0.0,0
0.0023177150780579595,0.18246260549666016,28.199871952608284,6.337781304351774,1.1398412207385982,0,0,2,0,1,2,172.8352035249743,0.17111781791919148,1,0.0,0
0.12016364368140277,0.009893883496726078,25.0083615768943,9.18954994518459,2.4464467833047774,0,0,1,0,1,1,177.32629719612493,0.2818366576786835,1,0.0,0
0.24817616381857086,0.04375780751005671,22.973891699333212,8.79777320790754,1.8427732831088801,0,0,2,0,2,2,132.84880074045276,0.15428316694188074,1,0.0,0
3.7144035705766223,4.8084669523649985,190.0,0.12460893545821827,8.551660587556494,1,0,6,1,45,14,16.125872704871746,5.326538442821018,0,0.0,1
0.4535835735074674,0.06179618789617882,23.738469801260827,7.273492370699857,3.22638994392192,0,0,1,0,0,1,30.0,0.7900772597808143,1,0.0,0
0.017151166617028056,0.04464620804887194,24.842031634726744,7.04068423541176,3.0868180300688906,0,0,2,0,2,3,725.7766466389392,0.9,1,0.0,0
0.014430303018665101,0.0033473196436131216,30.81531458024679,7.755363292859031,1.6707954366710838,0,0,1,0,0,0,58.36855043425118,0.1278424577035366,1,0.0,0
0.02260258363920887,0.039463716851260475,30.945538244830768,6.084450355151207,1.965743180895992,0,0,1,0,1,1,56.82759556283547,0.05779928042780918,1,0.0,0
0.058920163515609775,0.1001744105291993,40.42295888911289,8.395034635378572,3.4769122963102688,0,0,1,0,2,1,388.372234626346,0.8747848641217998,1,0.0,0
3.0763611186984536,3.1320258343166487,220.0,0.08743398473948913,7.249352482132551,0,1,5,1,18,9,13.71873458332204,1.818367313990397,0,0.0,1
3.932391461155666,4.528292355107679,85.0,0.009000152997001631,12.815470001466553,1,1,5,0,25,9,9.762319250781047,3.808239501263018,0,1.0,1
0.05679543966692143,0.09078486639824636,19.269697305426455,6.74172781378463,2.8654032700022394,0,0,2,0,2,0,33.02377531898212,0.11558217823987722,1,0.0,0
0.05102125330689481,0.08113481428007452,48.104398981310084,9.624184524165235,1.0840324186348482,0,0,1,0,0,2,766.937435482855,0.054533813826427614,1,0.0,0
0.32696747076001415,0.019040085356290332,27.96165162201746,6.695523594570467,2.248225507410342,0,0,1,0,0,0,44.35412122630008,0.14974659345280414,1,0.0,0
0.10717860279599496,0.13798855622682402,36.05099524860128,8.43613221989838,2.6551002716225307,0,0,1,0,4,0,150.1370746276462,0.039586633785421,1,0.0,0
0.05329627685835016,0.2104140564467649,18.699502167338835,8.525802591136612,2.924296932308112,0,0,2,0,2,1,110.69584892541751,0.15319923015525166,0,0.0,0
0.004484754278577415,0.06325663081218491,33.07265519298284,12.062799433201715,0.30354184555352925,0,0,1,0,2,0,53.10170430133736,0.06504447678657539,1,0.0,0
0.13581530212936188,0.13847786910042317,19.812539351201583,8.750781943613477,1.126217112891676,0,0,1,0,1,1,184.46299962885683,0.0042924619545719024,1,0.0,0
0.3346113643085499,0.09364847670004321,24.16753494360105,7.262033098227754,2.6959612553036045,0,0,1,0,2,0,132.41519079768204,0.05077210563353623,1,0.0,0
0.5588405868168277,0.01201470669982459,25.381386987315228,11.91509777864352,2.5207764447340066,0,0,1,0,2,2,206.33582997072116,0.03844444161195412,1,0.0,0
0.052268162611354835,0.5,46.6167240295457,7.683000963687587,0.586822158134199,0,0,2,0,1,2,62.73669229398645,0.25042121333368517,1,0.0,0
4.340361366580923,2.578769804004441,0.05,0.24332089663530626,15.816359310830597,0,0,7,1,60,8,12.435147740907585,4.109228307932447,0,1.0,1
0.010466447599856165,0.023247649744799783,23.4806223450333,9.209636236356786,2.161387049634509,0,0,2,0,2,2,30.0,0.07628506302885642,1,0.0,0
0.013060502256806161,0.022376615120194288,36.176881659853194,8.81419730128766,2.383655023866789,0,0,1,0,0,1,77.94020924740325,0.1096185760600017,1,0.0,0
0.009726533866473897,0.10739905727294526,21.64884168380521,9.16522551789995,0.78971088576962,0,0,1,0,2,0,282.2810340959022,0.20752641166250807,1,0.0,0
3.954003265632076,4.8742028617737585,85.0,0.23392263611575545,10.51327641171607,0,0,15,1,45,14,19.814342275423492,3.1509222406671684,0,0.0,1
0.12928461358281168,0.013808978830174116,18.557189194281055,8.492502932396297,0.9884297242956093,0,0,1,0,2,2,48.58650696392452,0.0659226970618546,1,0.0,0
0.044825589798914836,0.05383398197547163,33.84676916530064,10.141214951817343,2.2497360678638123,0,0,2,0,1,0,74.95145871838083,0.08540144219904776,1,0.0,0
3.2593167716777383,4.057471385366438,85.0,0.19534477370904135,19.70778266850272,0,1,8,1,25,6,2.7274100248684823,3.4615215452797217,0,1.0,1
2.863412124889452,1.5361631498500483,85.0,0.11194763283413561,14.03044317566268,1,0,8,0,32,6,14.762325897783995,4.403764020240916,1,0.0,1
0.07574899191092054,0.02577599392457041,27.92777363900246,8.951683668074615,0.9691847225499337,0,0,1,0,1,0,145.63050202721973,0.03369704014191674,1,0.0,0
0.00765613813562056,0.041375804551568994,20.828828922865508,5.612563260809891,3.0814065443924834,0,0,2,0,1,2,293.6342638366592,0.03201832696544068,1,0.0,0
1.0209812448273508,4.040438502778595,0.05,0.10050042928516134,8.467318168079322,1,1,6,0,32,12,21.979485066415513,5.978258752652904,0,0.0,1
0.0028354892497440675,0.0937140871263662,30.193589297063756,9.19472680703225,2.8493815773776108,0,0,1,0,5,2,30.0,0.14741548616080108,1,0.0,0
0.09196620543178298,0.027107086527362278,33.86399100967033,10.992659622149889,2.64323541855256,0,0,1,0,3,1,256.54181997098414,0.3525317323315973,1,0.0,0
2.496588545077463,2.432952803651715,0.0,0.16198106233123033,13.143868055004749,0,1,6,1,18,10,13.28331850847767,2.148401325391208,0,0.0,1
4.764303794273429,5.523064252490625,0.05,0.04579516337050771,9.397331944605423,0,0,12,1,45,6,2.3960235648027606,4.948601410973374,0,1.0,1
0.17396606288005903,0.11929095456467685,17.581299445596056,5.07251285174152,1.9987749616917454,0,0,1,0,3,3,30.0,0.16524815062466425,1,0.0,0
0.07713415132954708,0.19227680236780767,37.3111074308562,9.911026772120493,1.6385356708365382,0,0,2,0,1,1,30.0,0.22514131490539901,0,0.0,0
0.03249885108633671,0.07496262488572439,24.881760514058893,7.29097227888041,2.489239775412356,0,0,1,0,2,1,256.98559522720893,0.2748156814720632,0,0.0,0
0.004264263187765798,0.05512863635226939,37.23454151227731,7.2801945861015955,1.64851636383883,0,0,1,0,1,0,30.0,0.28453877600493616,1,0.0,0
0.07452663622481268,0.0829045707956944,25.54212836483224,8.138693235908558,2.693517664225406,0,0,2,0,1,0,61.81903511128356,0.04501219431230536,1,0.0,0
2.968054110565256,4.202086985043425,220.0,0.02435111494480066,18.834190735825892,0,1,12,1,32,12,20.73475815969242,3.2165334573090107,0,0.0,1
0.15778694349847633,0.0007798167883569438,35.260483122348724,10.32614161185772,0.81903638215298,0,0,1,0,2,0,98.81150387466586,0.05212471899301503,1,0.0,0
0.03264014408363327,0.14043026042701132,21.51008946983596,8.285306355098074,2.170202824613539,0,0,1,0,1,0,176.49384808482554,0.014538340717687304,1,0.0,0
0.03415935507288762,0.057143149809539995,31.14592479137864,9.750952000608102,2.723799416444421,0,0,2,0,2,2,30.0,0.3370298352804297,0,0.0,0
0.10176465145470431,0.0672338679290065,25.42240536762024,5.739220306551865,2.4300776483674853,0,0,1,0,2,1,30.0,0.035734814341205005,1,0.0,0
2.5248976869785187,3.590682416965364,85.0,0.2421015589307623,19.98194784991873,1,1,12,1,18,9,20.070540431414692,1.5,0,0.0,1
0.2519279714136625,0.026331811277781562,26.53562643570598,8.783756085256991,2.8745876458098074,0,0,1,0,1,1,58.2624999890797,0.0536960431349979,1,0.0,0
2.7626269193581043,3.09904499777158,220.0,0.06804494689790405,13.702017988810145,0,0,7,0,45,10,6.254170693720403,2.3591537934333147,0,1.0,1
0.1123502001158103,0.0526774347701472,11.570162031839665,7.176620258067361,2.799202719242142,0,0,1,0,1,1,92.58700429456003,0.04002526397220904,1,0.0,0
0.040179782793057686,0.25734361854848,21.786719873471704,8.999450974107194,1.9705218849780628,0,0,1,0,3,4,104.82537810519875,0.24487640195575328,0,0.0,0
0.0994508391937526,0.00804665482867739,14.28841191245982,10.675213970397907,1.6984863554613052,0,0,1,0,1,0,318.579295614773,0.0032472559129633747,1,0.0,0
0.029151839762162873,0.0033560075264584257,23.234672034813027,7.201847332866722,1.2872221151724061,0,0,1,0,0,1,124.66564914585354,0.14363952359119878,1,0.0,0
0.002007233707016474,0.0666692710934022,30.72286484466034,9.412996070501292,1.6262791295095664,0,0,1,0,3,2,47.850613312483375,0.07316512827592436,1,0.0,0
0.3971872541981973,0.05175275211368706,33.786047149242094,12.892664469045044,1.2378948066123274,0,0,1,0,4,1,375.6928658511684,0.06421383015956392,1,0.0,0
2.621837970132712,5.152109221438659,220.0,0.21574685601981447,12.116955671539,1,0,15,1,60,13,7.20714424496631,3.3611287574925925,0,1.0,1
0.2378368200189402,0.025661903109715358,26.859102353938386,9.005753315031335,1.0104195962708553,0,0,2,0,4,0,459.52938883946376,0.19572889702916182,1,0.0,0
0.05446208936246389,0.04121500162027781,25.05079132069382,9.118276374669597,2.1527823671002357,0,0,2,0,1,1,97.82701173585589,0.06904725256356346,1,0.0,0
1.9441455393896616,0.9892462585108825,190.0,0.07618358288104685,14.101971668187504,1,1,7,1,25,6,22.776656764305226,4.357782594723168,0,0.0,1
3.4572794943941645,4.726313710529949,190.0,0.2080279897637146,13.293895301096418,0,0,12,0,60,14,1.4685292099521714,3.87689404709928,0,1.0,1
0.01503372526154436,0.021849509822628167,35.94129457147364,8.202540824365213,1.0166232770513202,0,1,1,0,3,2,62.02901811977241,0.05748645122293337,1,0.0,0
0.059055635015306224,0.21608718661321658,21.58679082070166,10.680944338113989,3.2283277105444617,0,0,2,0,0,2,36.309475025846304,0.2073861881014703,1,0.0,0
0.24356226056758926,0.2018511317755769,25.98864798125634,8.195000643380162,3.0869156177890007,0,1,1,0,4,0,355.93653596465947,0.09755974088189238,1,0.0,0
2.467980851372763,2.1840308075661055,85.0,0.23515627161618557,18.26065978524636,0,0,6,0,18,11,5.66132382916379,5.6103606424170405,1,0.0,1
0.19531438613443297,0.19041188961038522,36.81389023692781,9.868209981869482,4.213277918011304,0,0,1,0,0,1,67.1864802677494,0.024245244306924433,1,0.0,0
0.07983390586792939,0.005518843705957249,32.081588368138846,7.6443315685642546,2.3276392367214207,0,0,1,0,1,0,166.11790821967878,0.30245038164772375,1,0.0,0
0.08067265313683634,0.11430277548587581,22.575906773710486,12.833918534493932,2.424548599719669,0,0,2,0,1,1,153.46398601599284,0.050827234808864856,1,0.0,0
0.1427881485740129,0.027841771637711014,28.14443273752416,10.952209170668137,1.75344639242401,0,0,1,0,0,1,32.93311326506352,0.2038509293965461,1,0.0,0
0.06184822641774647,0.09208501699637985,36.78075476620822,6.538058162947849,1.926347973742243,0,0,1,0,0,1,276.2502961268942,0.003182630903416293,1,0.0,0
0.3519449702982237,0.05990479019625944,22.17683727047386,5.915393250143097,2.586409009969902,0,0,1,0,0,1,133.8476402299669,0.23759214712257043,1,0.0,0
0.012387877930394859,0.01433621850469432,23.58511786630053,7.920157693949969,2.2277091184759583,0,0,1,0,3,1,30.0,0.017053442329405196,1,0.0,0
0.01491775390293357,0.02233635985248784,18.379146126665603,9.255423520227668,4.93818806715577,0,0,1,0,0,1,30.0,0.08631650226592115,1,0.0,0
0.27059002776708246,0.16619361391461135,32.94348416920868,9.69201734597224,2.190879935918708,0,0,1,0,2,1,822.5873238140181,0.049437169578239674,1,0.0,0
0.08651348576715727,0.10654975738101324,30.829581938272607,8.124805999816775,2.7348969425383327,0,0,1,0,1,0,124.89145445363171,0.5107371906320548,1,0.0,0
0.05033388642198706,0.06825804818315724,27.54090431241443,9.914117716802407,2.7546937503085798,0,0,1,0,2,1,981.5769083995721,0.042349251087230026,1,0.0,0
0.08756751306864839,0.03655146152835596,33.85542333305358,8.491036407246417,2.3499755356256893,0,0,1,0,0,0,135.99742150989348,0.1874301665073218,1,0.0,0
1.0813209894394245,2.580796932172429,190.0,0.16368109602943176,17.618722919029857,1,1,15,1,45,11,23.366258229646213,2.7507826153003516,1,1.0,1
0.1572308004388933,0.1327695055079932,23.8180468527295,7.224840284244928,3.553247186688754,0,0,2,0,1,2,103.56368608339957,0.20283496871146692,1,0.0,0
0.6730357478457245,0.05685700162021635,25.071771452316522,9.111402381499554,3.0284790091901104,0,0,1,0,2,2,32.898956301557554,0.4698715645715732,1,0.0,0
2.61535111755121,1.4967912721625134,0.05,0.1738003945502816,5.0,1,0,5,1,60,8,16.017123488287773,2.120248126493526,0,1.0,1
0.012883994244455015,0.05475940653144489,21.934812366104847,8.257025789119178,0.0,0,0,1,0,1,1,30.0,0.048787567818091994,1,0.0,0
0.20393808871670654,0.09031348975348773,12.10718440987863,10.916549481304278,2.6768882044807154,0,0,1,0,2,0,36.33966345662121,0.2736619193592957,0,0.0,0
0.22862383476530457,0.04227827015871893,26.231163150351232,10.94927746243035,3.0610418591835806,0,0,1,0,2,0,144.4107702509742,0.30421920180190415,1,0.0,0
0.12631288011768702,0.1838973980480757,30.554673401544605,7.223939668695251,3.7472373285098914,0,0,1,0,1,3,163.0724402713081,0.13067584055421586,1,0.0,0
4.034279164203143,3.4612200939106637,190.0,0.021649829114915364,9.788578487656347,0,0,12,1,60,7,4.762921653280019,4.375212945883599,0,1.0,1
0.006342130485647098,0.0781481070992264,16.948144247165207,8.408578490708345,1.8340382685270753,0,0,1,0,1,0,817.8583473497789,0.0024630373484962834,1,0.0,0
0.18853641933441695,0.03993163033371504,32.763029086865075,7.4912695992387865,0.6237787795956737,0,0,2,0,0,2,207.03553888915093,0.034046727719841255,1,0.0,0
0.14056010950518386,0.028069784829635316,32.82735014422131,5.148319670896305,2.1964533795681347,0,0,1,0,3,2,291.12489644306766,0.013012810154592845,1,0.0,0
0.0367931258560417,0.04831873841117169,16.42871477100531,8.333638679791182,0.8650258351007427,0,0,1,0,1,1,30.0,0.3506630021020724,1,0.0,0
0.08149912925558497,0.055793566087767664,34.20592471725648,4.339434765515096,0.6660333690121085,0,0,1,0,0,1,57.191251155098946,0.12689162341868024,1,0.0,0
0.08725372307941039,0.01722564355623953,4.870102606025451,8.468268163092972,1.9181422536403372,0,0,2,0,0,0,138.5946984547914,0.17185269787061375,1,0.0,0
0.20643161161871837,0.2910309863504774,26.116906070872854,6.772803214536364,2.60788033311976,0,0,1,0,2,2,464.04252549447517,0.11525622007477643,1,0.0,0
0.17818700288485978,0.06518033144646497,28.99847039640014,9.686673199262726,1.8699291587164673,0,0,1,0,5,2,367.2990132220363,0.26213916341909904,1,0.0,0
2.826390062542537,3.062552241269047,190.0,0.019756605358121238,8.89711784545592,0,1,5,1,25,14,15.793805079092706,3.8093360002593357,1,0.0,1
2.7319364491052083,2.1653036420702296,0.0,0.0685627191610339,12.712245965748302,1,0,7,1,60,10,21.740760530660133,1.5,1,1.0,1
0.11844709343071042,0.09286175571585777,19.349268015980456,7.447669257879625,2.7775086672658977,1,0,2,0,1,2,254.0944357522341,0.09033129655548944,1,0.0,0
3.324040599094871,1.6424992192484413,220.0,0.18380325409189302,19.044304517603887,0,1,5,1,32,7,20.628718827984923,4.013677074768298,0,1.0,1
0.1834322548314964,0.08292892402971543,25.066267745218642,8.285745565658647,1.4135827215114416,0,0,1,0,3,0,41.261025214359435,0.14539626730661254,1,0.0,0
0.13357859624340498,0.05946036305193126,18.680135203854615,8.199303267427466,2.854267561578362,0,0,1,0,1,1,30.0,0.3245267055084051,1,0.0,0
0.0822831049585267,0.18037984325321513,30.16591830139638,9.547369482758329,1.7375031395392453,0,0,1,0,1,1,187.12678961511034,0.21529045549133682,1,0.0,0
2.1844039677284632,3.282306275517976,220.0,0.2338883543832969,11.463740214619351,0,0,8,1,32,6,15.38471510624704,3.4510497592301195,0,0.0,1
0.11598003414069165,0.08665050840406537,16.01345552432757,7.989587731120751,1.6295722855303296,0,0,1,0,0,0,189.10379700252693,0.30918088729787396,1,0.0,0
0.0743243093075131,0.004706379829529467,23.29453576774047,6.492424369072728,3.413372924685207,0,0,1,0,2,0,409.7002435514917,0.07466439869508074,1,0.0,0
0.014145624956625628,0.09740016712476286,41.3541468520187,10.01390547225564,0.8517927080282901,0,0,1,0,1,2,42.5845834774703,0.24208687009383834,1,0.0,0
0.14069489208150507,0.0491918003039504,30.154776026052335,11.83559586600903,1.5909821521850604,1,0,1,0,1,1,104.59473341851115,0.06341219187687999,1,0.0,0
0.05878057157929706,0.08025329286651908,26.395553721004873,6.808743024021192,1.7529135032967122,0,1,1,0,0,3,220.58221238885002,0.38714169610608257,1,0.0,0
0.14102551026562535,0.051655921422735195,31.703115051351773,9.67290626066722,2.746996038355347,0,0,2,1,2,2,150.86397943960026,0.3184227964908804,1,0.0,0
3.2509229260992596,2.3435945425948743,220.0,0.1614809616252521,6.937157586049832,1,1,5,1,25,9,23.40478726382419,4.768989355290623,0,0.0,1
0.2540142061295801,0.05604464769269551,36.60722666026661,10.610109097885102,0.9355035788270472,0,0,1,0,3,0,38.392722437532676,0.05774528345176533,1,0.0,0
0.20797803760921876,0.0033312041092957716,23.18382984073094,8.323690262259218,2.00082133677946,0,0,1,0,0,1,167.454119320659,0.03410356312009117,1,0.0,0
3.8338760833329815,4.14198425719384,0.0,0.014560601583003457,9.821105820301302,1,0,12,1,45,11,7.383019538708898,3.855142520244729,0,0.0,1
0.09914571121727532,0.05309839675931257,32.676321790679474,9.138241683737082,1.7105167308121505,0,0,1,0,1,0,247.35722296961467,0.4497788302964587,1,0.0,0
0.04250520740828217,0.13712529460082476,37.28946162887927,8.92972941892773,2.3220472043256932,0,0,1,0,2,0,43.21880331359701,0.26024195371442577,1,0.0,0
2.224576933132019,3.912141305590392,220.0,0.07610865423893007,6.509560747050578,1,0,12,1,25,7,5.7125690119350025,3.355000083053751,1,1.0,1
0.015618268074533835,0.11491008030466812,12.195376813493274,8.686916983532706,2.8248840377287845,0,0,1,0,1,0,60.7103946760911,0.15631268891237082,1,0.0,0
0.05744561543606211,0.007175972930141927,20.604304585701374,7.865543223557049,1.5872559057784512,0,0,2,0,1,2,128.5084969835396,0.02377702675058431,1,0.0,0
0.5566758287075505,0.013710581383272847,18.17237642450778,11.521463303078427,3.299431215070455,0,0,1,0,2,3,171.43150569741098,0.0774498568129931,1,0.0,0
0.2177108894535398,0.05170974485825537,23.827227044671403,6.967040454182861,2.8378336775244426,0,0,1,0,1,0,401.86211356520226,0.17915313162954088,1,0.0,0
0.14725150888644536,0.28737330080074047,26.559406846180263,10.792943754975806,1.8514445850994177,0,0,1,0,2,1,196.39842037274286,0.2666602226731573,1,0.0,0
0.10915129799281507,0.019584153165742184,31.498378128807033,7.898329426089935,2.9525147585958975,0,0,1,0,0,0,81.75796474763598,0.08653316133529283,1,0.0,0
2.507373892139326,1.7212489276949574,0.05,0.22082813459498668,8.97001465127509,1,0,8,0,25,10,4.9895153786359,3.823656349194487,1,1.0,1
0.22793312252866285,0.08854416032275289,24.13853064149297,10.811465424241785,2.3132239910065637,0,0,1,0,1,2,346.01472844769876,0.08550885304494434,1,0.0,0
0.014042300857275777,0.000544905478030857,32.222914244285505,8.079344454269018,3.673690697321339,0,0,1,0,1,0,405.77040001270785,0.280267040635739,1,0.0,0
0.032742499968830496,0.06826061278698302,37.71989536249791,6.580054961711918,1.2572544289029215,0,1,1,0,3,1,218.6892272302023,0.07610981156150304,1,0.0,0
0.517855027446971,0.01962989969460249,25.887621725259898,7.050161314216796,1.812157179936209,0,0,1,0,1,3,278.4769273586143,0.29818470316839896,1,0.0,0
0.0795598582097922,0.0599359572084486,27.591835552941344,8.492174981409843,2.312515166195561,1,0,1,0,1,0,30.0,0.05501648207954694,1,0.0,0
0.17435156708308958,0.00505364473952379,22.208654656835687,7.725831511050122,3.7649718541264443,0,0,1,0,0,1,73.58559538192875,0.15191466551746408,1,0.0,0
0.33026328653386905,0.046765645516486876,22.66756209555493,8.862955763758112,2.5413793726352383,1,0,1,0,2,1,248.31503674773936,0.023030853657446098,1,0.0,0
0.10437191291805828,0.0177597679820747,28.445544874376658,10.365677784724474,3.8041046645863013,0,0,1,0,1,1,53.444797408421465,0.11973916426513116,1,0.0,0
0.1481568004873487,0.0385483927002441,18.153721183622885,11.248271648300218,2.174515661545795,0,0,2,0,1,3,30.0,0.006439017193707027,1,0.0,0
0.039549284203951554,0.0941397750642409,19.640482419414663,7.672937482381339,1.2928113207065395,0,0,1,0,1,1,204.48766062396248,0.028364292201513805,1,0.0,0
1.7589379594862817,2.0691356873131994,0.05,0.08418639910807035,19.938982675022164,1,0,7,0,45,10,16.661953942264244,2.4397875075179147,0,0.0,1
0.017240663388875543,0.02639973503514693,26.948439606217335,8.18848938283358,0.8631093076008509,0,0,1,0,2,1,412.7821039800737,0.611457032216991,1,0.0,0
0.19854875556103718,0.09315418317541067,29.40023003218822,8.643328279501702,2.3585477138792275,0,0,1,0,1,1,155.01114215867784,0.10292445880578277,1,0.0,0
0.0776517463187429,0.10973258066854376,19.327897466714354,11.145946616691086,0.9365581337382436,0,0,1,0,1,0,363.6429896787101,0.14468892160592595,1,0.0,0
0.07202312472387247,0.03270451894773067,2.370946298756799,8.493045580596128,3.2092795388889934,0,0,1,0,3,1,66.88609411042012,0.08605597690906999,0,0.0,0
0.05297198855007093,0.022059885713760337,27.545892392032467,8.727042992955884,1.4681563771887727,0,0,1,0,1,3,204.74951911390696,0.36108503289399296,1,0.0,0
0.0174668603552389,0.06655948934219964,29.061608719257677,6.686542069299811,1.9697872732157167,0,0,2,0,5,2,30.0,0.4100724465427315,1,0.0,0
0.08332260624630186,0.008691150349803965,26.460492826323247,10.888296296026253,0.6229598105629417,0,0,1,0,1,0,179.0315484564143,0.06420725020390622,1,0.0,0
0.16140411818322745,0.180618660533517,29.994092900839018,3.9812274841916278,0.8056608353807251,0,0,2,0,0,3,269.20347870237543,0.18957044920341204,1,0.0,0
0.19924001976465566,0.024780870450250295,23.855232010394364,9.502324140136905,1.5126600739608347,0,0,1,0,2,0,80.00468760969723,0.9,1,0.0,0
0.23353979766160346,0.0022877076969291515,33.0057434843789,10.973239484285951,0.0009121871021922079,0,0,1,0,0,2,121.95230534610175,0.28331824732681765,1,0.0,0
0.08704621055860873,0.00439321732590943,24.119648632433552,7.282816388861443,1.4384879785555085,1,0,1,0,1,2,479.239336413648,0.16782013236415774,1,0.0,0
0.0009446997268768337,0.0073444586758247355,27.716650935259654,7.182735838089939,2.401498150546209,0,0,1,0,2,2,30.0,0.2283572448418245,1,0.0,0
0.09429923571897092,0.03864405333051467,14.753780852493959,8.730051132685615,2.1112209154834276,0,0,2,0,3,0,99.60952510319989,0.14313139824192903,1,0.0,0
0.01683201355321641,0.10858110509192268,28.74280095401271,9.023714414491451,2.889317907329353,0,0,1,0,1,2,48.81148427114507,0.34302873170273895,1,0.0,0
2.025866173501822,2.0878963068822225,190.0,0.16044734311988915,7.015204336073357,1,0,12,0,32,7,15.030215997191867,3.6887503971235507,0,0.0,1
4.356496606695028,2.02838277029489,0.0,0.06811287419620105,13.427303055759824,1,0,7,1,32,9,21.50633492034644,3.90777126391824,0,0.0,1
0.0829111147450809,0.017347352771492616,22.793041071107965,7.5233844265770164,3.055798238466572,0,0,1,0,1,0,241.35701125495012,0.13449762551612915,1,0.0,0
2.5221009238469927,4.2961296376986455,0.05,0.13659998769970336,18.258881046196027,0,0,8,1,60,9,14.922038810232642,1.5565126820944866,1,0.0,1
0.02859769130161869,0.09986582895120939,20.87390315184038,4.107107476713802,1.6755248425035751,0,0,1,0,3,1,176.81878320483816,0.05834031301167471,1,0.0,0
2.137725947002873,2.998086627025047,0.0,0.08347362966336799,11.320580550962884,1,1,7,0,32,10,15.118876225903861,5.197647008618194,0,1.0,1
0.04414491911480444,0.16533242387818636,29.437027621704274,8.788232725559364,0.7610340551951629,0,0,1,0,0,0,666.6513057214131,0.08265673357390053,1,0.0,0
0.0355166026999228,0.07758220553586767,23.96978718973665,7.968954277133302,1.5872061556477082,0,0,1,0,2,2,150.32026179330904,0.0488261133905229,1,0.0,0
0.2881952120057911,0.011218461424621773,18.943907437805255,11.036717222992134,3.374056551159981,0,0,1,0,3,1,30.0,0.18706877692677804,1,0.0,0
2.3207677035752643,4.446602138915206,190.0,0.14286476343417426,15.665182483233203,1,1,12,0,45,12,4.26740112184153,4.281526939426057,0,0.0,1
0.36853905860977704,0.38230700624199854,36.52949030479661,9.55309555830736,2.128339027202938,0,0,1,0,2,2,93.19840881697463,0.03762553345147156,1,0.0,0
0.08071301703774385,0.10786226704791142,34.83804184874905,8.919852104825996,2.1790209142295196,0,0,2,0,3,0,158.53184112042186,0.052604057901661075,1,0.0,0
0.1427366722507013,0.21794753183701027,28.06636757711185,5.519014268526213,1.0756958315186633,0,0,1,0,1,1,160.72654133831585,0.6029876346143941,1,0.0,0
0.2412470856056304,0.09837623650034459,27.825367722381444,10.488828840180476,0.633753370602889,0,0,1,0,0,2,128.30801011403443,0.06251845143374653,1,0.0,0
0.2008604186664046,0.12793651038412496,29.078900205309797,10.095131245371908,2.644532687313047,0,0,1,0,0,1,30.0,0.11434364225224998,1,0.0,0
0.049761929897572034,0.05971482053432531,27.73090016476129,6.8360577838429375,1.6202688749661607,0,0,1,0,2,1,113.30040864105338,0.193661565205879,1,0.0,0
0.09636808398178133,0.058264182608849344,28.190059560436378,7.925835593769982,3.9607178320387026,0,0,1,0,2,2,456.5264186222064,0.7784066158272118,1,0.0,0
0.13581002101171594,0.09494847233056002,36.87997709127718,9.334160996017289,1.573237171161432,0,0,1,0,4,3,141.2044827634451,0.10461173728494189,1,0.0,0
0.003667955756715265,0.07446352982589159,32.07176145098583,7.33967255575096,3.430624396998394,0,0,1,0,2,0,114.4912817553923,0.9,1,0.0,0
0.16939532685344766,0.09595480641278217,28.571522444032407,7.186459283296568,0.10499310640222603,0,0,1,0,1,1,152.52516908798674,0.19053620833524573,0,0.0,0
0.3303919856531686,0.09958579538219546,20.122741395715295,8.540059497648695,2.684083978776116,0,0,1,0,3,1,72.42580985229947,0.37640426446262615,1,0.0,0
0.09493042787829171,0.21558384602852076,23.199162370892083,9.867722227863984,0.25630549294276306,0,0,2,0,3,0,97.41595699461469,0.31844485656645016,1,0.0,0
0.19152064359917878,0.0022819591035540677,23.603866095855956,8.070958099328182,0.20149950481532586,0,0,1,0,3,0,229.43102091221996,0.9,1,0.0,0
0.05993626863205563,0.12011340238712358,27.921278349455953,8.368941769022097,4.025284208621445,0,0,1,0,1,0,99.78356807595512,0.26370418743078966,1,0.0,0
0.2124527030906832,0.1692174739413297,23.9902334659636,8.536236955251743,2.2694234520549013,0,0,1,0,2,0,30.0,0.09037422816808127,1,0.0,0
0.04868566759082024,0.09864015365429517,27.94261101217323,7.5932930997988235,1.384612690237487,0,0,1,0,1,1,311.6884697545541,0.23961790953104398,1,0.0,0
1.8337251950579065,3.848212630529271,0.0,0.2444638985060358,16.897838926270694,1,0,5,1,18,10,16.48798658716234,4.301403698382948,0,0.0,1
0.04951406853244162,0.06232918884994015,19.898866702521005,3.6165860261950264,2.5893018059441726,0,0,1,0,3,1,234.5841726923035,0.2097518301100268,1,0.0,0
0.011355499057394514,0.012809587977688544,19.829964063411033,8.632188492597951,2.9846557981376103,0,0,1,0,0,3,72.17867484962306,0.3622313335912774,1,0.0,0
0.12576586779240612,0.002720785476927341,17.64634831289326,8.229739985848596,2.1705755814770225,0,0,2,0,3,1,30.0,0.06762076812852341,1,0.0,0
0.030754268344723706,0.064492317395587,26.56253628174121,8.412908655842239,2.2036922784764594,0,0,1,0,0,1,223.65077718268682,0.47325401092904906,1,0.0,0
0.1680121108325105,0.041488967671418124,37.31565158159624,8.701607740919549,2.289744026914035,0,0,1,0,1,2,131.9051266161794,0.05433568751674132,1,0.0,0
2.077182382267092,2.8596908139856128,220.0,0.12368607440540039,16.89160543343042,1,1,12,0,18,12,2.378206884115639,4.299328545716901,0,0.0,1
0.27024603825422594,0.05942981561299888,19.5301211818345,11.919526503329147,2.3470662722002773,0,0,2,0,2,0,126.02296057300741,0.19693828608805344,1,0.0,0
3.3472757301523792,2.6409905354353316,0.05,0.19301190236690735,18.2860214451191,1,1,8,1,45,10,8.169342201807813,2.8985323557604787,1,0.0,1
2.339911085901031,3.1818128600249365,220.0,0.14902426660164544,13.836645064509666,1,0,5,1,60,12,17.09260622699013,3.884275076981721,0,1.0,1
3.277564677843983,4.082880019237179,0.0,0.19784733985544367,21.200131024333437,0,1,15,1,60,13,22.726549044954695,4.618411983757949,0,0.0,1
0.0681875021135424,0.12419743995105824,32.34783902461049,11.301554552391302,3.914904504978405,0,0,1,0,0,2,526.3322171858065,0.159405143986462,1,0.0,0
0.1539349773423505,0.05181626594342238,32.9686868417188,11.360060777842738,0.9287817769892908,0,0,1,0,2,0,281.00593836090053,0.31172117444363384,1,0.0,0
0.11352365664449221,0.013428139779651436,41.30011431705802,5.876526615509751,2.8954602236748324,0,0,1,0,1,1,258.8731330501535,0.9,1,0.0,0
0.04038830628720911,0.009264829890584825,8.561870142939778,7.230957353132117,1.9158704168507639,0,0,1,0,0,2,83.76831529913402,0.26074981910335904,0,0.0,0
3.8317448805530483,3.5464184146112028,220.0,0.23890489382402338,9.38749831502712,1,0,12,1,25,13,24.20433801604812,3.2657822826513274,1,1.0,1
0.057779104131243465,0.017734422821475134,29.861761625791786,11.398584856807652,1.5861322750262916,0,0,1,0,3,1,30.0,0.012379165343681687,1,0.0,0
0.018218390631766446,0.13545024252282908,28.049801905106783,11.522566248221484,0.8967072571753736,0,0,1,0,1,1,278.7108784194668,0.07658711116255633,1,0.0,0
0.3474765911638703,0.0532515175216608,28.674235940012075,10.764574749677877,0.5256171306818518,0,0,1,0,4,0,30.0,0.6401223181669801,1,0.0,0
0.12125249849908674,0.025218869005399634,19.969895993749994,7.03747805334591,1.8653845669367703,0,0,1,0,2,1,629.4219841310559,0.013984692741014807,1,0.0,0
4.04339209593938,3.5422528602566357,220.0,0.15490115896914208,20.095654995544407,0,0,12,1,25,10,21.794422319654416,2.9427959015553435,0,1.0,1
0.109326529485993,0.045850987167974554,35.46427556182028,10.54977286553186,1.640023826419099,0,0,1,0,0,2,199.91344207447148,0.5124926998861489,1,0.0,0
0.24079860035311165,0.05615577567705603,20.224318900381327,7.772430940780257,3.0054953203063786,1,0,1,0,1,1,403.9256672720607,0.06685184702034801,1,0.0,0
0.1347927337126958,0.009774399363873509,29.769522096473302,5.660349373084861,0.18569187861038294,0,0,1,0,2,0,252.54549818114066,0.39465957430321824,1,0.0,0
0.0006292003001093971,0.017808657160196608,29.522626691727474,9.985806610867197,2.693825412856018,0,0,1,0,2,0,56.17612509812149,0.2080221935107568,1,0.0,0
0.015368515518428574,0.05269858754593121,18.527962469276503,7.963934825344779,2.0496613557082175,0,0,1,0,2,1,93.00350389443207,0.18250653763175645,0,0.0,0
0.03253570510565221,0.018844084288553675,31.061492268949046,8.560537342217238,1.862774823441464,0,0,1,0,3,1,30.0,0.021321221888240205,1,0.0,0
0.010081575120806032,0.008450299265055194,26.171357688963376,4.809152230390929,3.922238975313464,0,0,2,0,0,1,597.1755903231291,0.10465866240043371,1,0.0,0
0.01509733497345487,0.06272804631150074,33.527733880914894,7.326374568793836,3.252275477530615,0,0,1,0,2,2,34.98572939630725,0.10039651310949566,1,0.0,0
0.1663446670645452,0.04965969454908169,27.270227444364473,5.520393869269652,1.500709409194439,0,0,1,0,5,2,50.816221498984326,0.0532649846275187,1,0.0,0
0.07506677385888327,0.04710566641378957,27.14278938404516,7.392130632315515,1.7377718627661678,0,0,1,0,1,0,366.4471288319805,0.15408018984174376,1,0.0,0
0.017664968482486863,0.03306045561738951,23.59370436342923,8.440984802761857,2.231461582498773,0,0,1,0,1,1,228.32522918006433,0.22790423401777413,1,0.0,0
0.09364371827245627,0.01679458401708433,21.687807193974308,7.7605666304814145,3.1658867394684167,0,0,1,0,2,0,545.6686838552484,0.08796378444336014,1,0.0,0
0.11640367384187171,0.042337215067392416,27.66949247971138,8.576169011438985,1.4703918004304413,1,0,1,0,2,3,79.45325051031824,0.27240802708912726,1,0.0,0
2.5774281622525246,3.496009692177256,190.0,0.030215491141473372,11.442090077264073,1,1,6,1,18,13,8.534222609064972,3.5429594966510467,0,1.0,1
0.00961245586319341,0.021376413727367104,27.570940268675752,10.168201143820136,3.564014018211813,0,0,1,0,2,1,30.0,0.3973268489891391,1,0.0,0
0.050240951225411126,0.0249576825010628,28.69476491233344,8.565671618202613,3.282108391426512,0,0,2,0,1,1,92.2194316749916,0.018527706593145052,1,0.0,0
3.479378587000326,1.7590362884109485,190.0,0.2436350045740691,14.70064072044422,0,0,15,0,25,8,6.202727037130568,3.7828450053208025,0,1.0,1
0.02847393969712215,0.3053131159441971,21.16261935824273,7.856824631148585,2.149588285570686,0,0,1,0,3,2,160.8258300399712,0.16354342312386227,1,0.0,0
0.004392492505302839,0.0989393359551242,16.7161648663559,13.38184793091307,1.377935165055045,0,0,1,0,1,1,30.0,0.7833739338951422,1,0.0,0
2.72597211686158,4.084221110301436,0.05,0.20716844001175974,13.227490449427835,1,0,7,0,45,7,6.404841192194811,4.310852765828766,0,0.0,1
0.19938952900032503,0.00621495043367684,23.75562866585232,10.029199195271161,0.9335665249348235,0,0,1,0,0,0,337.0983477210114,0.011750271373840881,1,0.0,0
3.315757461161729,3.9507080489672424,85.0,0.07636791378118837,21.14485818438741,1,1,7,1,18,13,22.24469281640305,3.1805255925523808,0,1.0,1
0.11109896017545504,0.22804119060276537,19.74328498592871,8.093735907353144,1.276562776836912,0,0,1,0,1,1,276.5041278392824,0.14741654201149626,1,0.0,0
0.43885985451422155,0.2044000077751789,24.161970384790646,10.280816010373682,2.1290027580137836,0,0,1,0,2,1,404.33970238963747,0.41848126508996614,1,0.0,0
0.17741572466193342,0.10724314514966586,13.680287824955249,9.571280450033218,2.327970390472233,0,0,1,0,1,1,241.0144528114468,0.14871970079700633,1,0.0,0
0.13189855315374097,0.0075620606211218334,39.642741780133335,11.907454309394476,2.5579377815243736,0,0,2,0,0,2,30.0,0.22597987936227715,1,0.0,0
0.008257238096699624,0.127005650795576,24.014052901446878,9.697190182888784,0.0,0,0,1,0,1,0,180.73542169718954,0.7071236982008515,1,0.0,0
0.1312481075289015,0.013916501029977251,20.71991307175,8.089414956742973,5.942331010806686,0,0,1,0,2,1,417.93840094622226,0.3817503498238446,0,0.0,0
3.808699242809616,3.278424798220098,190.0,0.11654771449248158,13.559874198938378,1,0,7,1,60,6,24.97350568281395,3.825096750438096,0,1.0,1
0.26765773267552034,0.08868173581296153,27.981915756236674,1.2295995449197958,2.746394873522203,0,0,1,0,0,3,48.82674104256066,0.252808844588304,1,0.0,0
0.20517884382854348,0.1383737768146002,24.156034554163472,7.576048804057432,3.9466984623655623,0,0,1,0,0,3,58.55042728102232,0.04903460703441512,1,0.0,0
0.023704882727268256,0.001277186673667206,26.230043617861494,10.90935187151385,3.075500021130637,0,1,2,1,2,1,106.73855149500275,0.24982433055053335,1,0.0,0
0.09527801724020334,0.027044703876093368,26.946233689398685,8.878668072360332,1.8188904375954904,0,0,1,0,1,2,30.0,0.042648983395075085,1,0.0,0
2.4835345017381862,3.9720250537544546,190.0,0.06854202773873122,17.444495213254726,0,0,7,1,60,12,3.921328555021991,4.479435252854372,0,1.0,1
0.10976295890570183,0.06997323291444371,12.142840069032303,7.476263197812965,1.5529034021343429,0,0,1,0,4,2,143.57949621164062,0.29271245328385764,1,0.0,0
0.14138153639138198,0.07251989270732784,17.41090145898025,4.771460325487055,2.250943193236659,0,0,1,1,0,3,210.3553722351464,0.11591024576595617,1,0.0,0
0.07697403985132455,0.23709149746261077,25.927533970645843,6.9464521816258795,1.3029210871993033,0,0,1,0,1,2,30.0,0.13512442845511582,1,0.0,0
0.13617091640175086,0.14099693947229436,29.404011133186263,8.066415936624141,1.172107132634191,0,0,1,0,5,2,147.28487490741662,0.20826952161911771,1,0.0,0
0.07265672861566469,0.09737434550394344,37.21990973024579,11.852379015004031,3.127477858731929,0,0,1,0,3,1,204.2337359330119,0.1865635419006032,1,0.0,0
0.1760968510094506,0.012683517297021645,21.102794339083452,7.091279351558237,0.8204825433594882,0,0,1,0,1,1,110.75088447751477,0.35769871442911505,1,0.0,0
0.16963008337436394,0.0052949042752992075,29.553282760602734,5.241581921839893,2.7759681608964044,0,0,1,0,0,3,174.47636533285225,0.19746547372167922,1,0.0,0
0.1895477128323282,0.027326290110170025,41.100511212134165,4.412462596947007,3.606347039530311,0,0,1,0,3,2,64.20900352729022,0.08458967852645377,1,0.0,0
0.1523476783966424,0.1906699908701218,27.945877081532455,9.936980594634258,2.9583327146851413,0,0,1,0,2,3,99.00054079733782,0.14706145495789813,1,0.0,0
4.16622780478108,2.8108916071407446,0.0,0.161997810295233,9.133784737736953,1,0,12,0,32,12,14.478791015130666,2.0881650664974685,0,0.0,1
0.005151990996825769,0.009557587242401666,21.2852224647193,5.465853926188735,2.8313642544759894,0,0,1,0,1,0,30.0,0.07197410012608256,1,0.0,0
0.05577600757912385,0.047431281010477805,21.23893343973726,9.355675721072087,1.5206669560351185,0,0,1,0,1,0,470.3034645196107,0.2150478620011343,1,0.0,0
0.18063438079553626,0.3830606701097501,30.559316663966428,10.51324926319303,2.5038878713794004,0,0,1,0,0,2,36.14884199196687,0.3959250567578557,1,0.0,0
4.289485161259498,6.327729570054482,0.0,0.08069360207153417,15.834130972366925,1,1,6,1,60,14,7.4714865022455585,2.6839748342722904,0,1.0,1
3.2610992433024952,1.994967163745662,190.0,0.04469996386300809,20.727731765767622,1,1,8,1,60,14,24.457641446646022,1.5,0,1.0,1
0.21999086186875633,0.027046973191369134,17.86102692470567,9.750456941746204,1.8987403115434889,0,0,2,0,3,0,193.8199227519905,0.032737021404716175,1,0.0,0
0.09439762999712022,0.12472757878241028,32.5723618242769,9.940714996787017,3.1709964932042665,0,0,1,0,3,2,85.9530135140978,0.2517018184895851,1,0.0,0
0.17404256387608621,0.2348506364801037,34.7636321815921,7.119323753312191,2.7274902041567652,0,0,1,1,3,2,30.0,0.4890582362715957,1,0.0,0
0.04166695523468374,0.17595214136306747,21.825727176356555,10.24368913974818,1.2756924362161197,0,0,1,0,1,1,337.8436700030086,0.12262132766685102,1,0.0,0
0.5394561392541343,0.0685512719781402,30.314760033712513,10.408329028381848,0.6648533883391414,0,0,2,0,1,0,30.0,0.021417071753054694,1,0.0,0
1.8381703684443789,3.7418967455617516,190.0,0.02606660997252766,12.641980741882737,1,1,8,1,45,14,17.019380463955095,4.652864991614331,0,1.0,1
2.6038517779400268,2.652802678957377,0.05,0.03340085649056479,10.391851773994375,1,1,5,0,60,10,3.127534789104823,1.5,0,0.0,1
0.27388122060546904,0.29864217857232966,26.796303784361942,9.081160695749075,2.551573538819825,0,0,2,0,1,0,52.78140099187004,0.22869375428361463,1,0.0,0
1.5558906053797315,2.7650583454290603,220.0,0.1006558606063418,14.612760042418092,1,0,12,1,25,12,8.073542473876774,3.790711665184476,0,1.0,1
3.3227215180428087,3.696861479394063,85.0,0.08794434160852357,14.293359490843772,1,1,8,1,25,13,21.85530548074776,1.9618366638655407,0,1.0,1
0.018269595314525485,0.04335270425998432,29.875391865507623,6.690817572573852,3.0387562896145033,0,0,1,0,1,0,43.64399583973921,0.05785507689579984,1,0.0,0
1.437674837845338,3.099139594523526,0.05,0.03692616273535468,10.460581699164,0,0,15,1,32,9,24.01779987939124,3.480406837131067,0,1.0,1
3.0008580861641025,4.030919628432337,0.0,0.22073618517743224,19.42543490727587,1,0,12,0,25,8,22.01282975121015,1.8446160764068584,0,1.0,1
4.493252739034022,4.628158020285738,220.0,0.12557918057451473,16.38078341782668,0,0,7,0,60,13,11.909866354424537,2.8349445437404475,0,0.0,1
0.19523949671927737,0.05724677374937935,32.610696559847725,8.654748565521666,1.6689478312496422,0,0,1,0,1,1,187.7924920734033,0.06357780149361562,1,0.0,0
3.81122154701449,5.327422123691127,190.0,0.10074825611049956,14.62028860645017,0,0,15,0,32,6,19.900868021077585,5.8279491604386635,0,0.0,1
3.0258654616642406,3.7571536074460465,0.05,0.05649301465647932,5.843192136500056,1,0,8,1,60,9,13.933574007566438,4.041409610498023,0,0.0,1
0.2273726417651095,0.012580551656787833,27.10344190908661,2.8596623555186182,2.1871015372222726,0,0,1,0,1,1,74.95457571268086,0.16485305387065596,1,0.0,0
2.6595268842831095,3.3012195984141037,0.05,0.13208236292508527,17.25709990284383,1,0,5,0,60,6,6.255382517191901,2.4834743538525794,0,0.0,1
1.499940544999561,3.3360947397323892,85.0,0.18799151451538132,18.82702969841754,1,1,12,0,45,12,12.78984652749115,5.072328258426694,1,0.0,1
0.09432229057954859,0.0053184728876769114,22.806821567639588,7.929808968343323,2.2756635817352304,0,0,1,0,1,1,81.29162958940643,0.042739796100034276,1,0.0,0
0.07506075864160726,0.07254341242068807,36.644480672119315,8.811316595343483,0.9531420415416623,1,0,1,0,0,0,138.6340505745706,0.2356122039008214,1,0.0,0
0.010547007143530086,0.3257137659742911,21.247137574758074,5.590770502845678,1.274659959185243,0,0,1,0,1,0,107.17850309411625,0.1720818219115262,1,0.0,0
0.031123193482404807,0.06179162476723677,26.482342931846805,5.999948688824792,1.2011011019068696,0,0,1,0,3,2,254.99324182719667,0.0996318026859622,1,0.0,0
0.7070116780922823,0.026350976532288434,21.527104621533255,10.287523594775662,2.1463409237491797,0,0,1,0,2,1,75.20307977951988,0.017578705158508342,1,0.0,0
0.0021249879247758003,0.061667803703030925,33.9424778987474,8.558303824650025,2.4232348025181265,0,0,2,0,1,0,279.572694515387,0.11072858604117125,1,0.0,0
0.8958687689142577,3.695941171163115,0.05,0.09743918458762527,22.920549413475758,1,1,12,1,32,9,24.58612761477935,4.0034743934336605,0,1.0,1
0.07414213367957899,0.024364584127147735,23.079142442743244,8.594209395518627,2.293306236017025,0,0,1,0,2,1,261.0172349421272,0.3717151870154136,1,0.0,0
0.03301638535420446,0.16417455437928952,28.163381066730015,9.854060939601613,2.6619395840707996,0,0,1,0,2,1,30.0,0.044801347257901296,1,0.0,0
0.30148794519290784,0.0015673536021676246,22.796208068246454,10.533661778025703,1.295148489275943,0,0,1,0,1,1,96.23770475665337,0.02912986967466735,1,0.0,0
1.8428841063606503,5.682591558450403,0.0,0.15092412491844379,17.29300607454792,0,1,15,1,25,6,7.865928982807205,1.5,0,0.0,1
0.26769674750367684,0.2253129970386484,32.150583951262654,6.892393639805828,3.59219791403818,0,0,2,0,2,2,263.8975057469195,0.49045675090782775,1,0.0,0
0.02662614215145271,0.03489177920974076,23.150888757352604,6.148531106666077,1.7920524011259513,0,0,2,0,2,0,132.98646185929542,0.1259285069682415,1,0.0,0
0.1765738707100628,0.23630056284359985,23.597659019193017,13.055377852061863,2.2422442324896497,0,0,1,0,0,2,88.45745372292481,0.08857069846889837,1,0.0,0
0.16891217221868865,0.042291839868997545,25.11977591752959,5.411090181832892,2.0136556638374574,0,0,1,0,0,0,411.151817398144,0.08964712868128018,1,0.0,0
0.12747665375395997,0.06764480903838599,28.840951866850293,8.200378562508417,2.824659562849253,0,0,2,0,1,1,130.86310887695734,0.06842248004225308,1,0.0,0
0.38905778538098296,0.007124027109670527,25.941474489099804,11.769211023522402,0.8648398703141749,0,0,2,0,1,2,417.0437301222484,0.08172958107183842,1,0.0,0
0.03983432480016593,0.01766477633079432,29.034167091896364,7.902125205960339,2.572077621004943,0,0,1,0,4,0,38.66659858708115,0.2641954980152252,1,0.0,0
0.08614736787905139,0.04066347487812931,43.71258768049182,6.358491247322995,2.4176814050172477,0,0,1,0,2,1,143.03260372982587,0.02527685521126411,1,0.0,0
0.013079387961202598,0.0565423811875675,17.371876550817593,8.46890569271285,2.4878668336960095,0,0,2,0,1,1,182.27258301769444,0.09388115751405213,1,0.0,0
0.02542387419512348,0.07705933155987978,33.66193718229657,7.906662526651057,3.3058610861868125,0,0,1,0,0,1,264.63571745197015,0.2857900826844838,1,0.0,0
0.03768507438196178,0.12480026353874031,31.662920264603063,10.711186290578969,2.755461713870963,0,0,1,0,3,0,153.92321504891797,0.1921098941621092,1,0.0,0
0.04269533243905544,0.12384817934970993,25.602142034551353,9.758270596515567,0.4641353291344896,0,0,1,0,2,1,107.72642365313811,0.004486527324531892,1,0.0,0
2.0650264041197026,3.9116196175108024,0.0,0.12903545827234952,12.134626779054265,1,0,7,1,45,13,4.463798622685568,1.7476886281036301,1,0.0,1
2.15992680286919,3.7690498516152853,0.0,0.18447380847264366,13.712463482803685,0,1,5,1,32,14,11.156204950631306,3.772130536903607,0,0.0,1
0.0065788471670360955,0.1232178033154236,27.76423785954414,9.783250464882418,0.7050260259039136,0,0,2,0,1,2,403.00631361053945,0.03577904649958787,1,0.0,0
0.011146308943244108,0.08525521078397194,24.157871095581214,9.575967344301882,3.854662133859585,0,0,1,0,3,0,105.17673327238076,0.048067928403155866,1,0.0,0
0.11105103923312007,0.032795537248592355,10.924883209388137,7.484937312948463,1.7407240256212466,0,0,2,0,2,2,308.60953425156015,0.24530789336519063,1,0.0,0
1.1355821556799621,4.34282096516764,85.0,0.05655780194466223,5.048496970552861,1,1,12,1,18,11,21.915400685598605,2.8248727724071165,0,1.0,1
0.2044595671966734,0.0632444097916774,18.00640726587082,10.110479715808813,2.292484187942296,0,0,1,0,0,2,30.0,0.04879507695817997,1,0.0,0
0.02210011760275414,0.007975393677978159,15.982201000601215,9.502498173614406,0.8189949915690549,0,0,1,0,1,0,59.69988969046726,0.01733833467131517,1,0.0,0
0.021972891637553362,0.01039860089331967,24.353845852242323,11.241583667611554,1.9253946108812454,0,0,1,0,2,2,610.2895613632272,0.03251310685710215,1,0.0,0
0.10363234173369842,0.07873234417873108,23.689951919625795,9.30634033326878,2.15769421996281,0,0,1,0,1,2,200.12632180306602,0.06402494408630052,1,0.0,0
0.1921128128782164,0.001455725417785709,28.433714795714994,11.453844044429399,1.8863730654807702,0,0,1,0,4,3,75.90901592943827,0.2932787654140497,1,0.0,0
0.16513486591280588,0.059970031681722186,34.50460874798478,10.784109184704494,3.3700263763762273,0,0,1,0,1,2,58.46709371214484,0.08178983442436945,1,0.0,0
0.05113277831501943,0.005865601165176988,32.34751091052679,9.28034438576017,0.4547708850013288,0,0,2,0,1,2,59.02943571548325,0.07458750645720734,1,0.0,0
0.3140770916590287,0.04779845469653426,23.888941345462264,5.972256878532567,3.7308151930447426,0,0,1,0,1,0,48.338021300257914,0.22047764753977092,1,0.0,0
0.15631768922596712,0.012351172257847622,38.16589489586464,11.264866681810865,0.06120009061842224,0,0,1,0,1,0,34.751186916603615,0.03479165035237472,1,0.0,0
0.024318908965851482,0.298443335871928,22.852448643100303,9.511728716232312,2.324743320351095,1,0,1,0,1,1,30.0,0.32187718670125287,1,0.0,0
4.323121740557978,3.9954592114027063,85.0,0.11323821525031816,11.859025941604063,1,1,7,1,60,13,9.624041219003722,3.1586848091322985,0,0.0,1
0.18639376120964415,0.055762068356920526,31.3903507624231,7.389749688392776,1.8124961162712272,0,0,1,0,2,1,30.0,0.41913104612733837,1,0.0,0
2.8577053323107298,2.4594509593744984,0.05,0.011542969897740119,19.10884553415307,0,0,7,1,25,11,1.125324699134202,2.79364283365663,0,1.0,1
0.2152393257250144,0.08279619575927427,19.223099815033713,11.522645598406406,2.2246323158560752,0,0,1,0,1,1,133.09539655766815,0.11039059683404205,1,0.0,0
0.07355471688613095,0.06278365020480814,24.675668731074442,7.858507257042308,4.024028536379257,0,0,2,0,0,1,30.0,0.1573748699756649,1,0.0,0
0.0012219424503051703,0.22593077331295938,26.042920153046587,7.048765086873425,1.4935975817256661,0,0,1,0,2,1,471.12093730715753,0.06554095805413533,1,0.0,0
0.11480669194957614,0.06169564182855585,16.552763210016504,6.904355757114441,2.486885950300572,0,0,1,0,1,0,256.8717541653285,0.27550767435384527,1,0.0,0
0.2447308717472236,0.005811564954396819,33.75404767187714,7.868072097294603,2.1180494666897745,0,0,1,0,2,0,55.22731037084049,0.04825203063574349,1,0.0,0
0.3733323035594258,0.0785114801965772,16.667480622343028,6.042110187056215,2.6306654098876727,0,0,2,0,3,1,30.0,0.01440765178039708,1,0.0,0
0.21835122195593287,0.023559051562586843,12.875940411488024,12.942406788543922,2.788894630784487,0,0,1,0,3,2,46.719729634193314,0.0970549060154991,1,0.0,0
1.9804254792300298,2.6375607710712634,190.0,0.10065355935169268,15.569365058254007,1,0,6,0,32,12,6.483302939287103,3.9038192514536476,0,1.0,1
2.020102526948742,1.706107698725116,85.0,0.08263087175368133,18.155296528483248,1,1,12,0,18,11,12.711866944725635,3.45656356526755,1,1.0,1
0.16719682330884517,0.13957865274361583,6.628722041783213,10.688333671230263,0.9567224058892829,0,0,1,0,1,2,204.17198019415753,0.14459863211890264,1,0.0,0
0.4033312903079408,0.01250523440280979,30.273078738666452,9.526095734820501,1.1900831432108183,0,0,2,0,2,1,33.44001722099451,0.6315134750724071,1,0.0,0
0.06964754338678462,0.13052421782951584,18.484150076617752,7.123835746839363,0.660729684514699,0,0,1,0,2,1,197.6978169787028,0.019850580276782964,1,0.0,0
0.20041074406126522,0.18756734018246135,35.50333743135097,8.595345789244591,3.1891727831050023,0,0,1,0,1,1,237.44233431216264,0.0973896589860615,1,0.0,0
0.11344131816036872,0.19797846226563692,25.163088703615227,7.401299817597339,0.9167983168153986,0,0,2,0,1,2,54.13803132090497,0.4643409771380038,1,0.0,0
2.5321559809141783,4.4953260483087485,0.05,0.0747574623227536,10.694200258771854,1,0,5,1,18,10,9.451003003341139,4.985252529677131,1,1.0,1
0.265107767432759,0.05832347750480319,18.20855129168976,9.102002467836952,0.9076637020489895,0,0,1,0,2,3,253.12914698897083,0.12912434269498219,1,0.0,0
0.17686679600656374,0.0036961958264115657,21.047923186314684,10.97374378703645,0.691221695514044,0,0,1,0,2,2,51.14659757739673,0.19988782813834874,1,0.0,0
0.15721858010554698,0.2097862227649326,21.745330139792397,9.288223860741716,2.6273726701874223,0,0,1,0,1,2,125.51855712014607,0.15550637523810285,1,0.0,0
0.024493955378271738,0.02096060933046955,36.260851850220746,7.283125917217716,1.681596425945907,0,0,1,0,0,1,122.38858259416888,0.38888762835760754,1,0.0,0
0.14195073325996185,0.0560250353777681,22.520632592150225,6.107320201579576,0.7393558840113443,0,0,1,0,2,0,73.21695843073763,0.46169385916729966,1,0.0,0
0.22418842793968416,0.08025011554440323,23.267135695048566,8.569508956583697,1.7108795728331732,0,0,1,0,5,1,450.99203072254056,0.3404007195735354,1,0.0,0
2.879104542875632,3.865723970596222,0.0,0.13235520895525524,22.94711754373646,1,1,7,1,18,11,20.24213646700526,3.238812143854967,1,1.0,1
3.9728887706173968,2.1493920075009587,0.05,0.16834514661226987,10.539235436769898,1,1,6,1,32,11,22.489177576929016,2.811838652748138,1,0.0,1
0.013358118169316006,0.07119754497893191,21.091253189171468,11.370130824004223,1.5572090620721522,0,0,1,0,0,2,520.566033346489,0.06318478986578256,1,0.0,0
3.345595017695518,3.677306716509867,220.0,0.12853449370237083,8.787774481698353,1,0,6,1,32,11,15.618801919847598,3.786132736706904,0,0.0,1
0.3004747178147624,0.028050071780299803,18.124325710838797,9.230863685649418,1.2798389804281611,0,0,1,0,0,3,124.59809550430374,0.0437598754497457,1,0.0,0
0.1568291485289625,0.061687617323957736,25.298790618492703,7.439978482440068,0.0,0,0,1,0,1,3,69.45383617060354,0.35745258612280406,1,0.0,0
0.3324959265608919,0.028919411832723365,23.88786862228955,9.37897165599153,3.1452166865716586,0,0,2,0,3,0,30.0,0.42762698503436847,1,0.0,0
0.07990439028764372,0.1869805463537331,23.520469688583518,10.673061115797644,1.594467308237542,0,0,1,0,2,1,129.6419280969916,0.047565471317521965,1,0.0,0
0.07406228494225371,0.025747681569360876,22.530058373975702,6.873954295662355,3.1653255992232814,0,0,1,0,1,2,254.67256379141307,0.4470046373920495,1,0.0,0
0.05356391504493085,0.09347387423967853,29.13889274635377,7.790639280138484,2.266446075618642,0,0,2,0,1,1,237.48473885078425,0.041777040815723754,1,0.0,0
0.64678657306321,0.06073150263686651,20.223838701781233,9.122523399335009,1.4198723573010605,0,0,1,0,2,0,81.97928226937542,0.9,1,0.0,0
0.07310890629249471,0.004085023699336303,34.13052133937383,13.013504944337534,1.8638641511330263,0,0,2,0,2,1,250.66843083619418,0.07621857362341128,1,0.0,0
0.11011004622064163,0.012682930760004391,39.083465525747826,6.677439886194083,3.1622611105711576,0,0,1,0,2,1,70.02708223941946,0.05588329618642798,1,0.0,0
0.0346648211423119,0.04769955813131747,30.271645039857972,7.471581111273948,2.8977215684594246,0,0,2,1,2,1,98.80135831673766,0.01747973375574592,1,0.0,0
0.263514971817604,0.0042740668071210505,27.32041757097586,7.8618741604306,1.1223034864834394,0,0,1,0,3,0,30.0,0.37536498796961365,1,0.0,0
0.08238717250796672,0.0009479847015336673,26.61043494426087,9.234330810086089,1.6935481999888111,0,0,1,0,1,1,134.3941376986917,0.5806235793033864,1,0.0,0
0.1616045939595775,0.217432794122106,19.992487777598612,9.702473576303346,1.453779584512818,0,0,1,0,0,2,185.68276570233564,0.26910239689701154,1,0.0,0
0.16750054483956925,0.030939348851990754,22.549572075355233,6.786996085761155,0.8181060256280106,0,0,1,0,2,2,30.0,0.0767609587099195,1,0.0,0
0.2699447388347692,0.015368904468456662,27.85614745922611,8.424564100468817,4.151164041425769,0,0,1,0,1,3,341.599455646056,0.008994390891381144,1,0.0,0
0.13883745779336534,0.04091004445083225,23.934606671360505,9.653840821368586,1.8748250797051376,0,0,2,0,2,0,190.2335054742202,0.1490640724781419,1,0.0,0
0.09685315964800185,0.09457104442731773,19.50213912940803,7.526828660598693,1.5010212569441146,0,0,2,0,1,1,356.3485676472224,0.7227762964704967,1,0.0,0
0.05160285321034927,0.14468899026873452,26.86628249766994,7.473206638447877,0.7603931886194777,1,0,1,0,0,0,238.31116022440298,0.3420124091004378,1,0.0,0
0.0026846337281368634,0.20209835412020197,31.132255221957905,10.509643383515826,2.4732152090075887,0,0,1,0,2,1,46.479560631529765,0.07857451060096216,1,0.0,0
0.011223629017483382,0.17635497914426845,22.058432460633384,8.293743875297249,4.331486092556837,0,0,2,0,2,0,346.87706469938996,0.05216904753743256,1,0.0,0
2.9862302248558215,2.207621938358751,220.0,0.016823179277870998,19.04963005183867,1,1,5,1,25,6,7.215496614461329,4.941143721251067,0,0.0,1
0.002938702952463638,0.017744533606566325,26.41026242160255,9.15366441896704,2.346165821054781,0,0,1,1,0,1,47.13815659667451,0.0006338813474768779,1,0.0,0
0.12183002896238014,0.055390743650255356,27.446743399773812,11.530793498527185,2.2245906332499916,0,0,2,0,0,2,282.24104842630675,0.04358554073826602,1,0.0,0
0.04233684139053348,0.0031719559956098556,30.020704457937132,7.495784350340605,2.893004368199712,0,0,2,1,3,0,124.29592975368354,0.10266140388910261,1,0.0,0
0.02290463027295547,0.008781562212120926,30.45809110876782,10.356144013321378,1.6384076999306536,0,0,1,0,2,3,44.16214973928886,0.20810661296289032,1,0.0,0
0.05878999343598764,0.007276256159487327,19.400573318386677,5.5890530487653685,1.9004716723522466,0,0,1,1,3,3,138.18587583650194,0.1559608965264076,1,0.0,0
0.04767074303039743,0.010456011098972052,26.67463986179825,7.541081178099083,2.15856669546861,0,0,1,0,0,2,219.75983492105195,0.1515375948651995,1,0.0,0
0.008574108901023874,0.19404975097695765,24.108107426277737,7.1965917035635325,1.8718715855802186,0,0,1,0,1,3,114.36531944045346,0.0341222161684927,1,0.0,0
0.588458187668105,0.14331242896831436,32.348093742272,11.363498968482158,2.706928985136169,0,0,1,0,2,1,31.309184210754157,0.0782077319510961,1,0.0,0
2.8037126906768015,4.9322359683393575,85.0,0.23317318598069955,15.687693748142738,1,0,5,1,18,7,21.66863135145614,5.762888041330985,1,1.0,1
0.1283176679259821,0.12930553693421504,21.306197870083217,9.534550854722614,1.7459794338293257,0,0,1,0,1,2,219.6363177749376,0.08751965564867235,1,0.0,0
0.30436599621771165,0.10186906996646357,22.388133074556443,9.945553547865545,0.5179267245175738,0,0,1,0,1,3,200.8778462146314,0.022201393748555003,1,0.0,0
0.13330610609040824,0.05624494210497663,8.792813986156872,10.88139923511001,0.681590549441951,0,0,1,0,0,2,240.3554848391394,0.010973580011508511,1,0.0,0
0.05134288117120099,0.021647160620152518,35.68194952744707,10.968913957529383,1.4295153143589228,0,1,1,0,3,0,30.0,0.012179357617488255,1,0.0,0
0.03811843379856385,0.049230173265241706,19.44918139146604,8.303937857440424,1.0539599817484469,0,0,1,0,3,1,50.19068723187043,0.14436992032786994,1,0.0,0
0.03617913759567242,0.06565854334029318,22.9280500666528,6.871590645229248,2.0546394416450378,0,0,1,0,0,0,343.3850094110919,0.3838826026235793,1,0.0,0
0.05411504227575722,0.04860431149588268,18.50889075545198,12.621653127805317,3.4047908419597586,0,0,1,0,4,1,162.94836039709978,0.029075795130841,1,0.0,0
2.0995601509526205,3.7814338679421944,0.0,0.07257383320823127,11.01274838603942,1,0,5,1,32,9,8.732671314654265,3.428003409458408,0,1.0,1
0.09097475370552836,0.05924563152394837,36.836057545730846,8.988908899211099,3.3191010274459876,0,0,2,0,1,0,478.78484268366583,0.5890449936949675,1,0.0,0
0.09653296998995384,0.03418865345376056,21.353168280220167,9.940972216508575,2.212326140667899,0,0,2,0,2,0,166.6398525523757,0.6285828134720902,1,0.0,0
0.07350504924738957,0.15709814081012463,37.68165656910494,6.875060335415332,2.3398789813149086,0,0,1,0,2,0,30.0,0.23326500016351576,1,0.0,0
0.01021858798667474,0.08346632956208151,19.69887840488436,10.032911919699417,2.7843671357705464,0,0,1,0,2,1,486.55352465898,0.1059406870634298,1,0.0,0
0.09450204290306455,0.006471855473720945,28.27681648760707,7.524910887186815,2.3851080321263796,0,0,1,0,2,2,228.39213969878014,0.24406313816018704,1,0.0,0
0.05257805264837164,0.05376139904617622,29.60962441058376,9.746022058595496,1.2139188011919921,0,0,1,0,2,0,57.997138833957955,0.5504498457315113,1,0.0,0
0.05030776781003877,0.009888628589585785,24.492281977979463,5.208975509749307,3.0654147782383516,0,0,2,0,2,1,115.4485420511719,0.22093278788051435,1,0.0,0
0.009928416021665939,0.1613054495219996,23.86958590262234,8.586846817632821,2.8930678269867727,0,0,1,0,2,1,419.05153150464145,0.08920399996893721,1,0.0,0
0.16053813311683987,0.12637288788780804,15.184605148154953,8.152370299061259,2.7665037670055788,0,0,2,0,1,1,69.44110642781405,0.16603202454456154,1,0.0,0
3.7349134170106173,2.960585359606561,0.05,0.01939856326918188,19.421077886625792,1,0,12,1,45,7,13.22847128813209,3.0133089631107204,0,0.0,1
0.12292042477135737,0.17680233776256585,31.501949688921922,8.624301812171455,3.601900784769872,0,0,2,0,0,1,136.94226860400263,0.03735282315060504,1,0.0,0
0.2669329089244834,0.06675162367443443,27.019318977788238,6.653141588557215,1.589863738229018,0,0,2,0,3,0,103.64635663160168,0.004479843164781522,1,0.0,0
0.009231511861655562,0.021598876272636746,31.061265577059046,6.20164079556644,0.8123988826226531,0,0,1,0,1,2,483.3128951028516,0.012232651925297605,1,0.0,0
0.06645385934253217,0.023839675381759552,26.305972778943886,6.994561516193864,1.3358872853702866,0,0,2,0,0,0,263.38049117096847,0.05951299085868753,1,0.0,0
0.040119904967882605,0.08093006821527028,16.479834965825837,6.248258345709751,2.486984707658863,0,0,1,0,2,1,240.72790811169043,0.00994793686177023,1,0.0,0
0.07224731663220556,0.026005553869795483,21.67900005184779,9.931218135946182,2.5304234639752377,0,0,1,0,0,1,30.0,0.16896798438942795,1,0.0,0
2.77110202307978,3.380485961192941,190.0,0.042722749033582336,13.857520017118444,1,0,7,1,18,11,7.055623919714017,2.8061390457546636,0,0.0,1
0.12393879181133485,0.07911546576532956,20.483666637368945,8.2255765939116,1.4815643681224961,0,0,1,0,0,1,143.9894716416608,0.2625350081897801,1,0.0,0
0.0648855387291618,0.2021721859033591,30.524241141950778,12.922666057203067,1.8042082988599448,0,0,1,0,1,1,30.0,0.8126449080936888,1,0.0,0
1.614419003565266,2.9787898986576504,190.0,0.005238483480113049,11.572694127008845,1,0,6,0,60,13,2.801947392522446,5.125831512533546,1,1.0,1
0.14494559591818656,0.002516826442100457,36.30196228853323,7.210755737843054,0.3799056608049429,0,0,1,0,3,0,68.04576298861957,0.06304103578712021,1,0.0,0
0.27383885935931607,0.0075124893278110064,32.48132923709402,6.44792950488952,2.024777746496761,0,0,1,0,1,1,80.33446383402483,0.12650738109988663,1,0.0,0
0.18988618682371414,0.10639938508172024,17.133576034253732,5.40347666353833,2.2025985244760737,0,0,1,0,2,1,34.54320696345556,0.020202174246984436,1,0.0,0
1.5509900311959632,2.7825503242182923,190.0,0.20412402261002355,17.205824568080228,1,0,8,0,45,12,2.297191907279318,3.5256246800253046,0,1.0,1
0.13173226622009668,0.0035869746102027036,17.50575647892954,12.39460845777935,1.2850941529504185,0,0,1,0,3,3,30.0,0.3469137833744762,1,0.0,0
0.03914887593386251,0.1922414467865062,24.119254857325302,9.45562830584131,2.9302917092896186,0,0,2,1,1,3,274.2289567495303,0.8907885800664167,1,0.0,0
0.04609886259538422,0.12639594076600927,28.646323822995182,5.605564441484083,1.8024706625308318,0,0,1,0,1,2,30.0,0.14507850904033695,1,0.0,0
0.04750900131640276,0.1525677978022298,11.495054187324591,7.040854133559219,3.0394413922305916,0,0,1,0,2,0,239.68540847458908,0.009452324623391422,1,0.0,0
0.19165017051958114,0.1411317668375167,25.49890014974285,12.248848893866487,1.830865039328035,0,0,1,0,4,1,56.215054620167,0.2936721515576549,1,0.0,0
2.8163298457829606,5.010671148976119,220.0,0.18392360113799788,13.72370348331769,1,0,7,0,32,14,16.23506805059681,2.937251584079855,0,0.0,1
3.4441131507763245,4.34426119089046,85.0,0.0085804301671141,14.925966827837795,1,1,7,1,18,10,8.755313343504987,3.514238066816448,0,0.0,1
0.020397409516507144,0.009731195266329776,28.10869736063973,7.717643672728558,1.1705322654197126,0,0,1,0,3,3,327.14290520624706,0.41672694096694163,1,0.0,0
0.00863416328779558,0.05926712572661641,38.93628134239595,9.578082993505518,0.8563286984609417,0,0,1,0,1,2,283.2803479588323,0.21716860046875391,1,0.0,0
0.03704417972004186,0.024635929476020696,24.63855960594657,7.667369485311944,1.2541214935638108,0,0,1,0,0,0,113.8243701777997,0.040298936048191236,1,0.0,0
0.057316213409360134,0.09901148810930371,29.279665219731854,13.40787734585078,2.386211554662503,0,0,1,0,0,0,428.571220525413,0.044844963898736684,1,0.0,0
0.010602759584010817,0.13298630347674456,16.33543480922902,6.940911049281247,3.0774164988521733,0,0,1,0,0,2,84.24449429506234,0.39000015034246194,1,0.0,0
2.303578935385208,5.170329281375604,85.0,0.08277426010455496,22.591761467775164,0,1,5,1,25,14,1.7860158905408845,3.892459107663482,0,0.0,1
0.038436465231452936,0.013030754760242059,32.964080856515565,12.309359764163275,1.8267213517065728,0,0,1,0,2,0,55.655669880339175,0.021107413743053298,1,0.0,0
0.16701718653928194,0.21105330031632186,25.045044948056688,6.999482384616527,3.1871272524080254,0,0,2,0,0,3,597.138694277424,0.08011245671072802,1,0.0,0
3.8518547277991724,4.991192788578518,220.0,0.22309831332476482,17.40651935137795,0,0,7,1,25,9,2.493506564767018,2.6974816743557564,0,1.0,1
3.9817545400926746,2.732740517474414,85.0,0.13633079549767527,15.117626718384749,1,1,8,1,18,11,4.580441623741054,2.9023557226044012,0,0.0,1
0.043888217745719334,0.05994539130021497,26.82845045958624,5.8743194538145485,3.024346201985825,0,0,1,0,2,2,421.1323332839268,0.13249083973835915,0,0.0,0
0.24324239102290085,0.08420819206380392,25.905477287849163,5.008061935050036,0.5779246725741733,0,0,1,0,1,1,71.77868048546739,0.22847794821873874,1,0.0,0
0.09561487779759775,0.026564191444964195,14.434301258525572,10.613460861551356,2.63942804219255,0,0,1,0,1,0,35.53525259079092,0.12120142060078876,1,0.0,0
0.15740946290313734,0.10341504502603412,23.167129001956717,10.377222157250987,2.05351427431356,0,0,1,0,2,0,1191.7732389452608,0.0024576167530418035,1,0.0,0
0.1169624317939594,0.044492608096565835,19.57916850475899,8.819670703816195,2.570891586368305,0,1,1,0,2,3,447.8176658212262,0.05139806141074454,1,0.0,0
0.007715583603255186,0.22961275392679847,18.505335156668753,9.757878219392946,1.883235878693695,1,0,1,0,0,1,294.01625266022575,0.9,1,0.0,0
0.014332481097731307,0.19466523170782654,18.139597257867006,12.697682460704879,0.6829018032450216,0,0,1,0,0,2,545.5325431258133,0.09060640281336733,1,0.0,0
0.1967415190028937,0.005227398430784734,6.782903124293309,6.125739335433352,2.4661471304949543,0,1,2,0,0,1,131.8363231634637,0.19052510200407807,1,0.0,0
0.11454368586212613,0.018251945102043376,25.00803894808723,8.336731279977512,3.746989698175496,0,0,1,0,1,1,96.86517607251976,0.010215111825538518,1,0.0,0
2.439990017394861,3.7963230595194553,0.05,0.00815193984572668,16.740002637656637,0,0,15,1,18,14,3.8969141573669814,3.214760100269161,0,0.0,1
0.034676614267364375,0.08716222718497481,12.621884723176587,8.351495785013835,2.2528927956903093,1,0,1,0,4,2,30.0,0.1147166474534058,1,0.0,0
0.05675941293777891,0.11701945811993172,37.10829759923163,9.82237094963201,1.676497330575027,0,0,2,0,1,0,144.81691709731848,0.1331541958335389,1,0.0,0
0.003226864226918026,0.06263532625396329,17.92405573458745,5.0285321261047455,3.29133072906496,0,0,1,0,2,1,50.669114817039784,0.25994524144328773,1,0.0,0
0.0008282069305793721,0.0581440131149325,29.569210735448365,11.726717858158969,3.332801730476099,0,0,1,0,2,0,119.57887481846706,0.09619135457272829,1,0.0,0
0.15748542756877684,0.0032715169644773772,20.15938471393415,9.555136232224067,1.3354145120514063,0,0,1,0,2,0,60.83720714282503,0.0652100791142938,1,0.0,0
0.0025387612007631228,0.10608733017171453,23.319005498615795,8.533812391180225,2.6385846660585504,0,0,2,0,5,1,82.89267687293221,0.11706196194783364,1,0.0,0
0.107886123441434,0.19338064189435242,26.012624544494898,6.970463420294933,2.538034839154462,0,0,1,0,1,2,599.484037034324,0.3821240975875122,1,0.0,0
0.19236353386132318,0.09018391575250925,22.76226923580635,9.218971879547716,2.1079798128850427,0,0,1,0,1,1,545.8046634955506,0.08506681803027895,1,0.0,0
0.2383553115854253,0.1704642221945831,22.446141101272026,8.17097093640766,2.415072509699084,0,0,2,0,1,0,30.0,0.02373330233570979,1,0.0,0
0.08071762878510863,0.0058806755935228465,31.2724941249131,9.103861270006043,1.9275948526821027,0,0,1,0,2,0,286.4794569933426,0.1063501501312759,0,0.0,0
0.19458234291999077,0.21598171481322354,35.699026637590364,9.12167679507758,3.3759084192989732,0,0,1,0,0,0,30.0,0.15334501580522414,1,0.0,0
1.5804598246079669,3.4194281831220366,220.0,0.04960206592549424,15.094312107795163,1,0,12,1,32,6,9.716255329695914,4.11978000512999,0,1.0,1
0.058023615230140484,0.058625717780655846,22.95685522313066,6.227327553688019,1.5433324100952737,0,0,1,0,0,0,229.04627390072827,0.09234582924896823,0,0.0,0
0.010795186907556636,0.12558143725542903,26.778563343886006,10.657699133017926,1.0678389451346382,0,0,1,0,0,0,340.3056780337787,0.28389166334208965,1,0.0,0
0.08331677845894728,0.16458593406741337,35.33247392966031,10.505159628543188,1.4938025233573824,0,0,1,1,2,1,30.0,0.3401126581900999,1,0.0,0
0.03697921774305974,0.04086378570579649,23.665596033212132,9.199495630495964,3.7097059006073305,0,0,1,0,3,0,257.90980788056584,0.09210009680329405,1,0.0,0
0.16216717838263464,0.01219463753517025,34.33332489635438,9.977132078404123,2.388214991591073,0,0,1,0,1,1,236.2145325303037,0.24001639754362275,1,0.0,0
2.7577523177767027,2.8390598444078092,85.0,0.20827835244972975,10.507737056681126,0,0,6,1,18,6,23.71284220677611,3.0460816886714133,1,1.0,1
0.05129017607342582,0.03591150015849239,28.069658860374,7.326083580047431,0.6134399412190017,0,0,2,0,0,0,51.02354772024153,0.7615805707331971,1,0.0,0
0.11960960481617897,0.03974554698847444,32.64749049031574,8.932610822496633,2.5608432859764205,1,0,1,0,1,1,211.96282209105814,0.11740072842156568,1,0.0,0
0.010705612518060376,0.01901051458102525,25.304799635455776,3.744860340145795,2.296583837150803,0,0,1,0,2,3,200.97146398529858,0.09443915650372711,1,0.0,0
0.19495342372552285,0.020031011004270308,19.643531204680244,10.27105474461191,1.0639674869518194,0,0,1,0,0,1,30.0,0.06391754768685724,1,0.0,0
1.233271368073695,4.810248231636535,220.0,0.15547508592676956,18.984261066052404,0,1,8,0,25,6,18.66966557412619,3.571633453716382,0,1.0,1
0.0141187085853687,0.0420652918886132,20.44745161955076,9.344287384390526,2.2630351818179038,0,0,1,0,1,1,123.98572529991887,0.07450298419591649,1,0.0,0
0.1684120125984049,0.11845634799783122,22.13046357718374,12.349881026374113,1.067913586442643,0,0,1,0,2,2,191.7537570912493,0.39379080784060755,1,0.0,0
0.02477945716303669,0.052625080940462345,20.81837423215904,10.650206907617878,0.15850529066354158,0,0,1,0,1,2,48.28585604845439,0.026608471098647408,1,0.0,0
0.2654495879931629,0.02563988342940235,39.484000983987755,10.74819178940325,4.2112429502825615,0,0,1,0,4,0,120.03835634339521,0.17576645818963565,1,0.0,0
0.10955310645311439,0.0332417671623231,17.7828867158578,9.517526662098609,1.110747837529082,0,0,2,0,1,0,63.435213932574904,0.037973422554071594,1,0.0,0
0.023360864940946836,0.025276562594450804,30.933526097072907,10.425227149423264,1.0216070598726468,0,0,1,0,3,0,375.30366754773206,0.06060857438809403,1,0.0,0
0.24354030458042755,0.15633640230381146,28.680451970400842,3.9949329704327017,2.246552095497318,0,0,1,0,1,0,266.41733500010696,0.9,1,0.0,0
0.02035155502975262,0.007381016172746262,25.50215796418765,4.960979527295056,2.1316153732727416,0,0,1,0,1,4,30.0,0.009894712094688868,1,0.0,0
0.018114539774762503,0.07051412770542907,27.87232772228643,8.840020437960419,1.201814106103034,0,0,1,0,5,4,42.131620047082286,0.09620453400132717,1,0.0,0
0.17918334091649138,0.370213999329557,24.175741673662294,10.08985203534789,1.561885072695083,1,0,1,0,1,1,327.05132393861413,0.0493191848793834,1,0.0,0
0.19908267988044537,0.016104222898358576,21.751255878891552,10.981878374769613,3.1165642691137982,0,0,1,0,1,2,107.3839991792745,0.03342000452198243,1,0.0,0
0.06490610323093701,0.06803509148321583,24.400692193333217,8.66228766369924,0.3203645022933701,0,0,1,0,1,0,56.61372302290891,0.028275693451618036,1,0.0,0
0.20747768567780628,0.0170570666597918,18.943254452677003,6.304147273865907,2.8064755550022653,0,1,1,0,1,3,199.74126132525714,0.29601270469620017,1,0.0,0
0.295621186156061,0.05576364637735262,15.874512575215189,8.272246784528518,3.783918606607485,0,0,2,0,0,1,66.3435803441311,0.35900214686840565,1,0.0,0
2.084274985920181,2.4997966360325066,190.0,0.007841555050138227,13.522073317944972,0,0,7,1,32,8,13.631150091225312,3.3205330697532607,0,1.0,1
0.20971768515303765,0.013453237638251783,25.285278587759926,10.667097046655739,2.145148696170355,0,0,1,0,1,0,30.0,0.08433417000921721,1,0.0,0
0.26942474728566246,0.14621147061288264,34.66225214213477,5.983407229498189,3.3778796418184736,0,0,1,0,2,1,83.3231178567417,0.4503734057093369,1,0.0,0
0.07640300553264923,0.32173532805117055,27.257867667743447,6.83823467228974,0.6364641362719674,0,0,1,0,1,1,30.0,0.026176798007525866,1,0.0,0
0.003093258527601199,0.18032939568788373,37.0221045043364,8.692860759057009,4.071255454154862,0,0,1,0,2,0,31.70555417874566,0.03305024058017333,1,0.0,0
0.05845262144652262,0.20542777276371357,22.421183794913308,8.096451247401683,3.541468395778205,0,0,1,0,0,2,102.45591230349665,0.08549861098937622,1,0.0,0
0.11729797007867591,0.023404042933619636,30.83490622544046,6.007341044503151,2.168450769932494,0,0,1,0,1,3,78.14860137572644,0.1314400163492999,1,0.0,0
0.009083498886990298,0.10201353117937176,20.080174819874344,9.670140404916744,2.643913010296156,0,0,1,0,0,0,115.59751847297726,0.238824776754947,1,0.0,0
0.08784147864306417,0.00993156946381535,32.934975926368594,7.855976058765191,1.5819908713665802,0,0,1,0,2,0,36.74084627932043,0.4067560864589817,1,0.0,0
2.4614736742851906,4.308665502725174,0.0,0.21093766322468344,11.67272025846204,1,0,8,1,32,7,17.72605102636046,5.070832455641802,0,0.0,1
0.20832971926532534,0.00563467542772252,34.92257186826839,9.116256673073009,2.0074371388099146,0,0,1,0,3,4,33.559347353857454,0.47435658194834734,1,0.0,0
0.04165934590219879,0.1470000192592997,21.296578826745066,6.450210201238266,0.03246291463087747,0,0,1,0,1,0,38.95662030210319,0.11080386536689785,1,0.0,0
2.0585563704936582,4.6027802124625605,0.05,0.15903423371559552,14.980463486356024,0,1,7,0,60,14,20.392291366593927,3.709216626849958,0,0.0,1
0.09518060194547154,0.08886952587467276,34.49225431874113,10.825979191354676,0.5426952310144642,0,0,2,0,2,0,276.6157931478667,0.30265245436324395,1,0.0,0
0.10791970964268217,0.009997534439410595,35.69153473855724,8.514306512194976,4.030953617349149,0,0,1,0,3,1,124.15153506395961,0.10797100517824737,1,0.0,0
0.03082290816433816,0.14953179304200834,33.985500603167324,9.101936753284821,2.9997795795175226,0,0,1,0,5,4,147.6914345263128,0.41998856647653604,1,0.0,0
2.4407205648776022,3.762562131453403,190.0,0.0038037946194427186,14.487003825909046,1,0,5,0,25,11,12.888610135108554,4.137563045436075,0,0.0,1
0.04195382630284532,0.06222863367479957,30.13763371927655,10.929768060366069,2.7946783230451238,0,0,1,1,3,3,30.0,0.16128271509059622,1,0.0,0
0.3389755243390227,0.04582274547175673,25.853552738318463,7.780319078439224,3.57861539047863,0,0,2,0,1,1,288.5485181449964,0.2661278130102069,1,0.0,0
0.22970983858405677,0.030772671749533156,26.24075656715308,9.33868374492325,0.9152411984895501,0,0,1,0,0,1,30.0,0.23129007834632126,1,0.0,0
0.2232229064879771,0.013924413599174179,27.96943843242704,10.919062802272537,2.730080092537597,1,0,2,0,0,0,186.89223479142314,0.23202196166226732,1,0.0,0
0.009433902413900378,0.0065574414395490645,25.804214098591125,6.166164397257114,2.9383913340595864,0,0,1,0,1,1,140.32640387671276,0.05790445936212139,1,0.0,0
1.9560312089852578,3.7060725021695315,85.0,0.08052056201010527,18.026724917248366,0,0,6,0,25,11,10.473544192522606,3.008683011799239,1,0.0,1
0.28822848208783713,0.16370974415561698,28.31429282763284,8.842078985274295,3.5826190437340513,0,0,2,0,1,1,81.90841689593717,0.30853607795801447,1,0.0,0
0.06300222042646728,0.06906357041909666,13.346872455729796,8.689476951665814,3.3441056937544547,0,0,2,0,2,2,226.28565316566673,0.15801986148989164,1,0.0,0
0.06856726408762233,0.014877960615087072,28.802578026237928,9.74199513174547,1.059667812490432,0,0,1,1,2,2,94.43631159631867,0.2696098002915075,1,0.0,0
0.009121570590646466,0.019641337853916654,25.781170100920278,8.776385495582641,3.8041190919644037,0,0,1,0,0,1,166.0114814612118,0.10953609570742302,0,0.0,0
0.10570032777887296,0.055631127473623206,25.01778640366988,7.809725539046819,2.481097665428244,0,0,1,0,3,0,122.04940340469972,0.3300085894704514,1,0.0,0
0.07181704175042546,0.03020085270948469,29.346264706345984,12.324356095325907,3.241134320014802,0,0,1,0,4,2,34.93146193481538,0.04590049810482624,1,0.0,0
0.04059928112542261,0.012269007698557691,31.073805614400822,6.666722613272906,2.952818777223455,0,0,1,0,2,1,131.27204044411286,0.14594519816547097,1,0.0,0
3.0542989500772877,3.3880832859783925,220.0,0.1156674176327909,16.341684354286762,1,0,7,1,25,6,5.639597347458214,2.1856637174681905,0,1.0,1
0.1032187083169902,0.0966110510407545,27.968344125371928,9.37590452595951,4.822000249838398,0,0,1,0,0,3,71.00419731739085,0.042644487302296925,1,0.0,0
0.018227777738475462,0.051513369973502546,33.21174785778697,9.458005248183978,0.7470002428316063,0,0,1,0,1,2,123.79203446568339,0.015298590944088067,1,0.0,0
0.052619908177250485,0.1316495802641591,18.82674474946527,9.936124087674404,2.74761024527205,0,0,2,0,1,1,43.38543480285472,0.031107203546538016,1,0.0,0
0.25701919978016374,0.031963979120353224,23.26723873018,6.988049417369976,1.4459844667533,0,0,2,0,2,0,219.0177157502534,0.14976732253192923,1,0.0,0
0.03133677096222215,0.06034132357526696,22.6716068116739,9.654411305055902,3.277619013231722,0,0,1,0,4,2,379.0095293460505,0.004092585070708437,1,0.0,0
0.19457884866945635,0.008939316264743978,27.89059087943435,7.84233834682552,0.8969407358689856,0,0,1,0,2,1,233.1161719133724,0.08445803858141608,1,0.0,0
0.06684692312983373,0.075403181007128,25.041072956142404,10.623569533916642,2.280291291965907,0,0,1,0,2,1,254.68121984232985,0.2587775170187815,1,0.0,0
0.021996136216209234,0.03448559342273675,36.76177711479003,8.775516810348075,2.8990415328371246,0,0,1,0,0,2,123.26490540589971,0.8941017018024321,1,0.0,0
0.03601862618407132,0.11047976938613935,39.27286293378043,10.291701760205612,1.3417777562498114,0,0,1,0,2,1,235.86130956755133,0.18630533795934526,1,0.0,0
2.340557314626364,1.7398585593421618,190.0,0.1887235244326611,19.32554412107024,1,0,7,0,32,8,1.0879744138042469,1.5,0,1.0,1
3.2480292399759505,2.814280340858854,85.0,0.04127476030366456,10.595868353279975,0,1,5,0,45,14,5.5429765678630725,2.083199284138411,0,0.0,1
0.24536162161229239,0.016132596196486923,22.207587347918786,7.831586003867103,2.6590680288024853,0,0,1,0,0,2,94.23968258338716,0.055755917182169316,1,0.0,0
0.3271650354522486,0.02564528034930131,24.342035656144752,10.199043973988248,3.120818648830796,0,0,1,0,2,3,105.98453612084431,0.17664716833059962,1,0.0,0
3.052952084251827,1.6673010226327705,0.0,0.24666311025121557,16.977552777665235,1,0,5,0,60,6,20.872433341694666,3.833428061252448,0,1.0,1
0.0629405893804732,0.24063470739651713,37.65676563761287,6.797770426331227,2.4406625568120477,0,0,1,0,0,0,270.65237124837313,0.014973020674795768,1,0.0,0
3.0159432802952244,3.6745546887920386,190.0,0.2161461416056518,14.715022889791449,1,0,8,0,18,7,24.643053071588188,1.5972731339332493,0,0.0,1
0.15122163610457143,0.11186488362317193,25.444367019857815,10.204030069816989,1.5517127357546778,0,0,2,0,0,1,45.72514998730211,0.1595152118154629,1,0.0,0
2.5926322104188753,3.4967280336599558,0.05,0.16583751359937868,20.760572160943404,1,0,6,1,60,6,10.687138801158603,3.136443651139603,0,1.0,1
0.11685235240739411,0.014380423945807961,41.04094405755936,6.8287975186245085,3.267182131738884,0,0,1,0,2,1,323.3174297927384,0.012629619100402459,1,0.0,0
0.17307054044791634,0.0268830421402204,29.392139651874924,9.383817844328405,1.662250967298065,0,0,1,0,2,4,52.31934609744842,0.559354935849412,1,0.0,0
0.016396480227468854,0.18309213764220406,30.698890956937475,9.540352843200543,3.2860501038634258,0,0,2,0,2,0,80.27165598595661,0.008996332066616935,1,0.0,0
3.177341270095778,4.22530328027426,220.0,0.21826917317618105,14.918138716218031,1,0,12,0,60,8,21.98094392599611,2.2805020850030475,0,0.0,1
3.4700928608373447,4.716847397448031,0.05,0.24218586570495493,15.903388489597372,1,0,5,1,18,14,24.180826489742163,2.1809281423004663,0,1.0,1
0.00011326326766835004,0.24064345906548743,31.79360256814639,5.199290991690941,0.9419382827094824,0,0,1,0,0,1,30.0,0.17789967221869862,1,0.0,0
0.17360226591837416,0.005935052433421387,22.325983777728958,9.94091379015214,2.274902113082222,0,0,1,0,0,3,30.0,0.2774168085518713,1,0.0,0
0.34057525754795986,0.05791606686287382,10.489243024855323,10.813607897826945,1.5583098955715193,0,0,1,0,1,1,195.9743458041304,0.3452070159065684,1,0.0,0
0.1952741420699326,0.0014496850354787805,29.839242914783995,8.821385734929809,3.4425916214453727,0,0,1,0,5,2,30.0,0.09602905421811275,1,0.0,0
0.1322855245961627,0.05262161803554187,36.34404206711453,6.003394396261363,3.375179057607244,0,0,2,0,1,4,251.1246166834821,0.12703138542736322,1,0.0,0
0.2766275638685153,0.1803544469878452,34.10263724066971,9.931729259142294,2.565255056257987,0,0,1,0,0,2,30.0,0.18966909423980885,1,0.0,0
0.23517459723699013,0.1393110908331928,31.372563572721084,10.240356349493542,1.5410948358765069,0,0,2,0,3,1,212.95911858961617,0.5359855780087283,0,0.0,0
0.07588986853677282,0.002798531472361571,25.772472748596176,10.317874993777199,2.0966907028868196,0,1,2,0,2,1,62.913617995718006,0.07128631149301089,1,0.0,0
0.040924629769437004,0.11131198717399744,24.50998082070543,11.714809099646859,2.67394439035031,0,0,1,0,0,0,112.53148354546717,0.4278286689972037,1,0.0,0
0.3059322455123286,0.08590751137103098,40.69585264351757,6.510456564136609,2.412114300730602,0,0,1,0,0,0,58.24378738332234,0.05389284764282172,1,0.0,0
0.03764095342542526,0.0014122493932665703,28.324570229917672,6.488888057632504,2.510678883166039,0,0,1,0,2,0,357.59364873912625,0.4552373576017217,1,0.0,0
0.09334925312336906,0.11480176668994214,22.21736562709062,7.278474688536526,2.210872358510515,0,1,1,0,3,1,183.9687611392691,0.030417158356379644,1,0.0,0
0.09051586255541552,0.026563142864790248,31.963503495535896,9.888065221935879,1.3854706608264666,0,0,1,0,1,3,66.36297741855027,0.0006886629154666246,1,0.0,0
0.03325575393416619,0.02362125761575523,34.80329178803656,11.483886118323282,2.6488018161515754,0,0,2,0,2,1,234.69378712504536,0.03983045315363576,1,0.0,0
0.050777490418306294,0.11760505099260797,22.61565305503936,7.069324861810666,3.473879290506746,0,0,1,0,3,1,194.37505355266552,0.0034358182324358867,1,0.0,0
0.13268452683122614,0.010203653804711403,30.879356851878086,9.050186953887508,1.0384773126707856,0,0,1,0,1,1,55.15181823311181,0.03156665778469702,1,0.0,0
4.540255116258118,3.3063923220640428,220.0,0.047530376440109684,15.171722611721787,0,0,5,1,32,9,17.414745857112123,4.6943670599593785,1,1.0,1
0.07734338609489655,0.09662270626721352,29.544707230630262,8.734082071162526,0.6330608414178907,0,0,1,0,2,1,174.54328270885375,0.2500778044873567,1,0.0,0
0.1715421296284638,0.06146281661167759,27.302651146131545,6.105666814619539,2.6982655364920953,0,0,1,0,1,0,303.39867316538175,0.5892220067550619,1,0.0,0
0.21371140043544362,0.05730794891863759,31.669033894096124,8.48787634845281,1.8857560858978744,0,0,1,0,1,2,31.232224112290005,0.1721736644109689,1,0.0,0
0.1073230516288793,0.08335336947222587,28.72961919568406,6.549957230122971,1.4111984333804992,0,0,1,0,1,0,254.9009216212576,0.0754330244842429,1,0.0,0
0.016099190570389738,0.07316209642746824,24.95085376534482,4.751888994537559,2.5228712669142985,0,0,2,0,2,0,50.07535282810915,0.44085212487364384,1,0.0,0
3.72347433897828,2.2835170077763287,0.0,0.22560262455105162,19.79566898175169,0,0,15,1,60,7,12.212055315101885,1.8447664633389256,0,1.0,1
0.4270798679077909,0.06297582905029449,17.060408063682168,10.894846399609815,2.7134290260171423,0,0,1,0,0,1,207.61508171799568,0.06664771633565662,1,0.0,0
0.11053330893805323,0.016898532046329972,24.818506838088354,7.477789575342429,1.223456710469821,0,0,1,0,2,1,97.72558969082856,0.03223600669531041,1,0.0,0
3.861413127003293,2.0765306250138105,85.0,0.22284900784678785,17.689639402246158,0,1,7,1,60,11,19.440706937189233,3.233825837578197,0,1.0,1
0.02967218842409167,0.013807464866431649,27.90762593160715,9.429004330428425,2.172704416576954,0,0,1,0,4,0,98.31992293419218,0.1265291515051635,1,0.0,0
0.03312227542203592,0.007234031014674647,36.628954214565255,5.683137019263278,2.0336017073535557,0,0,2,0,1,0,387.15704940802596,0.05777672371356795,1,0.0,0
1.9020704766275267,2.9132459453436472,0.05,0.044407268859222526,14.19237268949226,0,0,5,0,25,12,17.116280765415144,2.5233107325506117,0,0.0,1
0.04886803249063619,0.08641537199951109,28.657897741919786,10.209889302112298,2.953594950662517,0,0,1,0,1,1,73.57520371272636,0.11082564071967856,1,0.0,0
3.383472883483576,2.780170209891901,190.0,0.20581521488840934,5.267198549668409,1,1,8,1,32,9,10.748001998922593,2.4463338710031826,0,1.0,1
0.0016609078630711778,0.02218511482289918,20.767995227255568,6.862095110052558,2.361252283363536,0,0,1,0,1,3,32.117965601393294,0.10493654338909959,1,0.0,0
0.01846126739833206,0.0615294082386137,24.78013075873152,6.964985926652379,2.3446305046345106,0,0,2,0,0,1,199.2804041516797,0.034836330103722765,1,0.0,0
0.22150958489203615,0.04905281030085253,19.91862718798963,7.946081811545668,1.6338803106246527,0,0,1,0,2,1,196.54787394303415,0.6403026328468904,1,0.0,0
0.06772862701172203,0.036340964617883886,25.99664897352046,12.781940592660707,1.5096715556573939,0,0,1,0,2,1,750.8276973216513,0.12464209937924203,1,0.0,0
2.157943934064467,1.9208415811661708,0.0,0.07210268456576643,16.601766294418862,1,0,15,1,32,6,13.190067430123637,4.498904782099729,0,1.0,1
0.48712043942511873,0.13245302068872022,29.096353819833382,9.999165142747259,1.0869508160032684,1,0,1,0,2,0,183.41440365733837,0.0035419064531330407,1,0.0,0
1.8467402253506666,3.2025352065991872,0.0,0.04362218727500625,9.263932781689887,1,1,7,1,32,6,24.385542821618756,4.487574428102735,0,0.0,1
0.007747988438797764,0.010039495661709388,31.3419961049676,10.148304726911277,2.296772507084235,0,0,2,0,3,0,175.96972834827062,0.050888685377243836,1,0.0,0
0.09326158628162992,0.2158231032034391,16.40410568619696,10.079815493707786,1.4997841364062428,0,0,1,0,1,1,86.66704369792926,0.010355029207897808,1,0.0,0
0.0031855146257603532,0.05091358991929533,23.81972963570559,9.568937070137022,1.407833670016621,0,0,1,0,3,0,247.73183745808217,0.39368461256353626,1,0.0,0
0.27249017392270986,0.0269649175701223,28.879503418060075,6.3243249045727605,3.6904526695858397,0,0,2,0,1,1,867.8722801597592,0.31563824641698374,1,0.0,0
0.1418740185052779,0.2461914965869588,34.65160241559673,10.757188134957161,2.684624996311891,0,0,1,0,0,3,30.0,0.04048300468142285,1,0.0,0
0.033876821927416916,0.0971965602241618,34.61322033431983,9.699157255627506,1.985029581969046,0,0,2,0,3,0,30.0,0.4390308155665296,0,0.0,0
2.3306397652163535,3.889905550385392,220.0,0.03513019018900035,19.85090491810658,1,1,15,0,18,13,13.231380491409958,3.2895411546373206,0,1.0,1
0.03399164008294402,0.03548065753969162,37.73518473340264,7.663502169440338,0.5261591031902841,0,0,1,0,1,4,46.73578772430782,0.08889297354199391,1,0.0,0
0.0771526817481029,0.08562970891336313,17.10658228092725,8.452258063381095,2.6121619263953537,0,0,2,0,3,1,55.45731293499686,0.11205797981868844,1,0.0,0
0.26487881716161205,0.35465936941938525,3.309403222696158,8.990553864435215,1.349526000540783,0,0,1,0,2,1,36.98269574087267,0.39912886156784033,1,0.0,0
0.03280303403485764,0.027534150263053996,21.46489397247435,9.728072527914417,0.9956816156169919,0,0,1,0,0,1,30.0,0.19365220103690237,1,0.0,0
0.08533059299877786,0.10441269979672065,35.065050049568924,11.639168132562158,1.0092864786119056,0,0,1,0,3,1,217.46610942951824,0.10778887230332637,1,0.0,0
0.00737620630367066,0.02368455539994142,29.970525338037106,5.372141470198692,1.3952981449029176,0,0,1,0,2,2,675.1305040578363,0.5242287772844721,1,0.0,0
0.010726456755653894,0.060923553802358206,34.313993688969184,3.2888464886229345,3.3427953154217054,0,0,1,0,1,2,92.2155259081607,0.13438487185628206,1,0.0,0
0.8,2.774531977698059,85.0,0.06391951262057932,15.750444776177044,1,0,12,1,25,10,3.6314251426726605,3.791442548019162,0,0.0,1
0.019738958415160903,0.11488235019303213,42.14162610177418,11.389700574519615,2.7148166884800724,0,0,1,0,1,1,105.8554986967923,0.11513969532792873,1,0.0,0
0.3806204063471743,0.02101099243628615,27.101425973711542,8.649256019633695,2.2823777511995154,1,0,1,0,1,0,414.07283219627936,0.08803369558664581,1,0.0,0
0.07566152933416907,0.298611749342818,31.5109340518604,6.937047868397491,1.5782309122340936,0,0,2,0,1,3,214.96520480504805,0.18696331790809623,1,0.0,0
0.047731687395558185,0.006007922423816849,16.896848397546606,10.745938743171472,2.31305004881872,0,0,1,0,0,2,95.97754002826069,0.37086129920691246,1,0.0,0
0.13125502709857814,0.05251035045607925,38.14333955186504,6.109060566668976,2.563634325443119,0,0,1,0,0,1,53.805218170139945,0.5103673068167109,1,0.0,0
0.20624081835079405,0.06884073689834129,20.075211859556184,6.777174541627316,0.9966745425459682,0,0,1,0,3,0,280.8658427451943,0.18599967035179432,1,0.0,0
0.010086090171308404,0.024644199718418105,28.316044717468383,9.039567858799872,1.7491158204176307,0,0,2,0,1,1,46.986150069517215,0.2749897040090401,1,0.0,0
0.08811878160559562,0.18012245630086093,21.210304736393297,4.722953174569188,1.8474550523628819,0,0,1,0,3,0,108.27491744200496,0.18687304413732153,1,0.0,0
0.11211479430469976,0.2575338311572525,30.714001689275854,5.857532524672617,3.309757165874036,0,0,1,0,2,2,67.26444647979572,0.052472280554159714,1,0.0,0
0.06502303746130707,0.08222464338553191,38.955467997050135,8.416964061463856,2.7661375845266774,0,0,2,0,0,0,493.4830478700001,0.0952291245002196,0,0.0,0
0.08140736128021664,0.005081462253836545,17.41875415592038,10.427475754346215,3.460903426144534,0,0,1,0,1,1,324.46406363836996,0.1842728185388231,1,0.0,0
0.01513599041243501,0.01847417280256356,22.373061603331998,9.750579025084138,1.6398020915150648,0,0,1,0,2,0,237.60181126588785,0.34177153844700314,1,0.0,0
0.11289996092630876,0.04690138256973467,27.665126094442073,9.078609271747522,2.3368923646954483,0,0,1,0,2,1,30.0,0.29433277268176505,1,0.0,0
0.14569043722570257,0.006645756306387557,16.17508959305436,7.2412515775870885,2.5792986450796365,0,0,2,0,0,0,65.10775525594386,0.4822136036678113,1,0.0,0
0.1129354267769196,0.13364623579309481,37.77853315809308,7.044100265051374,0.9130761834994465,0,0,1,1,4,1,311.81252247661035,0.30015165240639446,1,0.0,0
0.04371486602267785,0.021286669159802193,38.940641482765855,8.051386344112709,2.274893008910972,0,0,1,1,1,3,177.04642444777045,0.002649841750471341,1,0.0,0
0.2563750348905667,0.031384957196770966,14.06764629276019,8.070994866351562,1.9171616215753984,0,0,1,0,0,1,30.0,0.1948716936307197,1,0.0,0
0.2561342582709834,0.10489930119817822,18.59297498093912,7.6581328708324685,2.3259636053279933,0,0,1,0,2,0,85.28311356283982,0.08396021727689942,1,0.0,0
0.1185566046554492,0.15903875541932888,13.815095755337651,6.693592782209097,2.7189138372033486,0,0,1,0,2,0,185.85158619934853,0.1345712373656298,1,0.0,0
0.1302765642791873,0.00149586444518545,28.270561819706604,10.490035159231779,3.025493586266253,0,0,2,0,2,1,570.1644655663825,0.9,1,0.0,0
1.276781434629219,1.9706714691485652,220.0,0.2112153069114738,13.885115737198095,1,1,15,1,45,11,16.933055964183374,1.821398158224763,0,1.0,1
3.242783895462339,6.450848559860484,0.0,0.01735181214758208,12.297971713600019,1,0,8,1,18,9,1.252744847180642,2.8969333582271255,0,1.0,1
0.2577507067695102,0.056568349008516004,30.936040612567236,12.437308200769168,3.2474967235682737,0,0,1,0,1,2,360.8346225150501,0.16444013893594808,1,0.0,0
0.10640796653549262,0.004805244578073948,36.935855774585484,9.217108919779642,2.568964384836334,0,0,1,0,0,1,504.81407026119854,0.2983436505718742,1,0.0,0
0.15241427276747596,0.10103597940874634,30.574352873662185,8.096107862493962,1.460889339298351,0,0,1,0,1,1,70.53820102269779,0.16656295381130318,1,0.0,0
0.2761103924410592,0.006543346628828869,22.22850613506828,12.215181753299332,1.2077459072252434,0,0,1,0,5,0,89.63734379271318,0.06683408682474816,1,0.0,0
0.028895005976630493,0.03421301281328707,21.595602751207732,8.282497954332765,0.7071262677954704,0,0,1,0,1,1,30.0,0.1825362372445809,1,0.0,0
0.3459786655620196,0.04630914096261373,19.547234405758505,4.911112829822198,0.0,0,0,2,0,0,0,30.0,0.13936071420027504,1,0.0,0
0.03889294885021703,0.23205863572619786,45.3786152393816,10.534131087940306,2.4992584855816644,0,0,2,0,2,2,106.81217413819488,0.2532057056714454,1,0.0,0
0.08274541304681204,0.00433198245076913,26.13682091358727,9.72482330583075,1.4356395753159665,1,0,2,0,3,3,70.58454051495366,0.04332357870896228,1,0.0,0
3.058906704897038,4.431956527349031,0.05,0.13207938208969566,14.972480293443713,0,0,5,1,18,11,13.667749683599713,2.3804415251465088,0,1.0,1
0.04899373685572004,0.11756490185498546,13.596723224274895,8.25738265722084,0.0,0,0,1,0,0,0,256.2894591292659,0.20145746119951655,1,0.0,0
0.03756779965527932,0.0065206240951836735,35.44526749467518,9.573649367911353,0.3790399505463595,0,0,1,0,0,1,58.04901113784885,0.07021705943222434,1,0.0,0
0.4098110307660105,0.06109177152054437,35.52704693338842,11.12296163792059,2.1489427962412884,0,0,1,0,1,1,129.15490683351072,0.27630282784194776,1,0.0,0
0.014333843633472435,0.013940009019566456,14.388577624397783,6.274471843357891,2.286684819874343,0,0,2,0,3,0,820.3893066577281,0.025858393312739765,1,0.0,0
0.19657061698458272,0.08368804864270138,23.66633961074634,7.320965735006978,3.639297135207276,0,0,2,0,1,1,189.88591382570087,0.12370496940374365,1,0.0,0
0.014973499700880962,0.03293600589932539,32.967906333146324,10.83439196671819,1.4614735464315214,0,0,1,0,5,3,161.0126848173236,0.13459172124350935,1,0.0,0
0.04870893598043861,0.04061141268046594,23.46798108527915,9.65899747520129,0.7517252439702735,0,0,1,0,3,1,97.13481553874962,0.07699792737152121,1,0.0,0
0.2024488458347561,0.06954057635548842,30.9578635376018,9.394772592946856,1.780892837666373,0,0,1,0,3,1,226.50645480705074,0.02572751151433097,1,0.0,0
0.09991264652503894,0.02090070063082071,24.2837930470403,10.315223622093537,1.841769863489114,0,0,1,0,1,3,822.337403115071,0.5403308178923558,1,0.0,0
0.304129046053316,0.10139851031738836,27.69603830061623,13.986225744927491,2.4408798982374824,0,0,1,0,1,2,214.74535118659767,0.07574610791160706,1,0.0,0
0.2615643697320662,0.07310571149876532,21.22547641383352,8.722176702609666,0.30341745995740643,0,0,1,0,2,1,59.3145113859092,0.05597679849855757,1,0.0,0
0.29960925212479944,0.032286218125560116,30.107612955149584,5.460263925248982,0.9164538075514812,0,0,2,0,1,0,54.29647597872944,0.02660210081147832,1,0.0,0
0.4716758559935587,0.15454211647252672,23.211710909828604,9.302116615387265,3.3957074818675057,0,0,2,0,0,0,278.01211955876676,0.5817538438497697,1,0.0,0
0.16665076752065097,0.0677410212924634,21.564873391543312,7.176129640165144,1.03387347687091,0,0,1,0,2,0,103.54072627541571,0.12258405710347411,0,0.0,0
0.15381141636789644,0.0005904169153077611,25.142948071768217,9.465425521112275,0.539714093941188,0,0,2,0,0,2,140.36779828587592,0.065213341641489,1,0.0,0
0.13659991783517364,0.06284005665903399,25.64134915127466,9.166116870134095,3.351957305398458,0,0,1,0,2,2,200.04492868572123,0.0031547128504633977,1,0.0,0
0.017192406827748318,0.14788391562950898,29.811219086692237,9.69928728145007,1.7052359257744674,0,0,1,0,2,1,106.1508726682282,0.002172626351983895,1,0.0,0
0.08892967089409101,0.017253123041718783,22.139389889279137,9.985990821878303,2.123354792207164,0,0,1,1,2,1,30.0,0.19317950734532363,1,0.0,0
0.0034885106015528516,0.04790504019735017,30.362651276471723,8.735688652282601,0.596500983001512,0,0,1,0,0,1,76.7714764648272,0.13279988352517488,1,0.0,0
0.01406926621185328,0.08023043216446388,33.84655558684372,12.066229039985013,2.733215837621594,0,0,1,0,1,2,262.98365249831795,0.3383787144232525,1,0.0,0
0.4641890899913869,0.004269201272123316,25.632683007558654,9.800979279976872,0.24889139412768002,0,0,1,0,1,2,509.3555757012709,0.163318705836552,1,0.0,0
0.04390585534976848,0.148996446299725,28.293149118000702,8.241840023906295,0.45404522207695885,0,0,1,0,0,2,101.4728317090797,0.09804474392397973,1,0.0,0
0.08920948201352431,0.030169113906138127,34.50266746093032,6.597783906515071,2.2834766040189822,0,0,1,0,2,0,30.0,0.03661739900427443,1,0.0,0
0.23008644206153026,0.0515650757671869,22.088402995563616,7.584366060819629,2.5107320661358936,0,0,1,0,1,0,259.91015014778435,0.12529129492759802,1,0.0,0
0.02931483920262472,0.006486305261100503,11.112165585405142,6.785655252216588,1.8307863418344532,0,0,2,0,1,0,30.0,0.3647588519408375,1,0.0,0
0.0017383033646447214,0.012988602355905477,20.41760151859348,11.498024136467098,1.5602816406223763,0,0,1,0,5,1,153.36555574927348,0.04160353012825181,1,0.0,0
0.008091310538293262,0.11588987593237793,22.473943642193824,7.861983939054293,2.5125995112727986,0,0,1,0,3,1,158.54227078159,0.030988567047310567,1,0.0,0
0.17880342700091012,0.26997326353773393,26.16786013310915,4.898458596154728,3.3986246105594144,0,0,2,0,3,0,52.4595927854816,0.83697324026864,1,0.0,0
2.6070426742321238,4.308148267186206,0.0,0.07765222880628503,7.274361683136686,0,1,5,1,45,8,7.570082931813359,4.681824981324978,0,1.0,1
1.373133652578224,3.3368295997270407,85.0,0.24372147008650438,7.7249243165669155,1,1,15,1,18,12,23.22903311617224,4.335315046804638,0,1.0,1
0.06136165840326809,0.03253363616461327,20.022557917354973,9.7352413301693,4.123320513281019,0,0,1,0,3,1,30.0,0.0741163666834977,1,0.0,0
0.21307284853701575,0.016690206069834148,15.519373238610788,9.223815672721976,3.010370850190332,0,0,1,0,1,0,147.56122012242088,0.04316858482606071,1,0.0,0
1.4361749931651584,1.3965898623160053,85.0,0.1289937342173379,14.87529740848643,1,1,6,1,45,8,5.462888081952477,3.556697141909919,0,1.0,1
2.3560429617023573,1.5905476803769116,0.05,0.23956800015436752,22.265257881947747,1,1,8,0,60,10,24.516724329125992,1.5,0,1.0,1
0.09411003607408606,0.018371887353517295,24.613484588954478,10.008171610076996,2.464961645506097,0,0,1,0,2,0,30.0,0.028467939744364484,1,0.0,0
3.244768686818584,3.529197991856126,220.0,0.16119216212389179,10.848490889682807,1,0,7,0,45,13,5.154037719478504,3.1874321744922742,0,1.0,1
0.047510678661155825,0.06624894515156243,37.73496392490851,7.909597493794608,3.6322452588988656,0,0,1,0,3,0,30.0,0.07781921988328958,1,0.0,0
0.23562993745850644,0.06101516997595582,31.483129659620996,9.693587554661628,1.3934179808809362,0,0,1,0,3,1,137.28038939509293,0.08264819879614076,1,0.0,0
0.06090079511942348,0.18668533070433646,34.38757775240901,8.112632679911238,1.7970910214167388,0,0,1,0,2,1,35.17515493168426,0.17030340761414256,1,0.0,0
3.420169697443812,2.8978345663804936,190.0,0.12826365100915832,10.596514246206592,0,1,8,1,25,6,12.069438911957523,2.1834497596411016,0,1.0,1
0.060078187787503054,0.024655659446640454,35.96767691878817,9.454592017618847,2.8541996486128163,0,0,1,0,2,1,30.0,0.031488463557998767,0,0.0,0
0.014845533541193152,0.01318810189914444,41.09444742210509,7.203735132224445,2.003773856555206,0,0,1,0,3,1,30.0,0.12051651337577607,1,0.0,0
0.0761827364555873,0.024308710967016672,36.03800702611323,5.691367166607661,1.6635644223879935,0,0,1,0,0,1,51.14918289767594,0.09805195846710489,1,0.0,0
0.03640952776276598,0.0031657766270675146,32.542582951356366,7.403206424377634,2.1212437318203796,0,0,1,0,2,1,826.6513806051762,0.23009393938479664,1,0.0,0
0.1348321853573167,0.008641966026424018,18.673666243345487,8.876880160841514,1.9020342679032445,0,0,1,1,0,1,122.74253103736355,0.289331994105307,1,0.0,0
0.013851135951724599,0.008818362057585669,31.867240537196064,9.546320066804325,2.088578129416735,0,0,1,0,3,0,143.80796078898305,0.14736594676274356,1,0.0,0
0.04628825113974099,0.03422323252364127,31.820492068521634,4.774272827097528,1.4757715518954124,0,0,1,0,3,1,100.96201441265261,0.13163439070891608,1,0.0,0
0.15939522945172804,0.08359757670524146,18.97144256931481,7.702596435033621,3.7553110706333044,0,0,1,0,1,1,79.53717655030681,0.1314559317182505,1,0.0,0
2.443313344931792,2.8281430185979257,0.0,0.03543587994506778,19.456551489602017,0,0,6,1,60,7,1.55426163263302,3.2503193781854183,0,0.0,1
0.14938121780823402,0.26238633752382057,21.302896080362824,6.58029939556741,0.5522932319216447,0,0,1,0,2,0,306.6075279851979,0.3256600427276601,1,0.0,0
0.19043311714996203,0.05950006657151377,21.82119580469219,10.330344301437245,1.706307474294371,0,0,1,1,2,1,30.0,0.26822277804176337,1,0.0,0
2.510505737098836,4.959630572627441,220.0,0.17572349219415548,15.99189145948377,0,1,8,1,18,14,7.018915950717298,3.193166228418263,0,1.0,1
0.06482945743914427,0.06253361094783559,19.744933224153925,10.745542480466684,1.4273614805757968,0,0,1,0,2,1,205.96205346910105,0.595796731711787,1,0.0,0
0.003132894208424783,0.07217756256064262,31.753450376911303,9.029648484929556,3.411105009112135,0,0,1,0,1,3,91.89801873594155,0.05222590464347781,1,0.0,0
3.4209604403985017,2.969696050315295,190.0,0.10815334082992678,14.50855568994441,1,0,7,1,45,8,15.814710924713708,2.395559964806708,0,1.0,1
0.37936242837284684,0.08618487647574563,25.914064265484768,8.365767224929778,1.6252161499616082,0,0,1,0,3,1,30.0,0.7136834668910129,0,0.0,0
0.19623058573040816,0.057302850751934455,14.98750942306805,9.023154968130815,1.6694468126331117,0,0,1,0,3,2,104.66878666591529,0.560032645661317,1,0.0,0
3.5787287994340873,5.671894210266841,0.05,0.030013345597050434,17.26935247754585,1,0,8,1,18,10,8.512213709234956,3.158505389169427,0,1.0,1
0.055009956864842405,0.035055258556748466,25.902187400667486,8.450604713830016,2.8011285839119537,0,0,1,0,1,2,30.0,0.3100483361739963,1,0.0,0
0.09863789854636565,0.015526781228476219,19.134646094362235,8.89327548350049,2.8656341848196734,0,0,1,0,4,3,84.34597712920424,0.19224466508740462,1,0.0,0
0.16298618234818024,0.04036725436144179,25.203226593847663,9.449207846069521,3.389775295320786,0,0,1,0,3,1,49.36656634595633,0.01661964388761382,1,0.0,0
0.25403378128145976,0.03572073445024031,30.68919143151019,4.214560307202907,2.050090148570797,0,0,2,0,0,0,352.3613278165586,0.07679225601153834,1,0.0,0
0.12390667602764507,0.019393148274512967,20.74561224616271,7.817600534613408,1.749145338772305,0,0,1,0,2,1,335.14983862787466,0.14933443683598444,1,0.0,0
3.049253353870972,3.086406896010709,85.0,0.1970475793517184,8.65992736846162,1,1,15,1,60,6,20.29397969140027,3.4875997893464064,0,0.0,1
4.739673272169511,4.4913466461039855,85.0,0.030008736092167893,15.201176224163678,1,1,6,1,25,14,12.209009710515264,5.395505501866631,0,1.0,1
0.08934532254523248,0.25170910079917713,27.621708789365425,10.663161456729565,2.4870089678081553,0,0,1,0,0,2,44.80642062294021,0.09969668284929337,1,0.0,0
0.09992585567320772,0.30331970945443315,16.199501359187828,10.32350024794453,2.828740453685575,0,0,2,0,2,1,185.32406036700607,0.22480272195549456,1,0.0,0
0.351271334033298,0.002601397498442897,37.048398742481,8.064769154564665,4.007956095862321,0,0,2,0,1,0,70.66082638860578,0.32562476366667137,1,0.0,0
0.14775000740455083,0.045018164364894704,31.482119214439074,8.584526129929959,2.878213998154995,0,0,1,0,1,0,95.75381120559186,0.11251982270432473,1,0.0,0
0.18648887957683172,0.06683639882218226,22.983026598461308,8.901648579348947,1.3370100387289523,0,0,1,0,0,1,30.0,0.03472535665107437,1,0.0,0
0.31587018077090473,0.01389066169746884,32.46131379058733,6.066428717837164,0.22202446529764908,0,0,1,0,1,2,113.26266154237258,0.2550136157708713,1,0.0,0
0.20661215544936817,0.06565720436302697,29.574732965011652,10.939886398465664,3.34245988940671,0,0,1,0,3,0,209.67854869633842,0.17822116295942958,1,0.0,0
0.09764843904722732,0.05240030855062753,23.297981970453925,10.068569506527503,0.21911835991969864,0,0,1,0,4,0,270.3960436676297,0.15271274684110386,1,0.0,0
0.16270177867902966,0.0782008366368632,25.466686720962876,7.446089712870016,0.9188115219610087,0,0,1,0,2,1,30.0,0.6191471407198244,1,0.0,0
2.5609813920280398,2.2309608320774146,190.0,0.23584612082430922,11.49731828374291,0,0,15,1,32,13,11.538852541565799,5.084274196625918,1,0.0,1
0.05949391980782462,0.2276548628816669,22.953262620963823,6.33568372834401,1.7339363442379967,0,0,1,0,1,1,115.40664705623632,0.07417569002204683,1,0.0,0
0.15666798928263398,0.0885351901607991,28.240407340452713,7.366393095808364,2.3204616215115825,1,0,1,0,0,3,30.0,0.5774856187500201,1,0.0,0
0.06645079431103287,0.022531171848612787,32.18524750195918,12.603018928171164,2.746278389935394,0,0,2,0,0,0,264.3578983890127,0.07205711883670411,1,0.0,0
2.550078591198503,4.60586546447837,0.05,0.024253680420592116,12.904187494153172,0,0,7,1,60,8,16.563043549847023,2.836267079437773,0,0.0,1
0.22525365732391117,0.0746524362560092,34.08498292379132,8.203433724145194,3.674019427437237,0,0,1,0,1,1,474.88726878079706,0.24349918958236244,1,0.0,0
1.5791542573301707,1.54625544172548,190.0,0.22428166453630946,19.095290743958394,1,0,7,0,32,14,11.754156301808049,3.639163261520923,0,1.0,1
3.1792173502038876,4.265346640593524,190.0,0.05207065422563026,17.89370185371279,1,0,6,1,25,6,19.458559167718256,2.8740206123334593,0,1.0,1
0.32180682287684864,0.010807879712107296,20.398772909351273,7.853292661122569,1.7788672083835786,0,0,1,0,1,1,30.0,0.16243764169205974,1,0.0,0
0.010981028049545406,0.0012050278674189709,24.70587375963786,9.747199054104026,1.7298398933878258,0,0,1,0,2,3,247.32660736654375,0.08949434302366882,1,0.0,0
0.1565781367227033,0.08653423594889643,24.16638495502952,8.98519187430692,2.219571356141077,0,0,1,0,4,3,48.58815832227996,0.13245562568332186,1,0.0,0
0.07907296769355375,0.05414894206445075,24.66632367265974,6.080069942665648,2.1506858578838606,0,0,1,0,2,0,256.9974092955703,0.07640376544416333,1,0.0,0
0.02816301698988288,0.058421136363398775,31.63399156726056,8.477987356743185,2.6943993421472374,0,0,1,0,1,2,366.42303635813363,0.22528683505717068,1,0.0,0
0.016595561317570638,0.0503778918644468,29.574204832872194,7.635197625444077,3.103626910444787,0,0,1,0,4,1,61.86151339565098,0.11193235448212827,1,0.0,0
0.18241851493477917,0.07318944794919055,27.584045870704056,8.58646337928978,2.5697833505344025,0,0,1,0,0,1,195.93120017687005,0.20419187819894036,1,0.0,0
2.18015605191522,2.465240812849958,190.0,0.1885364523482855,16.09544813804245,1,0,12,1,60,8,10.582807108024326,2.915674449949575,0,1.0,1
3.680531290141647,2.295163307651362,220.0,0.05139053703149962,17.322808613723055,1,0,5,1,60,10,11.822701277100418,3.0759203529256016,0,0.0,1
3.050239354327415,0.8246322395301671,0.0,0.2030552676162308,16.183605941491358,0,0,15,1,18,7,4.49379775628845,3.049783254642737,0,1.0,1
0.253069372252843,0.014725183397119904,15.608926522646016,6.93491742734711,1.7740167966477514,0,0,1,0,1,2,40.467406952693686,0.0004451817888039133,1,0.0,0
2.1673763318147867,3.6446968076799227,220.0,0.23895460931817206,20.283164182979426,1,0,8,1,45,9,1.338219971736442,1.764682700539195,0,0.0,1
0.35775588722626006,0.057423056331641686,31.18294849833426,5.810226438437601,2.323393855065687,0,0,1,0,0,0,106.88765060247805,0.1743684264166281,1,0.0,0
0.021019784994515282,0.1438825493896563,29.692365831194113,6.778985346989379,0.8295382907113762,0,0,1,0,2,1,440.71393189511053,0.054428995249118886,1,0.0,0
0.18376387783000003,0.17961428245712072,24.000194163354156,7.203170382082375,1.407667795145972,0,0,2,0,1,1,367.23920928718934,0.0969919383592339,1,0.0,0
0.10576168533687487,0.30338490445424554,27.603663821524655,9.25645257086302,2.335218346217372,0,0,1,0,0,0,41.803994061519006,0.23281234045584365,1,0.0,0
1.1740946448749692,4.269896022080193,0.05,0.01941203161436908,13.582607714537293,1,1,7,1,18,8,16.790352051475658,2.10388951140043,0,1.0,1
0.13031931202746547,0.04268193950490938,28.356986067944277,5.707541739527619,2.1416381281356505,0,0,2,0,0,1,273.8523926621057,0.13730612975388354,1,0.0,0
0.18908723238812908,0.0010476470041126675,31.453914379118466,13.260775492328978,3.2867697563752536,0,0,2,0,1,1,93.18752906132737,0.013004825161899491,1,0.0,0
0.15503058809866443,0.06737451730897048,16.795849349169117,10.195857506710563,1.7218656617101828,0,0,1,0,1,2,337.7803359645852,0.2591879414436522,1,0.0,0
3.1589642010266714,3.5110248079602218,190.0,0.20639070079864233,19.416743975769293,0,0,7,1,45,10,3.969207286197257,3.0980140825548457,0,0.0,1
0.001467473323076317,0.0929840856008806,23.297840414905114,8.050159538128957,0.7455989402724987,0,0,1,0,1,0,323.9840335414647,0.028090513034894224,1,0.0,0
0.002051150407016064,0.03511632978387397,17.698548805692006,11.37919585486027,2.3548565402577775,0,0,1,0,2,1,113.69471789286762,0.01192749557231208,1,0.0,0
0.11625979283223412,0.10912137343268563,28.12080311511098,6.211490367470759,2.902916551413958,0,0,1,0,0,1,208.9063489198815,0.38676342702272326,1,0.0,0
0.0049060294513198766,0.04885520566984756,27.30905405032304,10.373013212114016,2.9072736847917082,0,0,1,0,0,1,154.28193672136703,0.5922995477452786,1,0.0,0
0.06764126288227108,0.05516258563157779,20.681385076085572,7.806053093789766,2.46313847997504,0,0,2,0,2,2,30.0,0.11174995431024176,1,0.0,0
0.06266781144738016,0.049822231204458466,21.850405367749474,6.99177504041788,2.671171359051608,0,0,1,0,2,1,119.90991311833416,0.11568269790630233,0,0.0,0
2.8844400872491995,2.0243363045725324,85.0,0.08247947674202596,21.20087890170884,1,1,15,1,18,10,18.03272727126224,3.067170015728446,0,0.0,1
2.922695531618572,4.728181324494113,85.0,0.08608003680397822,17.756638248889345,0,1,6,1,60,12,2.5082246014637706,4.913772910750205,0,0.0,1
0.1716803848951824,0.01497968017094111,39.22497717975176,8.168318188675995,2.713566151579027,0,0,1,0,1,0,56.41317976912982,0.4868522340841991,1,0.0,0
0.026855960986996334,0.07731889513413658,28.189755657367925,12.380313263670125,0.25932056351261656,0,0,1,0,0,1,30.0,0.16501289099485594,1,0.0,0
0.44432398279169627,0.09975081616026543,28.81538477438646,12.701974379626222,3.633584832409058,0,0,2,0,2,2,275.8486960054602,0.05930398956304912,1,0.0,0
0.19107270467179674,0.049861310090212635,30.610423669533567,8.136678145628391,2.0712313974590146,0,0,2,0,2,1,71.1560571445357,0.18891289315980062,1,0.0,0
2.511295910184397,2.4308433844589192,220.0,0.12152809101475062,11.360638901768027,1,0,5,1,18,8,24.966064353428713,3.7390076075836647,1,0.0,1
2.068511257797466,4.543058257156865,220.0,0.22170064512398513,18.04982867506177,1,1,15,1,60,12,19.123935353853827,2.6730172801255074,0,1.0,1
0.06803916367143814,0.22977944095280464,20.061355372825034,10.090865413614866,1.032037160538204,0,0,1,0,0,0,352.92328579794037,0.7007661326344733,1,0.0,0
0.0753527611205409,0.07089883705981727,22.736408257980216,9.232293051931364,3.188599180534435,0,0,2,0,0,1,391.5696433322664,0.1903524202835548,1,0.0,0
0.09436234636228925,0.032902805119770895,24.244164297321383,6.143126574138648,3.327500245455421,0,0,1,0,1,2,30.0,0.33682568579142447,0,0.0,0
0.6502929035385216,0.017838782578439388,29.184130604646903,9.926596353241264,2.2179581756374036,0,0,1,0,4,0,30.0,0.039002396441908456,1,0.0,0
3.3455611760460062,4.418832042371363,190.0,0.16799647957239833,22.616799527532443,1,1,5,0,60,6,20.56540563048512,3.3910191642682803,0,0.0,1
0.25899607071927483,0.03181727848565463,36.006637609681945,10.206120912103222,2.9908028561228495,0,0,1,0,2,0,137.20075271930892,0.060441007262301276,1,0.0,0
0.23711360870396345,0.19123474838000298,18.47044661497579,8.56189617653566,2.052372839724996,0,0,1,0,0,0,90.09675106945879,0.0730332570155841,1,0.0,0
2.4464159022927836,5.500706678488533,220.0,0.18794056558826003,17.957451756105236,0,0,5,1,18,8,13.703740491882426,3.1428411247845065,0,1.0,1
3.5974852881570456,6.328424747922014,0.0,0.07146608380667727,17.796983473745804,1,0,15,1,18,7,14.530946038657135,2.9782485554839155,0,0.0,1
0.04570938537548524,0.005547242644211102,20.602704900011567,6.80730601697468,1.3458156742396714,1,0,1,0,2,0,431.2561894009293,0.33847074847421893,1,0.0,0
0.04942902958349189,0.001292639729835341,31.49741922107198,10.972409956519192,0.5963016152547576,0,0,1,0,0,1,91.78127599904771,0.39566253724088796,1,0.0,0
3.304012832617483,3.5006595634026367,0.0,0.11061586399777895,21.3913928874909,1,0,6,0,45,12,5.427935777315147,4.391996961706218,0,0.0,1
2.5907184037207696,1.5247915718215097,190.0,0.11269196851211252,13.414263566414682,1,1,7,1,60,11,3.2207471814881083,4.634995621421064,0,1.0,1
0.12044367983214437,0.07625701486908008,29.61477667450605,8.959286111135594,0.0,0,0,1,0,1,0,256.34705482123627,0.2839283926077121,1,0.0,0
0.06093337138256138,0.10530348402486067,28.241314984453112,13.124088112719061,0.08974581871894927,0,0,1,0,3,3,283.12082635072807,0.16148588489370064,1,0.0,0
4.037862422996428,4.225394853670583,190.0,0.02055091894187666,16.97257721922307,0,1,8,1,25,13,3.4796215925699494,3.1214034665677364,0,1.0,1
0.11309577131454147,0.18552255185009653,20.189506534095344,6.9747541671289595,2.000071867058863,0,0,1,0,0,3,32.493588640779386,0.44986160141736903,1,0.0,0
0.14197586856438885,0.11856808249853983,26.100010483187923,3.399947416967307,1.6090005584763614,0,0,1,0,2,2,254.0562187391726,0.044493361696174086,1,0.0,0
0.13851955003785787,0.029712378438065196,35.46653782148306,6.729942735474403,2.675164400988294,0,0,1,1,2,2,109.71169686763565,0.012975714905368786,1,0.0,0
0.10853227369203265,0.10543129656687812,39.45557192188617,6.794464274860139,2.792060102079342,0,0,1,0,0,3,30.0,0.5233688004000316,1,0.0,0
0.3765159343152389,0.08797787817484191,22.89599407235475,9.943842504816743,2.226657359648994,0,0,1,0,0,2,314.65526937250365,0.18685193830656438,1,0.0,0
0.045034343818090704,0.10555770075398706,38.81520677381883,9.084071443461816,1.7757412085605144,0,0,1,0,1,0,63.505997929859745,0.037214351520539556,1,0.0,0
0.12133065549358253,0.09702213599425447,29.890195246300248,6.769220989909546,0.0,0,0,1,0,0,2,77.14411994443812,0.43875506235742967,1,0.0,0
0.12831088614205233,0.049237837685762224,27.383728968679716,7.744020508029565,1.6723924739078884,0,0,2,0,2,2,30.0,0.18683098480793103,1,0.0,0
0.1323452134085514,0.04988017708127897,17.8897771543836,6.897559280374233,2.9675229949091757,0,0,1,0,2,0,231.89414122969762,0.059702920669463935,1,0.0,0
0.006105425650892208,0.06072769461106829,22.180700905698732,10.693448415258569,0.0,0,0,1,0,1,1,208.66704076038545,0.07760874841736023,1,0.0,0
0.08142061312475452,0.01961609662845557,32.68992779779707,8.232948529095024,3.838754500912114,0,0,1,0,1,0,64.47585908897153,0.4087766648000627,1,0.0,0
4.357105446331511,1.6580675236353795,0.0,0.1267704301551048,15.170371451784632,0,1,5,0,25,6,24.591743389186064,3.105939579482552,0,0.0,1
0.3967948182014916,0.10286690918235548,20.75831830283496,5.669532138267055,3.854023800438602,0,0,1,0,3,0,31.572120535761414,0.01538113385083802,1,0.0,0
3.6652573811068567,3.3176546933083473,0.05,0.23194889956080436,11.216406211186584,1,0,6,1,45,7,3.8285712888245804,3.3097540277694706,0,1.0,1
0.013806554156631512,0.05605781518873207,23.002982683050366,9.47378962232393,1.535937469871344,0,0,1,0,2,3,69.64069708876825,0.23076534974396773,1,0.0,0
0.059672330014218795,0.0029362206770162293,13.434095623660921,10.99232999575589,1.1249553055720294,0,0,1,0,0,4,30.033991513281634,0.01920068595887972,1,0.0,0
0.20166267732105733,0.012627510493184682,25.468708504442375,12.694254424746054,2.0279995451945627,0,0,1,0,5,0,36.33329660283284,0.4457504875187785,1,0.0,0
0.03752916580794988,0.013640572764802397,24.37692045361947,5.484829730472125,2.795031793785035,0,0,1,0,0,0,166.09312154442364,0.09731408130033146,1,0.0,0
0.10800916260120765,0.11990576077043047,35.13907901067367,8.562736832199416,3.4743129392917256,0,0,2,0,0,1,187.245741363069,0.14380516195304757,1,0.0,0
0.024587873420483883,0.15799627541932884,30.14260833801511,7.108709099759608,2.2897671443565355,0,0,1,0,2,1,614.2681874089379,0.09422536866154853,1,0.0,0
0.06369093762064533,0.23308074647395366,24.83229681511125,7.059442846824137,3.4533971058146764,0,0,1,0,4,3,408.11791864876335,0.25539286793303456,1,0.0,0
0.01648075441022392,0.10429489046533083,31.53273753574829,8.383155378960277,1.2219910876334465,0,0,1,0,1,2,51.27586057252284,0.08214242584364512,1,0.0,0
0.15564948625976197,0.01276224123842458,24.03157483218063,6.634103059653959,2.2976689153127943,0,0,1,0,1,1,30.348826652661604,0.17647374108384817,1,0.0,0
3.2355804930032295,2.737755651952739,0.05,0.05951984389911774,16.909414354832432,1,0,7,1,45,8,1.0948037800341393,3.932755074596702,0,0.0,1
0.02405053579699678,0.006634723456926514,28.604570350671704,5.736074430025991,1.7693438311319514,0,0,1,0,2,3,100.65759488075673,0.42849189302953383,1,0.0,0
0.12956404920402154,0.11897588338471855,18.67154774925166,5.931603578177679,1.2946716690573328,0,0,1,0,2,3,165.76977458620456,0.588231118033594,1,0.0,0
0.052606579699880876,0.007675330628116412,31.956878749547357,9.113239573963844,2.3958981069433687,0,0,1,0,0,4,129.92405051968024,0.022550258758679498,0,0.0,0
0.30424289504439195,0.09726429180099289,18.068703568357765,10.565077796602242,1.3472637144364876,0,0,1,0,1,0,107.14879762906932,0.34312919838521627,1,0.0,0
0.41488938357042643,0.019216816727418203,16.374403367830404,9.23563913688773,2.496701612242392,0,0,1,0,2,2,637.1355474610885,0.08735811431623515,1,0.0,0
0.1676664469951277,0.0026407715517431456,21.168066367339566,10.387403268799682,4.05039665111151,0,0,1,0,1,3,164.73037446397788,0.46028652653432006,1,0.0,0
0.4468923371320912,0.006798796507622169,15.540155296536328,6.221427681579464,1.274112416168006,0,0,1,0,1,1,30.0,0.043872446464767234,1,0.0,0
0.015934087458267163,0.09856894800532624,10.871865274998031,10.582215633049126,1.588793189429184,0,0,2,0,1,2,136.54979364104668,0.23672655275526133,1,0.0,0
0.11404848235096472,0.011443537596321945,24.974635304902872,7.006873295460178,3.09252541467842,0,0,1,1,2,0,50.74016379631192,0.06749276454400992,1,0.0,0
0.050976051145572764,0.08523802933801332,36.26509673832006,8.371204918750584,1.0638495539251207,0,0,1,0,2,1,30.0,0.07438288025830082,1,0.0,0
0.5140638690663046,0.07991346617019195,25.736190154804333,10.847684040733405,2.8854705829400955,0,0,1,0,2,1,59.14768290291867,0.2121028989530098,1,0.0,0
2.2235013236760244,2.9471973052699054,190.0,0.013234042666789236,19.044868184091357,1,1,15,1,45,12,8.153119074429036,1.5,0,0.0,1
0.16880018649876666,0.07910004034906558,31.414903943447694,9.613895764681006,1.5045163189006918,0,0,1,0,1,0,302.1596838953252,0.09762131354789681,1,0.0,0
0.420073254530928,0.026254432980203496,26.14084790706602,8.11183973533381,2.8301176644952264,0,0,1,0,2,0,422.18923282841973,0.02896802628895433,1,0.0,0
0.03630276299029397,0.054769414443696846,32.35496669436909,6.02933204139304,1.4578842133171177,0,0,1,0,2,1,241.78490075239452,0.009914762539554738,1,0.0,0
0.05566778195671079,0.00796255079451903,25.344736836435434,8.499736627546124,2.617838218879222,0,0,1,1,3,0,30.0,0.3427685996037655,1,0.0,0
3.037488071236752,3.557807162658065,190.0,0.05402797358330763,18.57564233587633,1,1,8,1,32,11,13.774465780591848,4.874410098307134,1,0.0,1
0.029746755536642758,0.09705139047908827,19.28451527546314,7.380691638349676,1.9184492049102213,0,0,1,0,1,0,699.906120542795,0.21615342177857444,0,0.0,0
0.14815091993276225,0.01670965685036437,13.692537863411953,11.011874080031394,3.973733442735852,1,0,1,0,0,2,513.4457286360409,0.0551059115633831,1,0.0,0
0.13691949848846885,0.03652608667198721,31.10465864517527,11.703797583179963,2.041671422139356,0,0,1,0,1,2,84.31645581395372,0.07180875891585531,1,0.0,0
0.21656694092964074,0.06038063941827648,45.60961092744485,9.047189146523355,0.9555638031922205,0,0,1,0,1,2,278.01555845723396,0.09118612305437937,0,0.0,0
0.06061178322033351,0.03024836621503738,29.6720927813333,5.925242813729309,1.2783778087706348,0,0,1,0,0,2,393.87765671132325,0.25013423527307826,1,0.0,0
2.395294315229588,2.9129018684796586,220.0,0.11484616203997142,17.610649098252665,1,1,12,1,25,14,13.681373564490846,2.3795585901782457,0,0.0,1
0.10472180749139565,0.08235823057911895,23.567325402367995,7.957780614706411,1.5194565743932242,0,0,1,0,2,0,30.0,0.03766815562263198,1,0.0,0
2.2134650871930086,5.074970173765774,190.0,0.08528687578087352,17.328290513707195,1,1,5,1,45,13,2.6481865499597035,4.070799351772095,1,0.0,1
0.10052866470817762,0.2736992196183145,19.194864474396724,10.748828299941778,2.7442291195615973,0,0,1,0,1,1,129.33795741838577,0.8476936494030008,1,0.0,0
0.704622415195312,0.023984166620042418,15.837156783820955,9.411936799761179,0.9175589562195643,0,0,2,0,4,1,413.06832457191257,0.16420977287732275,1,0.0,0
0.18276919704303368,0.005376767479152698,32.022327915917046,9.836496247882705,1.0669720291587355,0,0,1,0,3,0,45.64361772198868,0.19881618139867735,1,0.0,0
0.17580040172736197,0.04002803920291164,21.38473105655983,11.809336631733412,1.0098249614295494,0,0,1,0,1,0,90.84704694510846,0.2577400966060768,1,0.0,0
0.29498514729255615,0.07662961362839403,11.98781882766617,7.147320568472909,2.423079960324353,0,1,1,0,2,2,213.06944408706826,0.022942750906724388,1,0.0,0
0.3542740718296584,0.15069508378140306,39.808059331128526,12.207668315004442,2.873424819947326,0,0,1,0,2,1,295.4914940823911,0.25951892559818274,1,0.0,0
0.039476293102390876,0.09517342567566368,28.16688952737006,10.562085477565322,1.298272653404113,0,0,1,0,4,1,34.30006529822897,0.0295987083512667,1,0.0,0
0.13130563668191628,0.08532741856673423,36.60789670743746,10.826564265588416,2.100048627777745,0,0,1,0,2,1,226.016034694773,0.2173216993784263,1,0.0,0
4.679277370948105,3.8163537328996293,190.0,0.18620257539569332,13.11678893667596,1,1,12,1,32,14,17.675255179638718,2.207936129272497,0,1.0,1
0.02072330105535348,0.10880426177709476,24.71521774588474,11.513057272624533,1.5384868647450916,0,0,1,0,5,2,119.4305426824507,0.24807999358619798,1,0.0,0
2.168676912205035,2.89960058687983,220.0,0.05185816501378743,20.21475920288936,1,0,6,1,60,14,4.927678268238023,2.9734249945519005,1,0.0,1
0.41328937446350533,0.11803563021805225,23.577270097539895,12.15725052488365,2.5384693872544943,0,0,1,0,2,0,73.47534196018327,0.07211305151348339,1,0.0,0
0.14644113169437578,0.0932553303939397,22.627980643451316,7.080161734095871,3.8418780020912404,0,0,1,0,3,1,39.273983811905325,0.14453763343129172,1,0.0,0
4.022967691837826,2.293419788828503,85.0,0.004094836364327892,12.209129165514888,0,0,12,0,18,9,22.51662335546912,3.0228207907504223,0,0.0,1
2.25576614273394,2.624461521963676,190.0,0.16661135641968422,13.837425879285215,1,1,7,1,45,13,5.896232396769494,2.4069132726687137,0,1.0,1
0.018374224087300217,0.05843867442824118,24.44197550942603,7.660251675431285,2.788864215852125,0,0,1,0,2,0,55.76975967748232,0.1578245664958278,1,0.0,0
0.175463653240707,0.05417057251821421,27.79748280127306,9.334918062726333,1.6531256081099062,0,0,1,0,3,1,125.24330545207737,0.07339431515000938,1,0.0,0
0.05359832010777696,0.03091610179392763,18.10160900813952,7.546048280091882,3.308338367054328,0,0,1,0,1,0,30.0,0.46937237637138973,1,0.0,0
0.08498343663715163,0.3448181082008837,30.014132453487793,6.612029969304223,2.8405676977916716,0,0,1,0,0,3,123.27971876467704,0.14028682194549216,1,0.0,0
0.010470300182882508,0.008217455044365605,30.601247665836773,9.853675308222014,1.5200432309149754,0,0,1,0,1,0,120.01941991703362,0.015213704653291697,1,0.0,0
0.30420207356471124,0.128900841171329,36.90012622789062,7.421374152778043,3.0234334555645095,0,0,1,0,1,1,170.01812424614735,0.45651987845785663,1,0.0,0
1.6334327922293115,3.3063487062524466,85.0,0.15218759338711682,6.043139535169888,1,1,5,1,25,11,18.136790076380162,3.9039648233344777,0,0.0,1
0.3649422613332617,0.03562038466468054,22.15611463307296,9.97586985252431,1.142865289565459,0,0,1,0,1,2,566.7066991916544,0.3324452408033696,1,0.0,0
0.1424747768537367,0.0035493598650990876,41.415702913610396,10.760329384532234,0.277445172119718,0,0,1,0,0,0,137.84708003814737,0.2518805722103798,1,0.0,0
0.05565643089075533,0.010251306525668897,22.457374961656782,8.879295909749796,1.9155632136444687,0,1,1,0,0,3,33.02264491498005,0.10104886009025348,1,0.0,0
0.4541613567505481,0.03494478078979141,28.147529737230162,8.76071440531422,3.9536567479767233,0,0,1,0,0,0,76.96855214669517,0.022446683126556427,1,0.0,0
0.042951655209485615,0.1163135265805725,32.62150709689265,6.54980228842612,3.2924089304687287,0,0,1,0,0,1,50.313527228298945,0.3524554951068342,1,0.0,0
2.96938675894135,3.658749085720449,0.05,0.06759867277415385,12.296720630633876,1,0,5,1,45,11,16.671709436983285,4.727158240743465,0,0.0,1
0.08065849907279708,0.015178641254164427,26.752675003015593,8.341755555230982,1.7634794845942636,0,1,1,0,0,1,111.42214031589091,0.1486411274022933,1,0.0,0
0.11712819192390729,0.03214419642864322,38.69976979390192,7.258918249108679,1.3904255602268716,0,0,1,0,2,0,270.9846293228201,0.5997701914246063,1,0.0,0
0.47682013238342874,0.16909239210318908,24.742587390921393,9.86332130279488,2.267391300797406,0,0,1,0,0,1,144.03079798036902,0.05734275043444621,1,0.0,0
0.402381166729883,0.028962000830173706,31.08558135635242,6.055274385991492,2.3408707913462807,0,0,1,0,0,0,215.3959290109368,0.032232906778754886,1,0.0,0
0.05774029869951909,0.09897067395479865,21.707516752668024,9.557078403662803,2.354590278604683,0,0,1,0,2,2,67.60056371332031,0.3782753928014956,1,0.0,0
0.10226529550135953,0.010690640722311889,34.388579985614214,5.828346309698956,4.013320946097442,0,0,1,0,1,1,181.1930359737637,0.9,1,0.0,0
0.007372349043449586,0.05873131572954452,12.368620891366536,7.149921977161064,2.4866359561448115,0,0,2,0,0,1,30.0,0.38273525203822134,1,0.0,0
0.5242805374267068,0.15470723335506867,31.666793217770582,8.584078073994462,1.4437209351295897,0,0,2,0,1,1,328.8142195573699,0.17852590992897616,1,0.0,0
0.32041655092791915,0.037222759233414,33.19235540346884,10.65125358803532,0.6735651726920036,0,0,1,0,2,2,255.98645736447585,0.3697916987911201,1,0.0,0
3.673597970867876,1.7711853582486505,0.05,0.01994562562476407,8.80117165528866,0,0,12,0,25,9,17.1446711282026,4.462464801237613,0,1.0,1
0.1005504998585932,0.034275526208779154,35.34831728495458,9.282569914241748,1.2034744248396527,0,0,2,1,2,0,203.71910151729068,0.26595500199566896,1,0.0,0
0.01692787556431925,0.06980962597528947,30.714309573107613,7.740184066918846,3.184695797881003,0,0,2,0,2,0,144.7184781907137,0.12201344714448226,1,0.0,0
1.8889594022052167,2.7695995266065707,0.0,0.17676896466743017,18.580732639219335,0,0,12,1,60,12,9.4020044190009,3.235910750481074,0,1.0,1
0.07708573699759123,0.05198668912144041,31.189238718355398,9.030576689567617,2.486619480128111,0,0,2,0,2,2,130.01232652928684,0.014776852670712737,1,0.0,0
0.4411895105550505,0.0004270731666973125,34.62542966189738,8.628097690035403,1.916089101215997,0,0,1,0,2,0,30.0,0.19272329151815645,1,0.0,0
4.164113402919541,3.3404256931267935,85.0,0.0020018252919541957,16.61923545334546,1,0,7,0,45,6,10.675405785058057,3.9197880793776103,0,1.0,1
0.3779634876204622,0.11078387912725016,29.46165744434141,6.002836621800471,1.2445166064630835,0,0,1,0,1,2,33.30521484681501,0.07760114615967363,1,0.0,0
0.030477723653305318,0.00018801868030889236,22.781810234558726,9.01156850465273,2.9903862366113527,0,0,1,0,2,1,109.06347376139107,0.16309675833207482,1,0.0,0
0.20657733730380792,0.019321387639772414,21.36115961558375,9.58572744071644,1.3119911851551622,0,0,2,0,3,2,321.27862746363235,0.009779267805184576,1,0.0,0
2.5568467668519825,1.8455008528759127,0.0,0.030157542334863396,16.397483073509832,0,1,8,1,25,10,12.606753034353916,2.649499581310472,0,0.0,1
0.10878519373206191,0.12560238291161832,31.899418210693188,8.443666183100895,2.588788877223153,0,0,1,0,2,1,86.61160655312807,0.18954054023233102,1,0.0,0
0.05020876845243156,0.025183267087775674,25.4516840574889,8.203621419192716,1.7455632723143366,0,0,1,0,3,0,231.25203827266358,0.016078851978953642,1,0.0,0
0.01484445897559946,0.050834987153889524,36.321481572993605,10.769848563198396,1.607240077915806,0,0,1,0,0,1,620.4785860594762,0.6522938770885764,1,0.0,0
0.13010641320708477,0.058853580644181315,25.129893427850504,8.464965274208502,2.4012824161772053,0,0,1,0,1,1,42.48482887167258,0.00013561194893987319,1,0.0,0
0.8,2.318788433003274,220.0,0.030596596187916436,19.297579769319956,0,1,7,1,32,12,10.432848248068591,4.12644484907223,0,0.0,1
0.04528657807336758,0.02461079269178129,26.870693368354,6.806561344146988,0.9140472664214652,0,0,1,0,0,1,30.0,0.07112797608201844,1,0.0,0
1.732494424410982,5.1776730974123755,190.0,0.011140409613368818,13.281625735288364,1,1,15,0,18,7,2.302359612022273,1.6387566589568467,0,0.0,1
2.2026915216926293,2.9312033137857982,220.0,0.01401053088617446,18.045202917830288,1,0,6,1,32,9,17.274605738147567,3.235170390545533,0,1.0,1
0.022072789790778948,0.00047055943520605176,37.03320769418965,7.769889934390059,1.8610272684448932,0,0,1,1,1,1,30.0,0.12007965055722301,1,0.0,0
0.030784253291888063,0.01830319082113334,41.658797539431404,8.811350775376773,1.340045986853402,0,0,1,0,1,1,405.49479928201083,0.14128325659174742,1,0.0,0
0.23777121413699545,0.0003140857516114309,18.75077160768224,6.724074126796757,1.810221700432019,0,0,2,0,3,1,216.1114490882107,0.4847972060754092,1,0.0,0
0.38816092258305457,0.03347606390193383,14.532280386338265,7.259471406664643,1.7863696915146143,0,0,1,0,2,3,306.830452500475,0.2772926198513789,1,0.0,0
0.09908430956209571,0.002667987975591674,20.43738571097937,8.678456573749498,2.894657451692005,0,0,1,0,2,1,201.97216893822593,0.763105361726296,1,0.0,0
0.026848424604534016,0.06510204568223193,23.048923819917952,9.117350588111233,0.960672701121926,0,0,1,0,1,1,30.0,0.06254115463169424,1,0.0,0
0.14655020565821864,0.023299124848152476,30.544034047492943,10.369435491656985,1.8034309657833074,0,0,1,0,1,3,65.99825086215851,0.5254481816388633,1,0.0,0
0.4846370599219104,0.0027195925462789395,28.8407686067167,8.210628478515314,1.9227104998506175,0,0,1,0,2,0,159.80087373055136,0.046661773063389006,1,0.0,0
0.07775793985659843,0.02375960291768715,24.721905851112908,6.051549983288838,1.1929119402624184,0,0,1,0,1,1,266.1451728899825,0.16795549074174693,1,0.0,0
0.04519502603703591,0.050467812523664606,34.6615885549452,9.424504658586097,0.5874168174559391,0,0,1,0,3,2,39.61872093911974,0.12451823022125307,0,0.0,0
0.02702157276804275,0.0146031899576174,30.52833166279596,9.384604312270682,1.26761725440492,0,0,1,0,1,1,268.3267724572461,0.43904224252855334,1,0.0,0
0.3609539448124787,0.10668800896641724,27.694494692015773,9.792090686857463,3.3789112430016823,0,0,1,0,2,0,30.0,0.26655265933780936,1,0.0,0
0.2708515752070807,0.028960714595303468,36.18780936408334,6.6830713249544464,1.9477028624289934,0,0,1,0,1,2,233.03410267830398,0.8328968798787175,1,0.0,0
0.12511595116893018,0.14931690454004254,38.138293680958334,5.016471775233395,1.2678912253116295,0,0,2,0,2,1,222.86680649293672,0.26278727992301465,1,0.0,0
0.302871057138365,0.0358551201794515,23.35803619208769,9.984419924853,3.299181252629184,0,0,1,0,1,0,74.7166661081366,0.2559120804950991,1,0.0,0
0.09870279851191834,0.03634225575243663,32.74258573725757,7.016857482212985,3.2031973581423765,0,0,2,0,1,0,318.79838409716564,0.10544245276586345,1,0.0,0
0.038010801051444214,0.044913777566881655,23.50501015632445,4.039739494170773,1.0577388061060393,0,0,1,0,1,0,30.0,0.016110675787304005,1,0.0,0
0.007562739307219608,0.16772406523483682,19.508388960128464,9.406548084266351,2.463444938116062,0,0,1,0,0,0,491.2705052632827,0.11855927317207962,1,0.0,0
0.12041930286246372,0.026860849091000054,23.35829437776453,7.184083744668977,1.8115131402411706,0,0,1,1,0,1,30.0,0.1231449761382431,1,0.0,0
0.04781836014604677,0.030340901619101485,31.88424698948368,9.30788083213661,4.318102260463801,0,0,1,0,0,2,584.3748843148304,0.016258262328287285,1,0.0,0
0.1352511482935393,0.06764134387003076,29.323194733879237,10.499982010119222,2.9293115872076054,0,0,1,0,0,2,30.0,0.24162033622938706,1,0.0,0
0.14054385101619093,0.0150682837418857,20.264292186508463,11.169893456767287,3.9706783914664907,0,0,1,0,1,1,167.31729840202985,0.2938679021578613,1,0.0,0
2.5535071373952967,1.8643740088675074,0.0,0.0900134005394275,8.770133383660424,1,0,15,1,32,9,23.15556311692236,4.650079319714694,0,1.0,1
0.12008996458021513,0.10209286743763113,36.908064697407134,9.758952994228954,0.0,0,0,1,0,0,0,69.4716071703093,0.1635322359378459,1,0.0,0
0.09294748326851085,0.09794985600154835,12.673684160487845,7.8709992132996,0.01642432188535259,0,0,1,0,2,0,35.994012875675025,0.012759058677585686,1,0.0,0
2.54220024182388,2.954907173684816,190.0,0.16490253150898493,18.683236004522325,1,0,7,0,18,13,1.172803181515163,1.8230830596948067,1,0.0,1
0.07481917173252754,0.04535882151741224,29.68156096178255,5.636540606950517,1.2468884198026884,0,0,1,0,0,0,133.5661326028716,0.20759759369548486,1,0.0,0
0.04893915786615712,0.12138491604890711,25.03581257728451,8.038578055030353,2.694096746811757,0,0,1,0,1,1,93.54141726624941,0.44070146094052576,1,0.0,0
0.009699575588919039,0.12096010209277112,31.414833305749127,7.91481050018478,0.6246793179409791,0,0,1,0,2,2,61.241650927559064,0.24557604502308172,1,0.0,0
0.060836849101987334,0.005526594741299645,29.16592064354005,7.387894885041193,2.0816427344211594,0,0,1,0,2,2,151.0965214340969,0.0553676928149502,1,0.0,0
0.13015410100940186,0.10886393763563365,31.484259538273143,5.826555831706756,1.5793806575439784,0,0,1,0,3,0,221.8586999650556,0.18319205039937128,1,0.0,0
0.006207851964417572,0.13337831154481744,25.752147926682543,8.994576251255479,2.8488738302850476,0,0,2,0,0,1,68.59083526847222,0.6496658352038844,1,0.0,0
0.06967283178540785,0.03320010917850289,30.32200041649127,7.5886750039726785,2.7265149187347837,0,0,1,0,2,1,30.0,0.14599397465154912,1,0.0,0
0.007685938258638845,0.0009553899031940268,40.39610074495317,8.991056344112337,2.8362309764108673,0,0,1,0,2,1,30.0,0.144940455916961,1,0.0,0
0.032739494407151314,0.053317735026005425,23.456815941280183,10.491909856452812,2.784170173724476,0,0,1,1,3,0,233.25317016593897,0.35019588915762223,1,0.0,0
0.4599565152184229,0.01943095022753379,36.97454056856965,6.49578179073245,2.586624882616822,0,0,2,0,3,0,468.94308459351805,0.1501963749404236,1,0.0,0
3.717488616527448,3.8937353296060087,190.0,0.08931839248355264,10.512642595538901,1,0,15,0,18,13,20.750896255566815,3.766817328008526,0,1.0,1
3.7648590434284332,5.928670652808128,0.0,0.056847848812809076,16.824827993393185,1,0,5,1,60,11,12.801813226421185,5.097802551280565,0,1.0,1
2.416836614548622,3.630816870895521,220.0,0.20601070984727052,14.6170127607978,1,1,12,1,45,13,5.12264575936866,2.8739265735885238,0,0.0,1
0.02627631084086531,0.01492012552785114,25.733058018227517,10.316828478172324,4.17009499187626,0,0,1,0,4,0,243.9023848812823,0.439204930446297,1,0.0,0
0.394871529573948,0.08755516124150205,22.777253671403415,6.787423752679439,1.0781413200724217,0,0,1,0,1,1,47.10768741598426,0.6150867612639921,1,0.0,0
1.900857496020734,2.1320939793150853,0.0,0.2103919648625864,14.705689380739896,0,1,5,1,18,14,21.254074159574397,1.721235997143014,0,0.0,1
0.10183469439218262,0.1958810510317734,30.428079597495383,9.255279143573283,2.24176688988431,0,0,2,0,0,1,114.96132873938244,0.19323927921027326,1,0.0,0
0.1173350482878449,0.03908111974819514,21.20631523182773,4.82885904625825,3.203460056900397,0,0,2,0,1,3,30.0,0.06293819895967022,1,0.0,0
0.3746067057769169,0.02964241720142368,29.48678396951179,5.496326150740324,3.1184694114433436,0,0,1,0,2,0,183.68853038926352,0.09201740594790889,1,0.0,0
0.13070726975967975,0.012959108523907895,34.02874007778619,11.217899902534231,4.348018508653876,0,0,1,0,2,0,203.4824939712376,0.2373295458664207,1,0.0,0
2.7297008417303914,2.2104116371838614,190.0,0.07075279529444556,16.223244798396635,0,1,15,1,32,7,9.421187386427846,1.5,0,0.0,1
0.08011201686578992,0.034673349686054115,30.066996779731845,7.547964504802113,1.2327274276400177,0,0,1,0,2,3,77.48888454857641,0.554745236682386,1,0.0,0
0.16633635062591987,0.25700311853483215,29.784126792685687,8.390507208647568,1.8858297322395192,0,0,1,0,3,1,173.88420946911654,0.22839782722141924,1,0.0,0
0.010363303660684754,0.12998261333398176,23.280450530168032,9.568125912633903,3.449413768996868,0,0,1,0,3,2,169.9278566099809,0.0699786504399155,1,0.0,0
0.02752720923947769,0.022569787131846982,13.290457168848278,9.412406638303487,1.6973389563244503,0,0,2,0,3,1,50.6673215821742,0.3127828074374767,1,0.0,0
0.08425188147017496,0.1074563570206999,18.373406142085813,9.264262551781608,3.7978387330904715,0,0,1,0,4,1,100.72027853047375,0.13743382526888867,1,0.0,0
0.0049897742300750916,0.2316092690796259,31.518041596452026,10.229169583503541,3.684170406340632,0,0,1,0,1,1,30.0,0.00046925804680561837,1,0.0,0
0.05577309891665867,0.16266515933513684,15.815754842974826,3.18983596424102,1.0620775073969158,0,0,1,0,2,2,30.0,0.12791134650160887,1,0.0,0
0.0018617548157297968,0.10465143745343237,24.74905180805553,6.055548560816092,3.500660849460031,0,0,2,0,0,0,30.0,0.03017494620881287,1,0.0,0
0.007735832749990395,0.022617763140026673,26.822623334106677,12.144785665102795,4.933605706171273,0,0,1,0,1,1,213.49369229594157,0.24087987138599387,1,0.0,0
0.5272876669819805,0.07255845149098125,35.30856055643553,9.474626326106632,1.0275962603893787,0,0,2,0,4,3,831.0550108471978,0.2673885348948871,1,0.0,0
0.31123002689703066,0.11202354613520127,29.034937221343156,7.700607018328018,1.582176481190619,0,0,1,0,5,2,274.32813884953015,0.11983589970566635,1,0.0,0
0.08291291341919231,0.02338810351973054,26.32348122569642,10.087278588660206,0.0,0,0,1,0,2,1,197.12656051839897,0.16193566515726668,1,0.0,0
0.051246451378254496,0.011916908107418236,34.626300236502644,8.532073326026957,0.33661328864046713,0,0,1,0,1,1,107.30769324169702,0.2785746879552909,1,0.0,0
0.0564637945536437,0.13180356094660672,30.05353410612852,10.062017909214303,2.0952640643767153,0,0,1,0,2,0,50.85743125103712,0.23281861426271777,1,0.0,0
0.01956896362272946,0.015495449127928423,36.457497005495384,9.079622391133238,2.3191964446421203,0,0,1,0,4,1,539.3985955171004,0.07237094927408215,1,0.0,0
0.014713638815232823,0.30719839312964853,23.134758497893202,10.806655526793778,3.338379903763957,0,0,1,0,1,0,54.19066035047671,0.005250306559783009,1,0.0,0
1.6275367744022156,2.492088708723006,0.05,0.2281357648837239,14.931376227774415,0,0,5,1,45,7,18.791151071008475,5.5466201423362484,1,1.0,1
0.16964060973798192,0.03633641528580226,19.611882612756613,9.376047210656195,3.0851889161343613,1,0,1,0,0,2,239.90320609683138,0.1287624036232321,1,0.0,0
0.21449273446831718,0.012660882140923629,9.416829818931241,9.344028718821388,1.5498765267061083,0,0,1,0,0,0,30.0,0.01372135300415228,1,0.0,0
3.5183454793862485,2.3534017770489464,85.0,0.19529176885607952,15.899172812442448,1,0,15,0,60,14,4.530914397808618,2.762558495841781,1,0.0,1
4.054531981807674,5.532238594641882,85.0,0.1585819986479111,12.017944439574569,1,0,12,1,18,6,19.144524772751865,5.787583924703899,0,0.0,1
0.03208940252586667,0.03299903053601058,22.725829212989925,5.4827810912405806,1.5854361367513066,0,0,1,0,1,2,365.4805923241123,0.03647339491681223,1,0.0,0
0.13588135238652274,0.12200620019533127,24.39850959256433,8.587287273759175,2.277553970159862,0,0,1,0,0,1,144.18165485963544,0.5957335744380677,1,0.0,0
0.1897082720609002,0.04735410937749717,24.973577581694784,6.2410288448091915,2.2457850173811904,0,0,1,0,3,4,66.30821455102318,0.24791753497340913,1,0.0,0
0.11973509516291117,0.006605303670891005,29.507630065161404,6.965305028123671,1.287959344581977,0,0,2,0,1,0,63.24947282148396,0.06314284113753785,1,0.0,0
0.19745190421495187,0.0031484757370068878,22.263087493295572,8.48707681184192,1.9919999517237186,0,0,2,0,2,3,198.71705252139384,0.13103072795354048,1,0.0,0
2.27757820724191,2.7046607795794433,0.05,0.2336186986627207,16.620043536365927,1,0,6,1,18,12,12.657648129939139,3.545679064279128,0,0.0,1
2.057901021049061,0.8,0.05,0.029188636357305314,12.170487293282294,0,0,12,1,32,10,23.09885863149609,5.358327846310367,0,1.0,1
0.3629531588918916,0.06420638627227582,26.934495933429602,7.162443522437755,2.48052966252196,0,0,1,0,2,1,45.964237137151756,0.05592204451536788,0,0.0,0
4.633876016981364,2.5519548250266366,0.05,0.12489831715945945,13.203798399194003,1,0,7,1,60,12,20.015315935970396,5.755269049423284,0,1.0,1
0.09339070011589205,0.011378013017613417,24.48287747590477,5.874174046483522,1.9281868571489653,0,0,1,0,2,0,184.1234778225235,0.06541404236244469,1,0.0,0
2.6483820801138163,1.6907993893439361,190.0,0.12965558167071523,16.778550568461966,1,1,15,0,45,7,6.098480248881013,4.940584963340052,0,0.0,1
0.03426233117804169,0.015071354484727776,16.6766082272624,9.906987045422344,3.6716594366486115,0,0,2,0,1,0,385.65845849380224,0.010679825850803962,1,0.0,0
3.7958038007118837,2.7652868470242327,0.05,0.16061919827962837,10.845021179934783,1,0,12,1,32,7,20.148523502797236,5.118549434194592,0,1.0,1
2.1643444624024224,2.7553449634953022,190.0,0.050686226526886174,9.862042569765126,1,0,8,1,45,12,3.6065114978985306,4.143957157361578,0,1.0,1
0.06692626594271532,0.0024384047165667898,26.307358113140097,9.128578630957414,0.21301099018920766,0,0,1,0,4,0,147.72424793873375,0.2867520587045477,1,0.0,0
0.14294896138246158,0.026495007792755595,6.894169305533861,6.189007915742472,2.0626561449357967,0,0,2,0,1,1,747.4199681307359,0.12066028411201712,1,0.0,0
0.11687471668703772,0.049798846821548434,20.485942967141366,9.43076815363835,3.172251512984841,0,0,2,0,3,1,217.63411559760272,0.10338149328669118,1,0.0,0
3.966476260947041,2.214225152581328,190.0,0.0034703970141897744,23.920271005305764,0,1,7,1,18,6,24.39207647086802,3.0810741966348942,1,0.0,1
0.43514290340648126,3.282989047330103e-05,20.60567434912263,5.883493489151257,2.227421267937715,0,0,2,0,2,0,180.030075885632,0.04839772562233864,1,0.0,0
0.14247397811729687,0.05999088474542295,23.629316622813697,6.184132600537388,2.1719208489074453,0,0,1,0,2,0,174.51506240719348,0.0787600697419081,1,0.0,0
0.41810440497218354,0.02941368150903728,18.362672979641477,10.320922204903683,1.1747294548037983,0,0,1,1,3,1,361.1831546939411,0.3371605972943028,1,0.0,0
0.13176019412952783,0.20313499095833673,21.88387036674123,5.86686041422557,1.6916215307663531,0,0,1,0,2,1,58.22374326193494,0.028496864926314598,1,0.0,0
0.0006625214324771727,0.01401623785345314,23.65777301828793,8.283332233510821,3.721692612135142,0,0,2,0,3,1,93.77655509943334,0.1417792576861075,1,0.0,0
0.0737504360844837,0.003261424119605754,23.747731072068543,12.720685304192756,2.2862782230818843,0,0,1,0,3,2,203.26616164810042,0.21987934403538156,1,0.0,0
0.10044661271118628,0.08582384753419374,15.459173162685657,7.046010348565886,2.1299189044112796,0,0,1,0,0,2,779.1820223670405,0.40748606324904335,1,0.0,0
0.120912267569408,0.21314315836714193,22.333097807806233,5.414355701925575,2.1425862920955745,0,0,1,0,1,1,289.9436045863736,0.006167496349215367,1,0.0,0
0.04704594795410812,0.17413937178838715,27.838493915101832,6.568700720785399,0.5997547712488234,0,0,2,0,2,2,70.65736968876791,0.16837426306616718,1,0.0,0
2.5472435314913553,3.854123880166516,190.0,0.12383267037193055,13.106335184381656,0,0,5,1,18,13,17.03545008388955,4.819725257337773,1,1.0,1
0.020420132802065144,0.05045259518286123,27.591281347762333,3.3651281805220004,1.6228442171887272,0,0,2,0,1,1,87.4517394942695,0.1051778915370194,1,0.0,0
0.05016060898826135,0.050958038357425364,16.685456418855615,8.04647840669971,1.5662870933089776,0,0,1,0,1,1,30.0,0.2596353700645832,1,0.0,0
0.17421963120579262,0.011504199739331863,33.39941307949604,7.455856191003281,2.6611380133380367,0,0,1,0,3,1,30.0,0.06378237466064168,1,0.0,0
0.15474293665321026,0.05507658434021636,23.0610710291814,11.300199623655628,0.739025241091396,0,0,1,0,0,3,296.26851351790464,0.33268648385803046,1,0.0,0
0.11620787604728156,0.08153408883361321,37.12666125272703,8.393896016149787,3.0541831646373074,0,0,1,0,1,0,764.277604782071,0.14204667164380433,1,0.0,0
2.5906492089531534,2.629270826743393,85.0,0.12315552351425624,13.022333668209864,1,1,6,0,25,14,17.774215847516235,4.506232907152676,0,1.0,1
2.052569913922773,3.483332492772714,85.0,0.23775620492463695,13.170316637515956,1,1,6,1,45,6,19.108494422948894,4.474139284833439,0,0.0,1
0.05328820942519843,0.0010986978526926594,24.879729284944588,7.381548404089578,3.076178733604915,0,0,1,0,1,0,30.0,0.3780417122526331,1,0.0,0
0.32388220338565415,0.16181592522201857,18.59514366972836,9.63466095397326,3.099073062553966,0,0,1,0,2,0,75.49069459678212,0.15019082855756938,1,0.0,0
0.022044002545784137,0.010742981854268576,15.965052539241915,7.764273412607032,2.0745340002222434,0,0,1,0,0,1,68.67121518170194,0.4188737284866916,1,0.0,0
0.011239636636920833,0.2693852367189878,35.58366207933996,7.360739846907245,1.960483457768439,0,0,1,0,2,2,64.31859485508396,0.05442010773308562,1,0.0,0
0.5817915918432283,0.17917631410578505,29.29009562872663,6.202833369522523,0.7268386058401011,0,0,1,0,3,1,37.929136311521226,0.20810128850488097,1,0.0,0
0.34601565447844973,0.308858329130977,24.438820231135185,11.747687488538514,1.7549349129567393,0,0,1,0,2,3,66.94367444872002,0.008984406131477591,1,0.0,0
0.09892323847234566,0.00785491586073047,20.297200427336307,7.171464270082836,2.2863784830010943,0,0,2,0,1,1,94.666759274651,0.7230023799275338,1,0.0,0
0.1478694385091173,0.06935652235524559,28.956273582149123,9.072546673554886,1.14766632154689,0,0,1,1,2,2,30.0,0.3005125489952457,1,0.0,0
0.17175898563606892,0.038639895365808224,23.11305951105065,8.631862217157801,2.2502617376454728,0,0,1,0,3,1,148.58544765589502,0.39616786256034114,1,0.0,0
0.19535627288886676,0.04865296231618405,20.869517733240254,5.015892116456339,1.3284893946989236,0,0,1,0,0,2,186.04688299280463,0.31190625894907953,1,0.0,0
0.07453932718795231,0.17729342683652394,37.31931447165178,7.913137195373375,2.7310375253855357,0,0,1,0,1,0,64.13714856556989,0.09081182852737071,1,0.0,0
2.367407198343165,1.6741006241838357,85.0,0.09403771949123374,10.512565638319794,0,1,8,1,60,12,2.97706131017516,3.4558315178159065,0,0.0,1
2.428599364692629,3.214181717002014,85.0,0.10360785968357294,10.4956724281665,1,1,8,0,18,12,2.553122280994997,3.52979167954436,0,0.0,1
0.03959557406534988,0.03150308419076636,28.300776446475382,8.900188118256787,1.9972916731516503,0,0,1,0,1,0,118.70640578689516,0.1977899451472482,1,0.0,0
0.030525896844327043,0.44633764899893386,22.841468211392865,9.04388118188108,3.2195329359482585,0,0,1,0,1,1,30.0,0.13025578658814696,0,0.0,0
0.09301198823594063,0.026493760442493276,32.84493295258032,7.992580529867203,0.7144344062888894,1,0,1,0,2,0,219.61413015093535,0.9,1,0.0,0
0.13508846227021207,0.054159369748914145,36.564680138792504,10.960968712716705,1.6255450852986206,0,0,1,0,2,2,283.53556647769415,0.05245492082191155,1,0.0,0
3.2738825240310363,4.503424792350464,220.0,0.23891951516834142,9.135115835201676,0,1,6,1,18,6,18.874782571865854,3.726961031544547,0,0.0,1
3.2425621422504096,4.188024035164158,0.05,0.0007165165091695125,12.557567030868654,1,0,7,1,45,11,11.743207419138066,3.8336438467866993,0,1.0,1
2.1052229626927708,3.7265672020594316,85.0,0.1402682245235113,11.46420364074534,1,1,15,1,32,9,2.7534145888821078,2.9047749071964515,0,1.0,1
0.0711771895300261,0.004695322257625561,30.969529237030663,10.307782801272003,2.3995845532077595,0,0,1,0,2,0,200.75338776572124,0.08226121749827918,1,0.0,0
0.06050192172297435,0.2474458285901196,14.191861340388629,7.649614093454232,0.8728674163181565,0,0,2,0,1,1,82.63454287598417,0.06015338133822188,1,0.0,0
0.030861855345229682,0.026821336865151396,15.451543906033905,11.558202013346495,0.9464773796839685,0,0,1,0,1,0,108.9298014662649,0.04404997540212302,1,0.0,0
0.011901412717068079,0.26086022905033057,25.31399323251662,7.937079840223409,2.277372951557882,0,0,1,0,1,0,47.993016693958296,0.38859782627493766,1,0.0,0
0.14237385836509456,0.06247355985759997,29.71607013447004,10.418506752898077,2.3425309897295934,0,0,1,0,1,0,170.0030348397306,0.1301617793286561,1,0.0,0
0.15104199118236547,0.1613994739658517,23.596653769032855,7.675677709903573,1.3318508084832639,0,0,1,0,1,1,60.64708100835003,0.20802094091314294,1,0.0,0
0.20208897936678047,0.01534942069967658,26.80667906880413,9.296465569384544,0.8413449026770836,0,0,1,0,3,2,30.0,0.301718348346039,1,0.0,0
4.29124075662792,1.930705830295339,0.05,0.2436073818604139,12.08464249970898,1,0,8,1,45,13,13.421362053947673,6.165583645723219,0,1.0,1
3.7742369207685726,3.610879724652522,0.0,0.18543500254403508,9.766864428478662,1,0,6,1,32,8,13.859558781167417,3.9167025652463545,0,0.0,1
0.020354984455481555,0.16300237764750578,33.78844013642311,5.243491904569652,2.4343769220283678,0,0,2,0,2,1,40.332471746452626,0.043563812841803704,1,0.0,0
0.07917470302420561,0.015454970519435689,33.18261208672003,8.537592383970983,2.00934717636573,0,0,1,0,1,2,153.48964534895458,0.2801535108934616,1,0.0,0
1.6760015978946605,3.774846954691586,85.0,0.17244464508592983,7.843296517386488,1,1,6,1,32,13,19.138943725602,5.74943290532438,0,1.0,1
0.15834106760391245,0.02664744732519608,26.870632856106507,6.868587903801312,0.9107755081267375,0,0,1,0,4,0,160.03983111740231,0.1371909819492637,1,0.0,0
0.07670314293128919,0.0031293388430907575,22.931008429493087,2.7484531447434497,3.000803043382552,0,0,1,0,1,1,30.0,0.3502053077812801,1,0.0,0
0.027261666349006362,0.04050570174808217,34.51706444748563,9.790366992961804,0.42724959430851106,0,0,2,0,0,3,37.564690170741834,0.014199834688559412,1,0.0,0
1.6715466397019672,2.918758860750681,0.0,0.20825749136011915,7.005530870794498,0,0,12,1,18,6,18.379363464742234,3.456307435974896,0,1.0,1
0.13008624040596314,0.052597272302588566,21.80451006462902,10.413098923574537,3.6534401088258432,0,0,1,0,2,1,97.29786688507,0.022489431667469223,1,0.0,0
0.07062255765361306,0.0002501227098931086,35.60595239412602,6.035091218339549,2.0717778262376934,0,0,1,0,2,0,30.0,0.7194749890991213,1,0.0,0
0.04414896163391309,0.42645749649590187,29.454761059426367,9.153341843084336,2.0935454593861462,0,0,1,0,0,1,191.29989576411296,0.1863073696529879,1,0.0,0
0.6326318372083998,0.04290613254672009,28.84793344597848,11.453487341576581,3.304940204008033,0,0,1,0,1,2,294.262581224989,0.37368592695659153,1,0.0,0
0.22812068622499276,0.07848587386530229,24.64661335224264,6.934266979405018,3.722709710720728,0,0,1,0,2,4,69.43247454988531,0.5112701647531114,1,0.0,0
0.08506565153939627,0.01621414301537878,19.193654973286684,8.358960894545161,1.8185761388819006,0,0,1,0,1,0,30.0,0.0008668310833799836,1,0.0,0
0.2379768772421168,0.0833805528986156,29.34698402889066,5.489441647677118,2.7939458036321723,0,0,1,0,1,1,33.316870820168916,0.3884024831935184,1,0.0,0
0.014874962468268273,0.014921080007798734,14.216325068700222,8.12188415829525,1.387265824985243,0,0,2,0,3,2,163.8549732772208,0.1960129502511875,1,0.0,0
0.13013446696769226,0.039687079277471116,25.653734000737238,12.466545311841521,0.7063744639177061,0,0,1,0,2,2,470.95171989435124,0.04254997536006543,0,0.0,0
0.013102019655170891,0.03509674146933113,30.585546123413682,9.447463321537315,1.3385458900492293,0,0,1,0,0,1,246.68504175052666,0.04127565458203408,1,0.0,0
0.2739977828173956,0.15948437587877984,23.371437135523504,8.680083167733917,1.9473881266436244,0,0,1,0,2,0,663.8705607572439,0.009172012721394862,1,0.0,0
0.07354009757789459,0.2184507128652589,17.605569724330497,10.277880011186074,3.3537098399765113,0,0,1,0,1,1,61.649331510191864,0.25075648471745227,1,0.0,0
0.09491161531269642,0.0325431191954641,15.65984908581333,7.022569468915227,3.245821554963504,0,0,1,0,3,1,112.64388309152311,0.060284952864875466,1,0.0,0
0.30190532551491517,0.17913807198456827,18.29900308610275,8.178670303250557,3.7165403158774715,0,0,1,0,3,0,404.25601983323935,0.22696858841183187,1,0.0,0
2.4745230235686244,2.477273517496328,190.0,0.005541933397856497,11.592542540767875,1,0,5,0,18,7,12.884996608486361,3.610596669356971,0,0.0,1
0.21415083564146686,0.04185991548407195,19.72390121546966,9.839736075809643,1.0646027400177065,0,0,1,0,3,3,466.30355287081727,0.14782348336823423,1,0.0,0
0.33143059770155625,0.017942670021896225,26.572910341706773,8.885597585012537,2.3345576345378802,0,0,1,0,3,0,179.5725673609256,0.35996932221351713,1,0.0,0
0.44763331014430136,0.11115682336912032,21.344678573978214,6.95063188467231,1.585613283890965,0,0,1,0,3,2,171.38169809715993,0.04642257317608072,1,0.0,0
0.11302623615878382,0.04993035190309538,24.88469995743454,7.080314681110552,0.3250836020817789,0,0,1,0,1,3,71.76650430004449,0.04630935772316915,1,0.0,0
0.09911610444422682,0.08564810167427203,4.762074464983119,12.023003786984006,0.8811534818686262,0,0,2,0,1,2,420.3427306168648,0.39005165067390096,1,0.0,0
0.05043912194292695,0.01676663840820709,24.962439778098155,10.497453140166197,1.3001850563420259,0,0,1,0,2,1,199.6052290233808,0.4413731608997785,1,0.0,0
0.05003626567826399,0.05164843786727194,22.351216352007093,10.803030291866001,1.9968241432328686,0,0,1,0,0,1,427.18998706684744,0.015788766534173347,1,0.0,0
0.00847472641755154,0.036361193882262055,29.35076826455656,9.485899620933939,1.070073390130839,0,0,1,0,1,0,155.25624384418012,0.43786052907184336,1,0.0,0
0.029491397681949076,0.10967494458560134,17.781003392632197,9.28908806863335,3.59957012207059,0,0,1,0,0,2,43.219948193277176,0.07947082496792854,1,0.0,0
0.2108873616153698,0.23999722701198833,19.948987804285235,12.166228296796898,0.6587901881329528,0,0,1,0,3,0,310.3272771249352,0.3028264883909535,1,0.0,0
3.3910260672381742,5.289480546223251,220.0,0.10987588608863164,12.68432013964601,0,0,7,1,18,11,20.20137176639967,2.3151652281866286,1,0.0,1
0.21866280557638287,0.06018207811485123,30.294221159702857,10.549547601330023,2.1244375979069443,0,0,1,0,2,2,244.57351059659317,0.04728022352458706,1,0.0,0
0.01798671090025737,0.5,44.00926672471132,7.68467884286813,0.24524158172374144,0,0,1,0,1,2,175.03511871174587,0.11007705890452696,1,0.0,0
3.9397740970751993,5.078093612643832,0.05,0.04116507044648954,12.279486635885362,1,1,6,1,32,10,10.08136677934689,3.9952270867559085,0,0.0,1
0.06789230720624771,0.014612946361721307,17.84358600024298,11.017522479520137,2.391886628942112,0,0,1,0,5,4,77.62095465525981,0.47511067709768895,1,0.0,0
0.03409829334973758,0.1677286840291133,27.364685646885313,10.168110903698738,1.4616505424890232,0,0,2,0,3,1,325.8733448686917,0.09831554234112148,1,0.0,0
0.1699165468469008,0.1016831077158788,26.22585367539877,6.222434126047574,2.359521062140472,0,0,1,0,1,1,83.1238476462694,0.2194815905529394,1,0.0,0
2.2714042106162373,4.220299664414934,0.05,0.24988748714175307,14.419646085072717,0,0,12,1,45,10,2.627310076005462,3.3215848305809828,1,1.0,1
3.845053816424235,4.343734480072687,220.0,0.22814711524480263,16.582388552334454,1,0,12,1,45,13,18.001482747798864,3.2358755241360364,0,0.0,1
0.005948557894818224,0.06238469510769571,26.71969970208548,8.820518573283332,2.1433988430335305,0,0,1,0,1,1,428.82233758035755,0.014339574015145776,1,0.0,0
0.02464331804132269,0.02719128513970695,27.36477394193531,10.064932043749348,3.2121067127178047,0,0,1,0,3,4,130.84645138267612,0.11500685418054035,1,0.0,0
0.02404815294198382,0.0013645963722345442,32.10089176401699,9.892379431652492,2.0148160099305055,0,0,1,0,0,1,84.23862445789429,0.1206953521263937,1,0.0,0
0.004915997983550984,0.020738518017012632,28.7763955745502,9.479622509588026,0.7448018850841693,0,0,2,0,2,1,31.904945296213892,0.05112237239195269,1,0.0,0
0.24324127518348032,0.22599844146047307,33.22672578688478,8.525308928297308,0.7475888155144554,0,0,1,0,3,0,69.87494781225938,0.02438833365191971,1,0.0,0
0.018497121805226602,0.03458280028379763,23.55516680256427,12.129298334646155,0.7173033773896333,0,0,1,0,2,1,190.5537187370539,0.11832201879325964,1,0.0,0
0.5092844379138312,0.09025936426874782,22.234150298246313,6.70411602871954,2.457671611193586,0,0,2,0,1,0,390.20601672083194,0.11651134250484636,1,0.0,0
0.006387310085546729,0.003241697145086498,21.12140977903332,8.200638104169366,2.4778118462693843,0,0,1,0,2,1,30.0,0.2519817346738202,1,0.0,0
0.3072961738339359,0.03730096364311033,28.85382815786024,10.845395154370134,0.829564242502498,0,0,1,0,4,0,30.198817729693147,0.06860347876300411,1,0.0,0
0.17405988882145684,0.019994699018362604,29.587805398795812,9.389749833354246,1.7246774719128461,0,0,2,0,0,0,240.3414039292862,0.030339709331063128,1,0.0,0
2.9734814944738646,3.3120099278458297,0.0,0.1661789294173934,11.913176515003569,1,1,5,1,25,10,17.55341981539742,5.437895858651818,0,1.0,1
0.006754505000163838,0.049640599630352174,25.80057612842725,9.004462959838596,1.9979026826170552,0,0,1,0,1,4,228.4536763323792,0.32903917546696543,1,0.0,0
0.03537872051642752,0.07649080566541702,26.59740768864357,7.6781298468522765,0.5532093461701353,0,0,1,0,1,0,79.64877847895391,0.30138005682008423,1,0.0,0
0.3798112085276108,0.13291750387907764,15.299860926184996,8.42269646234535,2.6102442577895193,0,0,1,0,0,2,186.3410785960552,0.4106454661652458,1,0.0,0
0.15849284190817625,0.1812510872242589,34.7152870575628,8.86222457777886,2.7561151761751814,0,0,1,0,2,0,30.0,0.0037715121022929943,1,0.0,0
3.8310979477337157,3.121805168885197,0.05,0.17508395994525505,24.664175095304905,0,0,12,1,25,13,1.3223901301738321,3.406305054178453,0,1.0,1
0.051372313731013405,0.29333597436086434,22.038440083753162,9.404992912205365,2.1555250375836565,0,0,2,0,2,0,275.6565943566269,0.08890095540496795,1,0.0,0
1.1112809463303703,3.920996265184412,85.0,0.03967949438203924,18.007890503739304,0,1,12,1,18,12,14.62619831125162,2.845665124171504,0,0.0,1
0.04202262783643504,0.0214895602171454,27.81221260998894,8.074620531389762,1.696958179052925,0,0,1,0,1,1,69.07328608656196,0.049543932767985396,1,0.0,0
0.18516961281734842,0.07349492697107282,29.507904932452035,8.09911003464555,2.942174303593869,0,0,1,0,1,1,271.1599556090159,0.06835204156823142,1,0.0,0
0.23656139662557998,0.022987282900030225,26.41933679757507,8.427105359483924,1.63759756631192,0,0,1,0,1,1,308.08377432453176,0.05488472702909746,1,0.0,0
0.2774688616573415,0.12415384048954518,13.600042139893093,5.606234066478594,2.222863996210293,0,0,2,0,1,0,320.4916199119941,0.03959371144209342,1,0.0,0
0.08757934804210532,0.1867240026696835,36.513153936574234,8.457275255117047,2.024625988556797,0,0,1,0,5,2,44.953638912652,0.23595479606730974,1,0.0,0
2.0260057997090777,2.652674321788684,85.0,0.2339670732083893,15.405119937274254,1,1,5,1,18,7,13.811917016884726,2.1395716121491084,0,1.0,1
0.0030619441145269288,0.013355171350326116,12.352868790917771,6.051200453557941,1.9735744786329372,0,0,1,0,0,2,420.77746512075686,0.016345690269335033,1,0.0,0
0.048819825352572045,0.08288482790086357,10.904882360964772,6.190726102230544,0.6944875624170284,0,0,1,0,0,2,527.596734386508,0.05780256364333491,0,0.0,0
0.19469407313107753,0.011052408340328461,28.042129077648163,10.41901611404666,1.6128827264201955,0,0,1,0,1,1,72.01599916335977,0.44949339933876065,1,0.0,0
0.011727136856992887,0.03229803242892179,18.64693659870823,7.597249537837313,2.9269996287341686,0,0,1,0,2,0,118.51662900571452,0.14272136229926888,1,0.0,0
0.10769856919056897,0.12948874728653734,25.947634422814772,9.571713884977276,3.128906595877223,1,0,2,0,2,0,30.0,0.42050685527201426,1,0.0,0
1.5572941141139858,2.5953126365720594,0.0,0.0005298681790779358,11.876478128581162,1,0,12,1,18,12,17.235437816473755,3.574163270750609,0,0.0,1
0.0787345653634233,0.02765303047510222,28.417899271506975,9.126286046267065,0.8701119120972489,0,0,1,0,1,2,51.166117775031886,0.2171863530703921,1,0.0,0
4.137355740046732,6.395361218302371,0.05,0.027584277896553627,13.01540176445734,1,1,6,1,60,6,14.440740868600436,3.1593467997269866,0,1.0,1
0.02773106476141159,0.16303073705955137,33.33742777372693,10.267249097941944,2.1557519078312803,0,1,1,0,1,0,114.03268695479133,0.15270263822214125,1,0.0,0
0.06159178738223492,0.027431194744007903,12.088828391915001,7.994239868443252,0.6320646139086576,0,0,2,0,2,0,308.6988666926956,0.004784727975439002,1,0.0,0
0.09094907287506251,0.0008455103121316336,34.65782726289086,11.421360664258273,2.0123900761940074,0,0,1,0,2,0,97.85950389494212,0.13205952534360577,1,0.0,0
0.17345063956018922,0.06785856768606205,28.66364213721412,10.357702492100447,2.2489346118611167,0,0,1,0,0,1,62.89583061791222,0.2932664816994392,1,0.0,0
3.5406610552411175,2.358507648099075,0.0,0.19152938660892194,17.661520785072888,1,1,6,1,18,13,2.1768526138336934,3.091834658511853,0,1.0,1
0.2482696876838868,0.04133676434007707,29.222909548899768,7.165231891279744,1.8130284871827183,0,0,1,0,2,1,208.36375660075046,0.30648648030253794,1,0.0,0
1.9702405866275583,1.6188256861524994,220.0,0.23169334484523288,12.656065453425947,0,0,12,1,32,8,15.306585407702325,1.5,0,0.0,1
0.04199635312560588,0.1796204516715876,21.038552580949514,11.565956495062169,1.0208195637224007,0,0,2,0,1,1,67.71869788925427,0.3875590714593817,1,0.0,0
1.7327433979852949,3.2663924366119597,0.05,0.17959300999129188,10.501923808699095,0,0,6,1,45,7,20.15006829323149,5.448141662677586,1,0.0,1
0.040633092770139115,0.021833477858252928,36.45066835927679,6.4788187936828106,1.1996593679640504,0,0,1,0,0,1,160.8025675915352,0.02267131665868344,1,0.0,0
0.19582485153438256,0.0350612641846215,19.318929615963256,8.838754939885414,2.968029607196348,0,0,1,0,3,2,30.0,0.6801418231686962,1,0.0,0
0.3002364037396653,0.016226071529098808,22.176151935757744,12.223829756300345,1.4811629571783118,0,0,1,0,3,0,454.23635698898784,0.04064530736789407,1,0.0,0
0.22355191329775068,0.10792282141429362,23.2619053942301,8.410160923691134,4.706687940975501,0,0,2,0,2,1,30.0,0.6570469788835668,1,0.0,0
0.043530447535257255,0.003390634097066112,24.077493754435917,8.694834686128624,3.9799483682905983,0,0,1,0,2,3,138.32264324334776,0.4025403658526246,1,0.0,0
0.037897909712313334,0.027397804181215193,29.88247095692265,8.535710602964349,1.2158372578066805,1,0,1,1,2,0,110.06090182916847,0.12012724332137897,0,0.0,0
2.7968541646224927,3.4268604397431663,220.0,0.04171162423685834,13.243723838354713,1,0,12,0,32,14,10.481297671204514,2.596846375777373,0,1.0,1
0.2346601413773498,0.03104882280933022,23.734220721711687,12.002818147497821,0.6911561579970016,0,0,2,0,3,1,109.97269877723667,0.10744596176031172,1,0.0,0
0.23717914458456793,0.02004604275279589,27.12479848687957,11.56556776953621,0.6665678545504314,1,0,1,1,0,0,243.81725479852625,0.29090977599500384,1,0.0,0
0.0877861663162379,0.004663359936862751,29.966215038749077,4.060021824887247,0.7830374231564803,0,0,1,0,2,2,30.0,0.030035648359172724,1,0.0,0
0.40234157294495554,0.03244134932979659,18.816303372879702,10.714545944007607,2.140180031001593,0,0,1,0,0,1,234.87745047813715,0.13229933514579656,1,0.0,0
2.9779263788544785,4.134175455205274,0.0,0.22727916324564532,19.203867201995564,1,1,8,1,60,9,8.349599714714735,3.5545825698585833,0,1.0,1
3.8286178305408187,2.3587770630798888,85.0,0.05968782090518704,17.09488223822885,1,1,8,0,60,6,6.265399108658626,6.078538143041935,0,0.0,1
0.1607446908508756,0.13325323414285994,13.295813193630158,8.593363468323922,1.6814333319391674,0,0,1,0,2,2,345.7611460689656,0.13009515791060006,1,0.0,0
0.033059406976674366,0.10152556051832207,23.604284088972456,7.790157292601533,3.813463857298551,0,0,1,0,2,3,133.0250342508354,0.5847198975951982,1,0.0,0
0.03356402443949055,0.004728368922910953,32.19679424606172,3.5586734342411983,2.775230728837754,0,0,1,0,1,1,40.15562895983336,0.8292620655213174,1,0.0,0
0.02497882685331102,0.017583331078081653,23.867325163710408,6.605154209963082,0.4386570169001114,0,0,1,0,1,1,134.85267209023743,0.13256174275440696,0,0.0,0
2.249446602571671,1.8768437788706456,0.05,0.07936183713778922,14.29528908848284,1,0,6,1,60,8,10.076257528460808,3.170730642990181,0,0.0,1
0.47551826557715654,0.0908204654682681,25.052660362538234,10.252091553343856,1.5450993318948667,0,0,1,0,0,0,122.51602591980863,0.1446645432436576,1,0.0,0
0.017593506147393436,0.024473275440491164,29.208723069699477,9.894365241585707,1.483269562478146,0,0,1,0,0,0,159.13800265693095,0.35677564095514286,1,0.0,0
0.031188646944500933,0.04784081851031382,27.60700848751977,9.003738896636051,1.7976999899128852,0,0,1,0,1,1,260.33901444418416,0.24788314981662596,1,0.0,0
0.018991453325431323,0.13005031184892185,33.95518902027392,8.624358459624576,2.5003332073206255,0,0,2,0,1,0,30.0,0.03794583857704788,1,0.0,0
0.11481078108865034,0.11379290680299907,24.96965074462392,9.198024537256158,2.697387478711935,0,0,1,0,3,1,104.62414869634584,0.05688284417701971,1,0.0,0
0.19581064844478915,0.06660603436810505,24.087934274360688,8.503311711243903,1.6909397414230303,0,0,1,0,2,3,133.17341765528786,0.7684683528061802,1,0.0,0
0.2732133779912457,0.033274573642292235,23.979392875245388,6.139003026004723,2.2685359302445747,0,0,1,0,2,3,33.89321874272609,0.339430493155639,1,0.0,0
0.06511315612155816,0.0036718348963992536,24.946723009535123,8.197401920460585,1.4289534221256583,0,0,1,0,3,0,32.40560560172873,0.15946176654267463,1,0.0,0
2.717381394151386,1.7917010664583726,85.0,0.24780713875534816,12.372130336146153,1,0,5,1,25,8,17.17370383846304,3.8803082300249505,0,0.0,1
0.1845599082873501,0.08037693587355159,18.193479404203565,9.948150101488608,2.4163962587438963,0,0,1,0,2,0,81.31103168468452,0.007964577272428608,1,0.0,0
3.6185800379672504,3.5145524879339503,220.0,0.06474577751079277,11.879066136556549,1,0,8,1,18,12,4.705299806484487,2.9362200983051436,0,1.0,1
0.015222880666719478,0.07423116178329517,35.708719231912966,9.120373033657408,2.78049752068786,0,0,1,0,1,4,35.71505555043996,0.0130785573256622,1,0.0,0
2.9109286504908995,1.7606740722187746,220.0,0.09124480671920096,13.075583758382965,0,0,7,0,18,10,16.800087850407913,4.318484296128829,0,0.0,1
0.12753541133077717,0.03738977218169742,25.417797596457664,6.923381470450073,0.8185587384226902,0,0,1,0,1,2,165.33555555967362,0.23158573069632699,1,0.0,0
2.3298382157836186,3.583986266203133,220.0,0.13185671544892516,10.172985118150073,1,1,12,0,45,14,23.174901080904547,3.2941459729423173,0,1.0,1
2.479425856415746,3.831540751419169,190.0,0.11213152577500682,12.132985839704672,0,1,8,1,45,13,13.668276735986788,2.957383757151812,0,0.0,1
0.04405725445935343,0.14426320420683975,21.71303976369392,6.8834723498661505,2.0974362869786587,0,0,2,0,2,2,291.65206877449737,0.15280720848916984,1,0.0,0
0.07175323482938675,0.22863041251951902,23.550802556138976,8.430375370484095,2.9805632589915354,0,0,1,0,0,2,110.48617733874333,0.16675535821610715,1,0.0,0
2.837627623164411,1.1397572901433102,85.0,0.22397950456280072,20.168044739576764,1,0,15,1,25,9,13.59108786639559,2.98379202091566,0,1.0,1
0.003851489608323853,0.12220047834818788,37.649344383487296,5.70131390442825,1.5291696234962182,0,0,1,1,3,0,103.06482442398199,0.9,1,0.0,0
1.333141393059635,2.490604826818517,0.05,0.24672458689052776,10.203568788014163,1,1,8,1,18,7,22.81055881182658,3.518349873163444,0,0.0,1
3.406280451318009,3.2932143772745937,0.0,0.010934204807762943,15.37941106612626,1,0,7,1,60,6,22.071780740732176,3.2282466780201613,0,1.0,1
0.055022735911716476,0.07669870195107496,26.736950367367747,9.54846035990406,2.1393512078989283,0,0,1,0,2,1,30.0,0.04958035351990341,1,0.0,0
0.46445711024164277,0.0562603341524016,36.80864864466832,10.565123440721106,1.521633283412062,0,0,2,0,2,2,120.64929747776628,0.09320795432048867,1,0.0,0
4.051752793950078,3.1545270101307614,85.0,0.12046669187324219,11.144083186083108,1,1,6,0,45,6,24.599014677113818,4.036428348583131,0,0.0,1
0.08780603191472172,0.02955971140896461,27.455023507469566,6.521690964014026,0.6462172392085186,0,0,1,0,0,3,30.0,0.26707591534899716,1,0.0,0
0.008352132782569533,0.0047620148601139395,38.337312154087286,8.977116141279094,2.9758146536025305,0,0,1,0,2,2,82.3511485786697,0.21008098097644787,1,0.0,0
0.059518918202805096,0.008155294089621228,27.26237083464721,6.332668333143813,1.9917676354304892,0,0,1,0,3,0,192.86471906787068,0.34373280983456445,1,0.0,0
0.05225842470271519,0.0006789929970686178,40.04486046399056,8.09248097301116,1.4319383856303993,0,0,1,0,5,1,30.0,0.08439971163429771,1,0.0,0
0.1003327588826881,0.020975560892395446,23.44406943542951,7.513801078047412,0.8064084359659822,0,0,1,0,0,2,165.57519209628884,0.21866353494773674,1,0.0,0
0.3067955698929033,0.02747170478513779,30.69481019508363,8.98765385323353,2.0057212810991225,0,0,1,0,0,1,386.76877521250145,0.16497983542705227,1,0.0,0
0.14742420493119607,0.00498719368806575,26.50641652123427,11.678893872209416,2.092531391741077,0,0,2,0,0,1,34.04176746375383,0.5953941531735282,0,0.0,0
0.05083706929992174,0.03025911738467654,16.641154293016122,11.476269254480403,2.0885034738178816,0,0,1,0,0,1,94.57574430003272,0.1798236860867895,1,0.0,0
0.45163405924228067,0.036838201513097836,35.83953318255575,11.445967155259659,0.09041723280309832,0,0,2,0,2,1,130.278141165449,0.13041600065825917,1,0.0,0
0.0030897328788136473,0.043814746588897634,37.57039135861295,11.585776211078237,0.8506954226098382,0,0,1,0,1,1,170.74120712984262,0.08220825885882307,1,0.0,0
1.2688135532249634,3.988125518368477,190.0,0.1371320848234952,24.20231612029636,0,1,6,1,45,8,19.732967810889807,1.5,0,1.0,1
0.04272656115343224,0.056725446413248816,44.426703432742485,8.168842054864811,0.9792597897917015,0,0,2,0,3,0,219.12878288812595,0.016247529203654045,1,0.0,0
0.03451496031554423,0.43785877358296693,22.990060139696126,10.650241497963513,1.99477340253718,0,0,2,0,3,1,123.44382071965973,0.0747140309456634,1,0.0,0
0.045737547771686045,0.006951287425174841,15.360750402667106,11.113108135469002,2.152133718864116,0,0,1,0,2,1,617.9924054502212,0.03361727464152981,1,0.0,0
0.03709785316986313,0.14084099962551666,34.664166740244575,7.401891137682268,2.0481921772598297,0,0,1,0,0,3,160.54624693509734,0.1978212830023007,1,0.0,0
0.1151996334449174,0.06762212123782078,27.135562518291824,8.541682964275545,1.3190331640870205,0,0,2,0,2,1,30.0,0.07651849395342462,1,0.0,0
0.023397731887037254,0.06198221616683908,24.867629031840316,8.008361746577885,2.2317927626259246,0,0,1,0,4,2,137.64623724163513,0.23291142408978685,1,0.0,0
1.8407050803142948,2.185792544270165,0.05,0.09133403207939755,8.046418032232896,1,1,15,1,25,13,9.459571396065828,2.797322171713641,0,0.0,1
0.18280668804223982,0.09259583697886128,21.60721998079149,9.632114917664135,0.335334014974487,0,0,1,0,2,2,30.0,0.1784459421464909,1,0.0,0
0.34179798682208146,0.030036631507824454,25.323422632673015,8.761084584856716,2.9502792834882796,0,0,1,0,1,0,42.583438363976185,0.05114609878116453,1,0.0,0
0.06509759393557868,0.10652491826136296,25.688031704021626,11.472318474037063,1.7913827633621269,0,0,1,1,1,2,55.4877465857997,0.07738816992441692,1,0.0,0
0.02845783126696333,0.01822408980611907,40.21811099151262,9.680724416229891,1.7458741768098964,0,0,1,0,0,2,200.1578845845428,0.010330897864381768,1,0.0,0
0.0031381055962575173,0.0867436953123466,19.1902047519193,8.824171385293551,2.307203945897872,0,0,1,0,1,0,46.53754246453132,0.04498578327260977,1,0.0,0
0.29411412582033997,0.040200859147477515,28.30876142607957,10.079464249264015,1.2745282906418978,0,0,1,0,0,0,605.1570283202462,0.2791605939352566,1,0.0,0
0.06518108959540578,0.019338735830865872,22.491760041328753,9.458238255565544,0.0,0,0,1,0,1,0,475.6288818014822,0.1168155931196627,1,0.0,0
0.11567237028266258,0.01659606544267392,13.788269779757622,8.344183907337364,2.388168033433942,0,0,1,0,2,1,30.0,0.1282070702724449,1,0.0,0
0.10177204044779041,0.06429734605292478,33.38985974218205,8.543253261187129,3.113521353458339,0,0,1,0,1,0,127.65119075922807,0.1701788486776633,1,0.0,0
0.12292261374433491,0.15984543465405632,15.271812357815666,8.994666603365047,2.3198879678544118,0,0,1,0,2,2,360.4089400254893,0.20351047190544158,0,0.0,0
0.12776574109441477,0.13544012925439566,21.1172064026742,6.618045477434566,1.018390735555942,0,0,1,0,2,1,123.30038044323672,0.3578914518075629,1,0.0,0
0.07445354876026627,0.12982464938918523,28.743168835719093,8.386987750681584,0.8646086761267686,0,0,1,0,4,1,30.0,0.4183482958185205,1,0.0,0
0.15897933299434816,0.04538787561896413,22.342353494132542,11.39400923517012,1.4148141474007154,0,0,1,0,4,2,77.45380937366058,0.2050564405045815,1,0.0,0
4.329161745555903,2.430996871115254,220.0,0.22850935114751827,14.07992973446998,1,0,7,0,25,9,16.527941519437096,3.8330539320888417,0,1.0,1
0.10683207267473735,0.10847991357719722,25.608724733704832,7.84388709864648,1.687505121858739,0,0,1,0,1,0,266.3976397335117,0.15418138677941673,1,0.0,0
0.13263167461860265,0.050827868418078216,28.239495032913414,8.173185538537375,1.531480070739948,0,0,1,0,1,1,30.0,0.0009399344726226809,1,0.0,0
0.024656045443740844,0.039351300976175334,19.201670916034058,7.821328311167878,1.6470357692577957,0,0,1,0,1,1,38.75761380554295,0.11035415232687013,1,0.0,0
2.1856260821667153,3.1092097861262338,0.05,0.2105415002368421,5.986166332090335,1,1,6,1,60,12,6.495621917951635,6.159539651667426,0,0.0,1
0.010231049456360192,0.053411228149773705,35.104377807391714,8.183360774809243,2.2279472620626093,0,0,1,0,2,1,76.43941991531085,0.3598239703306611,1,0.0,0
0.0158113653712628,0.05314066446746961,10.50012269880814,7.893827845775972,2.7373226156755406,0,0,1,0,0,0,30.0,0.19739510985009673,1,0.0,0
0.07535043547934886,0.024634583085763193,32.395981566398135,5.796905091471532,1.6612569882285892,0,0,2,0,1,2,263.0913845903857,0.3977105825095499,1,0.0,0
2.0930830944298444,4.7302032559385045,220.0,0.010932480973469522,9.475053736979454,1,1,12,1,45,7,22.247817985012574,3.790367400059695,0,1.0,1
0.07951950776023373,0.11418094323161267,18.888031981823797,7.754448411070494,1.5885434902335183,0,0,1,0,1,2,38.859075809574314,0.40789455030811106,1,0.0,0
2.846963256959919,1.9260493598822221,0.05,0.18930259377137607,15.025010159279969,1,1,5,0,45,13,23.76488172401933,3.8592133825556827,0,1.0,1
0.0181104703970717,0.0652593060988339,31.535315185627706,8.870793312935522,0.08216733820197675,0,0,2,0,3,1,234.77529890671494,0.4630996892509129,1,0.0,0
3.369331629986906,1.3430345229597909,190.0,0.10051635770602849,14.138128942523169,0,0,5,1,32,7,4.368724142124096,4.918394060846042,0,1.0,1
0.14235204129089765,0.009601819903534703,34.655426585289234,6.505712906428627,2.974118468233698,0,0,1,0,2,3,68.82523233190658,0.06103624316482344,1,0.0,0
0.028335078077674918,0.1532043359874957,26.262968010950765,9.404010737164896,1.6475472964621425,0,0,1,0,3,0,497.61094031547157,0.07026365879989074,1,0.0,0
4.029325771903607,2.526386659783368,190.0,0.21488873068363096,18.358036568714258,1,0,6,1,18,8,7.48386212359334,5.131474086702318,0,1.0,1
0.0522957162880439,0.019814306495177,30.10940274216175,8.60868058828375,1.5015359174591567,0,0,1,1,1,2,239.12883628296436,0.16787606136900526,1,0.0,0
0.08618941893603414,0.0927624409640646,33.25141346602424,9.587613307776236,1.4554588190449513,0,0,1,0,2,1,80.1088799977461,0.32962637549012075,1,0.0,0
2.8928067389933636,2.2930087686712044,0.0,0.0072224920635929335,11.013928948939936,0,0,6,1,25,10,2.24025059327914,1.9798275794647955,0,1.0,1
0.10472993158201,0.031492996421833,28.198158217402803,5.567923597102256,1.925171456680802,0,0,2,0,3,1,312.4186337742785,0.06401442280740095,1,0.0,0
2.790805565588067,3.1171453014619415,190.0,0.128475127053849,12.263122393002952,1,1,6,1,32,9,7.640387878740448,2.424298926551472,0,1.0,1
0.18481831616917113,0.24984900313867772,40.37864709005183,8.468444622200659,1.690147775309502,0,0,1,0,2,3,30.0,0.063244376952833,1,0.0,0
0.21916011793327697,0.2038038672022847,30.6705325751317,7.937412694660861,1.7431100160751112,0,0,1,0,0,1,75.58751845173076,0.07358459068328958,1,0.0,0
0.36047952070331174,0.07526346019918644,21.875223884434526,10.3552910636066,1.1957320785505827,0,0,1,0,3,3,30.0,0.40038358962851617,1,0.0,0
0.11390093766626781,0.007142219414759462,27.315592435029295,9.764046447234042,2.0320253433682174,0,0,1,0,0,2,389.62478504096623,0.09314947833401784,1,0.0,0
0.016809471103241415,0.014042081351307861,25.522582287671316,9.692599570922425,1.733060312860374,0,0,1,0,2,1,133.13193198956128,0.6533893164604248,1,0.0,0
0.00017698910764620695,0.042606334014345715,27.58412945421594,11.994118289107028,0.7642939759778762,0,0,1,0,1,1,157.76782822255626,0.1966126044058004,1,0.0,0
0.15819190451805615,0.10576102464013357,32.793238458346664,6.875237290619923,2.170447050412966,0,0,1,0,2,3,688.6317371665941,0.12379957145922882,1,0.0,0
0.11285904851791118,0.08368529571424733,21.595455290068465,10.893526449960877,1.3011338195580064,0,0,1,0,0,0,180.4958422136652,0.5933421159908396,1,0.0,0
3.610131450092261,4.470772931789546,220.0,0.1799144884168331,20.835229477324077,1,1,8,1,32,12,16.56970406794425,3.657897645372392,1,1.0,1
0.15620761217417267,0.044892062826326795,25.018070901147002,8.200067417658278,1.6812611004225206,0,0,1,0,2,2,141.98489130347087,0.31500012887671613,1,0.0,0
0.03254515100245944,0.14185207935786595,22.962066764488302,6.82762577092335,2.0543356594653925,0,0,1,0,5,2,81.62194480939182,0.06794141065649889,1,0.0,0
0.12280338629536233,0.004654043578162891,40.81208439781697,9.585549347825124,1.408625776608062,0,0,1,0,0,0,96.56284024240958,0.08385450131949912,1,0.0,0
0.10149380654417035,0.07918359776166155,34.14100678793713,9.510786752440927,2.1349071163381277,0,0,1,0,3,1,204.75196484380115,0.08769875852847912,1,0.0,0
0.005107934329962522,0.050396866172329594,24.384496935280946,9.620561787357907,1.3405731127836855,0,0,1,0,1,1,30.0,0.5604431617376647,1,0.0,0
0.25794739056843874,0.4320033951327751,27.24535873988158,10.034100436985419,1.7013346094203017,0,0,2,0,5,3,38.87888948417132,0.056940204327758606,1,0.0,0
0.2236200590222436,0.04781427467868313,22.711891424572816,7.031359995373252,1.0581972676750446,1,0,1,0,1,1,36.33469144370195,0.32730434326007535,1,0.0,0
0.028109231868043393,0.10227036143778262,25.268140280020315,9.542007793209805,1.5852721186536731,0,0,2,0,1,0,34.16310229732617,0.20714907920331074,1,0.0,0
0.1289119883261851,0.05345682564588468,25.574053359979505,8.407676112060056,2.9961047893171004,0,0,1,0,1,1,30.0,0.3534663144309537,1,0.0,0
0.15424088711872783,0.005775198235879152,17.699295622895384,7.179105263984834,2.5096631077101232,0,0,1,0,4,1,30.0,0.25712806588788817,1,0.0,0
0.08400062216571964,0.04768712022356343,21.79762938695459,6.254197687846334,1.7260075268369568,0,0,1,0,2,3,166.57264861381327,0.5108996083287124,1,0.0,0
0.05381794997477937,0.17303651331448516,23.377640264717616,8.793494944410451,3.3824186300071535,0,0,1,0,2,2,30.0,0.05792679494868468,1,0.0,0
0.1040954360505773,0.030919287610963162,18.868363616865004,9.76639035734383,2.889859488650935,0,0,1,0,3,0,148.3277652030779,0.20917864584566975,1,0.0,0
0.2728916818928703,0.005273626832572541,34.13801567731488,7.141556125563799,0.868910254831158,0,0,1,0,1,2,188.54738697544397,0.5998041882139388,1,0.0,0
0.1298156664495509,0.11731382633474294,27.991967533321684,11.364157207809127,0.5968615919110003,0,0,1,0,3,1,345.37237289787606,0.01732265529187488,1,0.0,0
0.00018795974976500978,0.10719890727890899,26.607327528238528,8.445195418266993,1.6939006066689153,0,0,1,0,4,1,51.006895091418684,0.07109077896537254,1,0.0,0
0.005407951339200606,0.06372858517877844,21.712143683521568,5.902516626779017,4.368393468235372,0,0,1,0,3,2,264.86035956502843,0.001194408690600128,1,0.0,0
0.17248964590317345,0.023317795822183646,19.125863519523666,12.012755975255985,1.6921040349615528,0,0,2,1,1,3,70.49187359427746,0.29918691952157567,1,0.0,0
0.08037332835121949,0.05470608411537614,38.4919122219751,8.574184683872911,1.5449912542788617,0,0,2,0,2,0,30.0,0.09744383793082816,1,0.0,0
0.14027531698811904,0.1499526933497833,20.68571517682747,9.409345481885161,2.0488311248084097,0,0,1,0,3,3,512.2362310638507,0.38094734657555906,1,0.0,0
0.01849595667209103,0.15720592331031072,33.789587369290345,6.951948699274788,2.690532462151185,0,0,2,0,2,1,30.0,0.08046097475306851,1,0.0,0
0.02115530576200938,0.08235169598718407,22.635979107582678,8.721672757384445,3.344959666174149,0,0,1,0,3,1,30.0,0.0760957760601344,1,0.0,0
0.04900655406852408,0.016417019399639278,21.505109783178778,11.207783718646851,3.017421669808901,0,0,1,0,0,2,516.2568810039196,0.3407637813191674,1,0.0,0
0.05025022654698968,0.008699671917968794,21.30152247406278,8.084175379867771,1.465530324158279,0,0,2,0,0,1,40.78009856623202,0.021273331739606233,1,0.0,0
2.071542990989804,4.929773023002847,85.0,0.14673630432691048,17.65440421906499,1,1,7,1,60,8,2.5275983646350415,1.5,0,1.0,1
0.06663253935800349,0.03380034788316288,21.155543609347156,7.436448598076725,2.2845119825216447,0,0,2,0,1,0,114.01534053541089,0.1156483732620226,1,0.0,0
3.0643947423843874,3.136148731453415,190.0,0.11926988127542609,16.088888697632694,1,0,8,1,45,13,13.544489302617052,3.5518660694011643,0,1.0,1
0.021746627691023236,0.13008790440743936,27.24480859793804,6.582171819988024,1.7130824240623244,0,0,1,0,0,1,36.88630925441292,0.1729482616014355,1,0.0,0
0.02920739543979968,0.06301129614432431,29.0398455494545,6.633057683149917,2.6306798620978804,0,0,1,0,3,0,138.0082499451129,0.029348493524375897,1,0.0,0
3.596412389753792,2.8223314962097366,0.05,0.19874569284507354,15.744360070461887,0,0,15,1,32,9,4.625381630618863,4.793008643270426,0,0.0,1
2.00554029697596,2.3822927971754666,220.0,0.12341026501121655,12.60345622246356,1,0,7,1,18,9,22.24506080234987,4.287430347684458,0,0.0,1
2.7133409325319495,2.5246574435498745,85.0,0.2406411947334694,10.927080820495046,1,0,15,1,60,11,3.526135411455101,1.894261955144734,0,0.0,1
0.218533924482013,0.165245840753798,18.232734424678785,7.021726881538593,1.850037977103729,0,0,2,0,1,0,297.2484927238894,0.15043955159420455,0,0.0,0
2.9849481856379523,2.4400478063156017,220.0,0.18447276064415552,24.548014536989243,1,1,7,1,18,12,23.977622135999106,3.254195948012493,0,0.0,1
0.0275506593793,0.0417743532618454,21.40731934796051,8.425983811853532,2.698432782062975,0,0,1,0,0,0,30.0,0.13760932486357538,1,0.0,0
3.9812631485672525,3.8536406822917693,0.05,0.2121446562940623,16.511233480671574,1,0,7,1,32,7,12.760558891737297,2.7195618772873567,0,0.0,1
0.051478495612128194,0.001482102483155137,31.981064257983892,6.70076268490842,2.614147694037733,0,0,1,0,2,0,250.35602241809912,0.06919407698783761,1,0.0,0
0.010214503163382188,0.007215788880069968,31.86609838175417,12.760208532641919,0.7495714549594059,0,0,1,0,3,1,180.86449228795175,0.1173304038499242,1,0.0,0
0.12637275906426018,0.10471381832926963,26.978749509627477,11.672228262842623,2.4504119599294665,0,0,2,0,1,3,90.5200850789405,0.0910490499281094,1,0.0,0
0.020119770332481576,0.33126189964734665,18.520354721422926,11.233493473388794,1.8515773528408002,0,0,1,0,1,1,38.67628063831024,0.26976085168006975,1,0.0,0
3.1192443539502586,4.9893962720594685,0.0,0.03609358290892009,14.921553196533702,1,1,12,1,25,10,2.3849979198356586,2.7887696473545964,0,1.0,1
0.2461389124440372,0.008828086203894393,23.3792697675516,6.4121580395020334,0.6379703179989991,0,0,1,0,4,0,49.54851324429807,0.01521514248318762,1,0.0,0
0.3908277235016317,0.26346746524286685,14.54238694982446,9.9959907972544,1.7634534203590653,0,0,1,0,1,1,30.0,0.25960565240310796,1,0.0,0
0.06116233594974417,0.18989777293595064,20.41255746549292,8.992367888591934,1.2037758772261808,0,0,1,0,2,1,78.0072155658024,0.05675271504778822,1,0.0,0
0.14088463105697685,0.038498762652064956,30.396720788835935,7.116877194612453,2.580421940096241,0,0,1,0,1,0,320.84835407819975,0.5566852188998851,1,0.0,0
0.2185898770331838,0.11702676144533464,28.354260785248965,9.120958554011867,1.5535164144055729,0,0,1,0,1,1,30.0,0.29086768830508625,1,0.0,0
0.017086620710959365,0.03946959976120616,13.3419327005034,8.874137875953199,3.7975448446859867,0,0,2,0,0,3,70.6857434150161,0.07299651945251437,1,0.0,0
0.15292056487173902,0.13597495209059965,15.841465486180452,6.179959236113422,1.7023574640035037,0,0,1,0,0,0,112.87475132284865,0.22739351984006106,1,0.0,0
1.9785343637626076,2.633891543167571,190.0,0.09326140150141457,15.27888395197776,1,1,15,0,32,11,23.864321929121346,3.4703468551587338,0,1.0,1
0.22489777535772904,0.12160092701777706,28.356081318213246,5.489856251492393,3.1634949996973813,0,0,1,0,0,2,140.19506449471461,0.4259329064576666,1,0.0,0
3.435858427408376,4.4414138462399055,85.0,0.0002192460454781553,13.331879134485106,0,1,8,1,32,6,2.914245606107931,4.366432062855787,0,0.0,1
0.04075207255344091,0.1831252935865291,21.600901175912576,10.577679423964188,2.155575112758557,0,0,1,0,1,0,53.60973894381082,0.14688846199682143,1,0.0,0
0.0298324914004404,0.003293277714841944,35.558922593025244,8.65714644192225,1.2977027868087643,0,0,1,0,4,1,47.70125170163871,0.26212240096677747,1,0.0,0
2.212928880352788,2.348446700195969,0.0,0.24393116812048884,15.242923533532165,1,0,8,1,60,14,17.940120890279694,2.1667889312395174,0,1.0,1
2.869509497963507,6.331111556231283,0.05,0.009499343828239276,12.19003234001011,1,1,6,0,45,6,18.34059677974146,6.204052226422647,0,1.0,1
0.00686535846578482,0.004435315757889262,5.232728518814884,6.319215602385123,3.4259103323213607,0,0,1,0,0,2,74.91670754272525,0.18590615484923545,1,0.0,0
0.12581040598633153,0.09346505381269651,22.803105987145408,10.017512385312077,0.6821890630098473,0,0,1,0,1,1,70.41475450218068,0.1649888932755836,1,0.0,0
0.007049643218980496,0.0339253851692781,37.2900785949499,8.23169334601519,3.043042526836382,0,0,1,0,2,3,102.9719182095936,0.030419774541709712,1,0.0,0
0.03249534345081599,0.06916353372656922,27.459443794029063,7.75487543885817,2.36358427384619,0,0,1,0,1,2,30.0,0.4683000598288589,1,0.0,0
0.031921015908013536,0.07644427265215196,27.410707240477514,8.12480235744632,1.4699886959586135,0,0,1,0,1,2,151.605481437639,0.2120728235316326,1,0.0,0
2.82864348754483,3.3427235075445316,0.05,0.05628934410695921,6.830323343239223,0,1,5,1,32,12,11.510824217398088,4.913098408843712,0,1.0,1
0.06178129431361794,0.010552102612890604,27.4554404716877,9.333047089430343,3.042746632841343,0,0,1,0,2,0,30.0,0.08354147324900185,1,0.0,0
0.1232061931927296,0.009358149937842007,16.83008741787763,9.012649305937707,1.275778686169071,0,0,1,0,2,0,30.0,0.16137435520752078,1,0.0,0
0.0317897240167853,0.02467103556755709,28.16573309721874,8.939740284747892,2.900915761785309,0,0,1,0,1,1,46.488939473997995,0.05025018535713031,1,0.0,0
2.151291007294473,2.516395794053155,0.0,0.21152111027278014,14.006990453019494,1,0,5,1,32,8,6.18207215120881,3.5022334705990033,0,0.0,1
2.6307249814857063,2.465318978991139,0.0,0.1735960408021807,12.41059548557376,1,0,8,1,25,10,22.604776841297305,3.9113034864834324,0,0.0,1
0.1372969621224422,0.19000000657868044,20.618635129730357,5.789827868449988,2.0546561209126986,0,0,2,0,2,1,73.75868573007442,0.027333894062268244,1,0.0,0
0.09842189088457327,0.11490182223977399,24.487990048988205,8.129468170139283,3.4050555856028932,0,0,1,0,1,1,30.0,0.008015605377062087,1,0.0,0
2.3335735855110893,3.0979679202305874,190.0,0.05172188919268961,11.522957509795821,1,1,7,1,32,6,24.126394519852077,1.5,0,1.0,1
3.103916449339047,4.005228953551469,85.0,0.09342297784426737,12.423232211204459,1,1,5,1,18,13,1.2557511844261633,4.594506181879976,0,1.0,1
0.040661819128154246,0.06899669849219418,29.031447627189234,9.64753552228917,2.1318177325967187,0,0,1,0,2,1,205.85692018072018,0.0029989580011056637,1,0.0,0
0.05364345502747124,0.04434819596826892,20.173273885213902,9.963344653241823,3.0119055837497712,0,0,2,0,2,0,316.5131637868675,0.08761456115478633,1,0.0,0
0.15024809674464315,0.03775281564962333,33.36783117514324,6.1570337400580275,2.0629450965419935,0,0,1,0,2,0,318.6843841466752,0.16794552539652186,1,0.0,0
3.3007890060349228,3.9004480869761586,0.0,0.13151206391433737,16.833964915746385,0,0,5,0,32,7,9.721276811794077,2.7636386211577326,0,1.0,1
3.6701063663925035,3.218351793146382,0.05,0.1550964871301238,17.84580490119298,0,0,5,1,45,8,15.715013297214773,2.6265070903983263,0,1.0,1
0.024596685130078653,0.16248326038216004,13.167806838108907,10.0492512705503,3.5627487850530115,0,0,1,0,2,0,30.0,0.21648256175484626,1,0.0,0
0.09826138146692485,0.09866573603847027,21.3470936639429,6.892938077145816,0.791648050504401,0,0,1,0,1,2,649.4661510846079,0.00969695053769059,1,0.0,0
2.294865582335542,3.5776749987638032,220.0,0.023254880690533858,13.12478387137562,0,1,15,1,60,11,17.593632119480286,4.188326152608406,0,0.0,1
0.030636153016905875,0.061721937720582334,17.15925944192874,7.003856391356665,1.8226772121099613,0,0,2,0,2,2,61.908913187249766,0.07435475307195087,1,0.0,0
0.09296485657659125,0.14741835230768863,40.18771981229675,10.58755391280351,0.25211540533814447,0,0,1,0,1,1,30.0,0.16180177982390892,1,0.0,0
0.08245110155049475,0.10977621063829915,35.7345051716497,7.992719092214996,2.4038880947406187,0,0,1,0,0,0,163.45017539587437,0.23298615874840484,1,0.0,0
4.07706134101762,2.544870075105684,220.0,0.01695925500898479,9.859810385072077,1,1,7,1,25,11,13.008073505431742,3.096472329234475,0,0.0,1
4.217478896612483,2.88763966205087,0.0,0.19974231484681707,12.181363796463668,1,1,15,0,60,14,11.254894173436536,1.9394834117260005,0,1.0,1
2.1118803124019614,4.943421164315846,220.0,0.21550263010493767,7.052503666637339,1,0,12,1,25,9,17.240566168708227,3.7134793554675873,0,1.0,1
0.24544566399464665,0.15863451794540395,28.757934005225056,6.74078738167202,1.974588630678405,0,0,1,0,2,2,474.6012760324419,0.0001078719222262902,1,0.0,0
2.5832848811713087,4.0824868262428415,85.0,0.11948991086979613,17.73057251961214,0,1,15,0,25,13,12.796894686413532,4.878251384897807,0,1.0,1
3.952560435216144,3.717650150337576,220.0,0.06679700592126975,14.686017084561072,1,1,15,1,32,14,11.650726907075033,2.5122217984358306,0,0.0,1
0.006882555720647084,0.007042746257846359,38.23694900766999,9.291423064833907,1.6157799546540286,0,0,1,0,1,1,168.48139493881706,0.20663078978484176,1,0.0,0
0.07485584039599427,0.0719123695551583,31.847334047553847,11.087867046211429,2.625120456339924,0,0,1,0,0,1,323.479482787283,0.23865366953125863,1,0.0,0
0.04233745376620313,0.07992485520076653,5.186856800952096,5.666019720638018,1.5112980297678762,0,0,1,0,1,1,198.1839504868671,0.048346875529109934,1,0.0,0
0.009930082481735696,0.023227993882343877,31.090175922244704,13.13503246239371,1.4751074343635149,0,0,1,0,2,1,229.968007510259,0.05432626799152216,1,0.0,0
0.07941574614712403,0.06253843753077146,38.67365734894695,9.36399312673922,1.0518760535674576,0,0,1,0,1,0,30.0,0.31013292784842933,1,0.0,0
0.3991700342602459,0.08412452410600856,25.39686527130354,10.694845374845414,0.6628477891588085,0,0,1,0,4,0,123.85909969704339,0.19965384126977684,1,0.0,0
1.6969316111769175,2.553238745209308,85.0,0.14554631495888534,14.378032736304618,1,0,8,1,32,12,24.444779668847417,3.6302922692465263,0,0.0,1
0.00793758997107589,0.038885271661232,21.267504992944733,9.980156731410574,1.2323298456951912,0,0,1,0,2,1,78.21997556166433,0.10027789323555397,1,0.0,0
0.029457037035641155,0.04030069624970374,29.54611370188093,6.234785418957492,3.916454321016353,0,0,1,0,0,1,165.7995034398992,0.07533853384521334,1,0.0,0
0.04336376471293318,0.14062631834873277,27.275194393984712,8.149513274071378,2.6503111974963427,0,0,1,0,4,2,376.3018939198527,0.07889108352279196,1,0.0,0
1.7482329342107572,2.3974202091104893,85.0,0.046991851487089176,16.940773169603084,0,0,8,0,45,14,23.647518583865804,2.966421918272632,0,1.0,1
0.11850394891537384,0.14267547151700075,23.900857678523714,8.579598908232033,1.0261338463067435,0,0,1,0,4,0,234.9072656358389,0.17931698816304964,1,0.0,0
0.047846618643114604,0.22035169124540643,30.922527783997207,10.171939848544554,0.6313289314799422,0,0,1,0,2,1,117.8903523661204,0.0018463157060281483,1,0.0,0
0.09341977524237796,0.0019784134647782203,16.723030396332913,6.70301902645431,1.388269963581455,0,0,1,0,3,0,53.330001762986825,0.0074744226988246835,1,0.0,0
0.022870202803998905,0.06482767951166685,18.425875504706447,9.860574331435513,2.932375241647187,1,0,1,0,0,4,342.0358617741888,0.0466065557890902,1,0.0,0
0.08029747489334015,0.06794950157684974,13.1065664474792,6.650711963103937,1.0365009394839486,0,0,1,0,1,1,210.86904213760167,0.4680461055219505,1,0.0,0
1.5108612201882892,5.129410587665034,190.0,0.13952129952673148,15.244557937701813,1,1,6,1,32,7,7.614077956158927,2.281879416560246,0,0.0,1
0.2474954265478138,0.001261355427999603,16.825479509869393,9.554660158961344,1.9909437363770188,0,0,1,0,1,1,196.60139559409475,0.007976700029396013,1,0.0,0
3.3670503103769427,3.076390913462548,85.0,0.17494082804971328,12.080566355309587,1,0,8,1,32,14,3.721840810677749,3.858931262218423,0,0.0,1
0.0017581771518802537,0.02618376929200963,18.26657728450938,6.285633460236479,1.7668640674549483,1,0,1,0,1,1,145.66476385289857,0.25180860462447757,1,0.0,0
0.14925993380216182,0.0636910670069497,22.425212432630445,10.067462793505754,2.1015559856102444,0,0,1,0,0,1,124.80919825192304,0.02480014243480466,1,0.0,0
0.06974177661450963,0.04394960317861186,30.05236872648394,8.004585603131005,0.9559140641761592,0,0,1,0,1,0,41.049405656172326,0.30326408840746216,1,0.0,0
0.04709150291318254,0.017337189934410396,20.93782092819425,11.402750922140763,2.9988621603282146,0,0,2,0,3,2,124.71091808146177,0.3537271135874849,0,0.0,0
3.8477744270001635,4.331390184470686,0.0,0.06761909954317807,15.091676962375283,1,0,7,1,60,9,22.80896038727199,4.516291548996441,0,1.0,1
3.57303171335628,1.9914743135167197,85.0,0.15270738295923164,9.535572781241283,1,0,5,1,18,14,9.361868739213417,4.955608135534993,1,1.0,1
0.012839628172313919,0.12949450751089633,25.731733150118394,4.796826331418827,1.2665379088310358,0,0,2,0,1,0,30.0,0.26007565331559607,1,0.0,0
0.18181137411917453,0.008404507518561513,22.174161926344674,11.943928576264351,2.6877691637967063,0,0,1,1,4,1,105.54907356470106,0.06416558739145356,1,0.0,0
0.056076262497016624,0.01893509991964478,23.374237035395048,9.100350098569042,2.0429073261676916,0,0,1,0,2,0,152.08938074650692,0.014735734601954598,1,0.0,0
0.19089961952661552,0.015796083359107857,20.572346792291754,7.190793958142024,1.538301284412416,0,0,2,1,2,0,203.74063586090188,0.21750993343507552,1,0.0,0
0.0444455161865232,0.02120672670111377,30.377228338150523,8.396837485568843,0.724129000098076,0,0,1,0,1,0,108.48682057204537,0.33515190057429617,1,0.0,0
0.04612086258234412,0.10183634053523152,18.969635215942656,11.143761984319603,1.511553908661349,0,0,1,1,2,0,123.49919887696933,0.16021863759253765,1,0.0,0
0.0910047836439976,0.06817135510901101,25.87163353356403,9.003185614523474,2.794544798213313,0,0,1,0,1,2,30.0,0.17614037779170988,1,0.0,0
0.0908423565015987,0.006008687706606963,24.04454827060155,6.812806774936574,0.8854927319059307,0,0,1,0,3,0,225.05836169616728,0.17403453492084248,1,0.0,0
2.7907475998159152,3.8880298090781342,0.0,0.12802941699535003,7.699244281121074,1,0,8,1,45,14,12.738078424218868,2.496691437728333,0,1.0,1
2.511972301106727,6.552393259531165,190.0,0.03512950371092538,19.55628835286086,0,1,15,1,32,7,12.986733871847864,1.9123361197364637,0,0.0,1
0.10600321248799258,0.06606316458634327,28.886491783601638,10.418992153198882,0.9726865769490276,0,0,1,0,0,1,30.0,7.704498739696492e-05,1,0.0,0
0.07386788658688166,0.031376854429348316,19.5589343797962,4.603242986535697,3.3627408269989623,0,0,2,0,3,1,51.38591645707651,0.06442344816913322,1,0.0,0
4.345649477286907,3.0596937669262814,190.0,0.21760147341692332,14.060907845384866,0,0,5,1,25,10,23.694285988575963,2.5333231651979853,0,0.0,1
0.07705111063387858,0.012170655014644654,26.740392684668862,7.444805314841898,1.5461164011509276,0,0,2,0,2,1,30.0,0.6348376301840654,1,0.0,0
0.06622494047073853,0.03802581776284506,38.21017780320178,9.543190320705014,1.0000529732066177,0,0,1,0,2,0,287.81361974815974,0.5374435637356244,1,0.0,0
1.026796188936191,3.7138521067207226,0.0,0.18108709446566587,10.464765097105925,1,1,12,1,18,7,23.461373865252167,2.56821140011628,0,0.0,1
0.020138146813475817,0.047703158118732276,35.07379696823601,11.845979405689906,2.043814192831761,0,0,1,0,2,2,58.26136870710699,0.025857075461286183,1,0.0,0
0.10423374283470871,0.16404257689558552,30.860284668045093,9.940027063672503,1.9583202218705855,0,0,2,0,2,0,53.08163871298078,0.20027022419604312,1,0.0,0
0.062368901713961034,0.02215580724005761,24.70772303894065,8.931325574972128,1.855267601081464,0,0,1,0,0,0,66.33200976532933,0.18420014712127067,1,0.0,0
0.035923869899438306,0.12922501211579906,33.59134267400101,9.185706931563296,2.376367037199109,0,0,1,0,0,0,71.37595212935325,0.02667177012757037,1,0.0,0
0.12353347556408914,0.007450801776503737,28.23178930505671,10.227211013772575,2.9329016611095904,0,0,1,0,1,1,111.2846251301349,0.6919337562203757,0,0.0,0
2.7111125260973945,2.4810314600419545,85.0,0.19890924826888182,18.675645070939755,1,0,8,0,45,8,14.754149327899821,2.328856271943951,0,1.0,1
0.12327728322812459,0.02904883997684685,9.227423981687085,9.027776988700044,1.0934922190672296,0,0,1,0,0,0,30.0,0.08750716263392434,1,0.0,0
0.06821092281900826,0.07031127411025946,24.006431103467968,9.630400434169198,0.0,0,0,1,0,0,3,55.99161763918656,0.010506989434062988,1,0.0,0
0.12064874696608818,0.11363270267273552,36.562432259868324,7.6982693299805955,2.279767707728216,0,0,1,0,1,0,37.81096314779899,0.20486486834180728,1,0.0,0
0.2073738793373378,0.1821682429409145,29.062543424311254,10.362023709738208,1.3175312309828893,0,0,1,0,2,1,30.0,0.9,1,0.0,0
4.2545561388953335,3.230519897217254,190.0,0.09111382211100291,14.786297478516142,1,0,8,1,45,7,4.544235326602121,5.243177680982149,0,0.0,1
0.13275586133603837,0.20027155211866826,20.08725915694725,4.46741137915367,0.9953107211250851,0,0,1,0,2,1,96.74733488627061,0.2065043090239228,1,0.0,0
0.09596278886279044,0.07820483545059022,36.584475643990174,7.4022922807354945,3.8121405873077654,0,0,2,0,0,3,30.0,0.07876617937572038,1,0.0,0
1.8933049278111205,2.294079780839424,0.05,0.10868458223126518,19.802261534465124,0,0,12,1,18,7,2.641682910507889,2.783304427120977,1,1.0,1
0.06384952249831259,0.0673701069147314,41.47482808211035,10.333412945178036,2.0044385226098145,0,0,1,0,1,0,148.6397823226669,0.08292120023877633,1,0.0,0
1.9799563544958674,3.2218435889488077,85.0,0.03659647325540749,5.0,0,0,12,1,60,6,13.824247547098032,4.898603073210426,0,0.0,1
3.6921675938161638,3.9628505331388846,85.0,0.02628977225564144,11.015689755348244,1,0,15,0,25,12,3.102163698228658,4.108726743840568,0,1.0,1
0.13239137700852827,0.011199320601134615,30.91276128380341,7.3236937493588625,0.1424285548330828,0,0,1,0,2,2,202.37161036607012,0.23266691252433286,1,0.0,0
0.08783461459017906,0.09068673963024146,29.500789807346067,12.197877237123716,0.9565005049052424,0,0,1,0,2,0,30.0,0.06610801253907549,0,0.0,0
0.47748914146100185,0.33243963775190644,24.357946792665686,9.708049693899106,0.41149686359182747,0,0,2,0,1,1,30.0,0.08297987677087804,1,0.0,0
2.0074205754848826,2.5203169875781946,0.05,0.02132116569420811,16.529814892727188,0,1,7,1,32,8,22.931319518572636,1.5,0,0.0,1
2.0219146118166074,2.894783713555432,190.0,0.08712791597504724,8.47306335249341,0,0,15,0,32,9,3.3751898133772515,3.631088539869321,0,1.0,1
0.1952406037388059,0.13746952154111347,34.56655535759216,7.321641900604707,2.5196374682685905,0,0,1,0,2,3,513.1740822239074,0.009819573263157102,1,0.0,0
0.0395763408161099,0.10688838789686633,22.085853154585543,5.586284743503924,2.364170063142411,0,0,1,0,0,0,71.2265918867193,0.30668698126361577,1,0.0,0
0.2607783114607399,0.13304098392205913,18.045373833073,7.264407453037944,2.684493024696896,0,0,2,0,2,1,86.82178100962831,0.21498712043595836,1,0.0,0
0.19703757460417587,0.09043146826304652,30.819471821930968,9.074535858241585,0.0,0,0,1,0,1,0,239.10001740814877,0.06160398588013164,1,0.0,0
2.4566739929154613,3.1276645045773366,85.0,0.0954593824759419,18.503721831944187,1,1,12,1,32,7,6.996169189714996,3.884519287719911,0,1.0,1
0.038984810387415615,0.06719613448418789,37.01902750222686,9.408662866304457,0.3943665969372123,0,0,1,0,3,1,410.7692163231455,0.3602437700648298,1,0.0,0
0.039730016020755536,0.021775115252139758,33.949344098440335,8.543330823407127,2.357192878994939,0,0,1,0,2,1,677.0418726180087,0.1596469064111493,1,0.0,0
0.2621431210135275,0.013467980872542648,24.116712356783424,8.389212949035329,0.33581704542897284,0,0,1,0,2,1,30.0,0.010212861980980113,1,0.0,0
0.006318740277045001,0.05178784354063899,24.049405662844833,6.636017749432921,1.3326903945290414,0,0,1,0,0,0,479.9116552030266,0.03284420954921162,1,0.0,0
0.13819225832497098,0.13032420575576986,11.759508924809461,9.144040959310427,2.4411044843670213,0,0,1,0,2,0,97.45264894271484,0.06302143366566716,1,0.0,0
0.05820464729463814,0.031223882418384426,28.149274660762753,10.260972920448262,2.2288492080959075,0,0,1,0,0,1,30.0,0.005291905684236609,1,0.0,0
0.0032963829461328115,0.04754896903718503,34.10071183411718,7.226538881783886,1.775444958409347,0,1,2,0,3,0,62.30042776878017,0.15658685327243282,1,0.0,0
0.14594887340408258,0.06767663545022845,19.09067674744579,10.34210625609585,3.763404045918522,1,0,2,0,0,0,36.080170557215745,0.6070778869492297,1,0.0,0
0.023898339046542,0.011368475375259663,38.340857567761795,2.6763921105654687,2.5919119062445883,0,0,1,0,3,2,269.20918234163827,0.16970975400934896,1,0.0,0
0.013302426097145536,0.08461178406802311,23.357281960081224,6.76233702422058,1.394430344696568,0,0,1,0,0,1,87.49307006869805,0.10457347213080087,1,0.0,0
0.022725003175566992,0.0108239219122652,29.00167826303104,10.63632206975197,1.048071152323747,0,0,1,0,0,0,554.0429546838391,0.09615686207728759,0,0.0,0
0.002441205528543171,0.23389450284797367,35.86332176488463,10.036233904861389,3.4320096713686254,0,0,1,0,0,2,227.9941148155229,0.005744145272732867,1,0.0,0
0.12008835455176871,0.015856352016680883,23.524432115829143,8.222864753205178,2.3070275179293627,0,0,1,0,3,2,39.09045566217785,0.4119497691411258,1,0.0,0
0.09689054458633473,0.19104237209107208,23.878350962157917,10.755849971033655,1.5992642013836502,0,0,2,0,2,1,125.97626660802536,0.46183653808862424,1,0.0,0
0.011526088152798387,0.09227133921869207,40.31958183374008,9.635989079048484,1.7718953155484833,0,0,1,0,3,0,140.71628205363703,0.07987818504081154,1,0.0,0
0.19472910926985526,0.06153446974621304,24.301918745971445,10.492925230825968,2.6917051136079877,0,0,1,0,1,0,73.78895534630931,0.17106587470616355,1,0.0,0
0.019706518946996012,0.129323774242118,27.217464583826068,11.716154270907094,1.9973219124418677,0,0,1,0,3,1,136.33985929678005,0.11056259907305416,1,0.0,0
0.12006044972781255,0.0032935854118341834,27.054217449912436,12.840904357889112,1.3666700784697636,0,1,1,0,4,3,476.84597937672726,0.004255710855267849,1,0.0,0
3.866733148098409,5.110903298067864,85.0,0.16041104540706544,16.393116484155676,1,0,12,0,18,9,7.916963103087745,3.9408254046859805,0,1.0,1
0.01568110645669071,0.04285535312742986,16.2945740551613,7.1700669773600065,2.967334364678167,0,0,2,0,2,0,367.3992071756225,0.4502906628353529,1,0.0,0
0.08784696657619123,0.017969093741842777,31.00665608723863,8.391490794271704,2.72754737379062,0,0,1,0,2,3,339.7001713690119,0.25535557885527416,1,0.0,0
0.06285878835488036,0.1671867317116069,25.187504329156617,9.415219483880744,1.6887347856956465,1,0,1,0,1,1,585.0244907615885,0.03964335564062542,1,0.0,0
2.9502420362990205,1.0598722567019636,190.0,0.09809196520987518,16.993625263649964,0,0,15,0,45,11,2.1987042529576346,2.876798794131949,0,1.0,1
0.16206682155733249,0.04049184462798802,16.11547075579059,5.771933670321372,2.2810722250176196,0,0,1,0,2,0,240.60840590079218,0.23380555906276168,1,0.0,0
0.02038170767651487,0.18540440779781098,21.874036119591764,7.34988360762526,1.4533121782627831,0,0,1,0,0,0,94.79993396122379,0.0018591551264961585,1,0.0,0
0.04234739576942553,0.15354095812956184,28.74937854135787,9.147264945025956,2.0901104292310864,0,0,1,0,5,3,350.60803371805923,0.03577669494445903,1,0.0,0
0.037945630923907916,0.09263746738365018,29.45236981942915,13.99756483182013,2.669252564126162,0,0,2,1,1,0,427.80516132147943,0.06771638075628551,1,0.0,0
0.059927722166000084,0.21190063047712948,22.315263944225254,8.714372929564831,1.8419059631408088,0,0,1,0,0,0,30.0,0.33202887728543123,1,0.0,0
0.017602993513839277,0.042251812597085305,35.06644950868751,7.131907939241916,2.447266558251069,0,0,1,0,2,0,141.79686647421505,0.027852297122085264,1,0.0,0
0.32457067252851785,0.0356810837834182,30.141676347851917,8.728465289004712,2.4003060931548195,1,0,1,0,2,1,40.82571320320913,0.16745035837555713,1,0.0,0
0.1466811936724781,0.008709043466301254,28.710038212426348,5.404937835451108,2.6105283942093265,0,0,1,0,3,0,221.74961585780403,0.32354149311226654,1,0.0,0
0.4044756410953407,0.014546245999661565,24.672145545833146,10.767376996197019,2.4855939200440025,0,0,1,0,0,0,394.69622884193086,0.2194069122656815,1,0.0,0
0.12310069428456315,0.023384178817319856,18.273690061783785,8.99103688665472,1.2644693340924182,0,0,1,0,2,0,30.0,0.025686524524787247,1,0.0,0
0.01949061479044994,0.03764143317637253,32.314639181117876,10.231745177168687,2.0701858524227448,0,0,1,0,4,0,30.0,0.11331391541082979,1,0.0,0
0.08872218592665133,0.0167227096568183,22.276479441955352,8.410744753867116,1.498770992556546,0,0,1,0,1,2,107.05546901530975,0.033926697846569515,1,0.0,0
0.19182785717373305,0.060092231419184704,23.201606419898596,9.035392508717324,1.6868384771198865,0,0,1,0,4,1,108.66569186233173,0.29899815931091384,1,0.0,0
3.133762737983618,1.608462898100473,190.0,0.14447625207178613,9.239691163749953,0,1,5,1,25,10,20.563643465057705,4.280497498228956,0,0.0,1
0.11981736002706521,0.05076073086091899,20.634734982861488,10.316445048183457,1.4077556223759866,0,0,1,0,1,1,229.76036039164754,0.6396084497842716,1,0.0,0
0.03401474077097946,0.18575456992290929,25.334125857125713,7.841117790550331,2.9430406415610397,0,0,1,0,3,1,218.98214247176512,0.03315153752801266,1,0.0,0
0.04657456422558669,0.04806571532997284,30.472697699489217,8.813797482397026,1.2638029156173256,0,0,1,0,2,0,370.3427302652288,0.02372974464958144,1,0.0,0
0.09885161821401534,0.04017666647820118,38.6106988548253,8.725497876153499,2.489962309452716,0,0,1,0,4,0,170.28832440047861,0.42535346699863485,1,0.0,0
0.36930748953456277,0.04367983343649486,20.860866937152903,10.678759672309216,1.4664546626159463,0,0,1,0,1,2,140.43400632736729,0.09110707771477711,1,0.0,0
0.08621645063208425,0.058755958083014266,20.50975320789821,8.245674407411737,1.332776763113352,0,0,1,0,1,2,323.12828729650647,0.09072306229754158,1,0.0,0
0.0798639569067791,0.15155664247314155,24.905135048450383,6.650576239197656,0.0,0,0,1,0,1,0,553.9330756502816,0.18940240573525433,1,0.0,0
0.022205681287869705,0.02497363624281763,43.53814233749826,9.361692010339492,1.9456487255997976,0,0,1,0,0,2,154.67045643236082,0.014623525978920424,1,0.0,0
0.05921367956299462,0.18164549062097304,25.530929707923452,6.194196112705235,1.4549724270775684,0,0,2,0,2,3,169.8378358567468,0.26249210882592194,1,0.0,0
4.037841944260534,1.689138848486954,85.0,0.02065589169869908,6.633832812805583,0,0,6,0,25,13,18.08443765805655,2.126221031379486,0,1.0,1
0.19984392499941994,0.030454280169741478,13.805422796058252,6.088835297952489,0.6686505586247862,0,0,1,0,2,0,99.91686104656402,0.021953236873312545,1,0.0,0
1.7645662280064462,3.122961505774075,220.0,0.14340764139364598,10.678306979978583,1,0,15,1,32,11,11.09482148785866,3.8439398294436917,1,1.0,1
0.10804785766554717,0.0021575021053065442,26.56894017313748,6.3328069106549245,1.6130159008423095,0,0,1,0,0,1,672.0480730663312,0.11969013188580307,1,0.0,0
0.1675118622378785,0.02544769384764248,15.14281672611676,9.139556082253641,2.90371836104992,0,0,1,0,1,0,30.0,0.25734552136610955,1,0.0,0
0.03836521134854933,0.005556043750338218,39.42101578024028,10.531713037985956,1.0225246668472847,0,0,1,0,3,1,30.0,0.07021023099660414,1,0.0,0
0.02586019920098129,0.22110523066509052,19.23921260372825,11.034547292636763,1.5706561495052858,0,0,1,0,1,0,193.98321831100608,0.05855956930309589,1,0.0,0
0.1949619623958508,0.03637665202029009,12.146869145572014,6.974837141005905,0.0,0,0,1,0,2,1,47.636297042729524,0.2080048792048751,1,0.0,0
0.07845706185360152,0.0081960007885158,19.007445366280862,9.54000876160162,0.8837098296988608,0,0,2,0,2,1,337.0220726566982,0.02696082922522093,1,0.0,0
0.1837816049872785,0.04382327213460675,17.718401393251643,7.78310762138665,1.9686040629339758,0,0,2,0,0,0,34.044083607831226,0.4114819510655028,1,0.0,0
0.025167440995600265,0.0821053492053558,18.148476344267635,9.538873246383474,2.5282883324746677,0,0,1,0,1,1,228.24670634059075,0.16140866381483046,1,0.0,0
0.21464955290315008,0.03617001905603351,14.063546745567884,6.885444459979259,1.3463093130037431,1,0,1,0,2,3,502.2512730984577,0.19626070488359637,1,0.0,0
0.34318549948224525,0.007331912778063934,28.17377746539943,8.534367700771057,3.6076173868244465,0,0,1,0,2,3,30.0,0.4834668009742695,1,0.0,0
0.033225245452548374,0.025789255223035875,22.35322014138233,12.385154357661264,2.2516538689865535,0,0,1,0,3,1,33.385729556707055,0.33497313789143757,1,0.0,0
0.12994188211542038,0.10760440996577546,36.9053380262285,9.550289317576542,2.073740786206545,0,0,1,1,1,2,30.0,0.22137553060917614,1,0.0,0
0.036500316240670544,0.24335898396098737,23.668666653171343,8.014967100947956,3.2609516854809275,0,0,1,0,2,3,269.3185242771496,0.01493743466415212,1,0.0,0
0.01907424188013902,0.10827142997313932,28.346123965745825,7.536271369030554,2.508368676721951,0,0,1,0,2,2,336.877060752931,0.050446548496371285,1,0.0,0
0.1476524280722945,0.001644064850829255,21.70173286915412,7.836812442136909,2.231406351277416,0,0,1,0,3,1,47.934829873600286,0.5064112261290882,1,0.0,0
0.009597194968748649,0.06016118199265102,22.990699263544794,7.068911160482945,0.8648805805887609,0,0,1,0,0,0,92.01497787320847,0.011594577758588092,1,0.0,0
0.06486777288400677,0.03790146161527288,25.30895373881029,9.305313963294322,1.0065664008668844,0,0,1,0,3,0,83.51702295437374,0.3976896081199822,1,0.0,0
0.09001719004192683,0.0007900929359402804,24.709976987171018,8.450339371746706,2.9031675919947766,0,0,1,0,1,0,30.0,0.01575134973278446,1,0.0,0
0.08870549291206477,0.0036119711297173114,32.51373323527214,6.452531109444363,0.9101969558330663,0,0,1,0,1,1,887.9547684524445,0.10952326823770385,1,0.0,0
0.005286780006290673,0.09909710546764432,24.03151276398198,6.157664664397526,1.3953802794827928,0,0,1,0,1,1,144.69069616744707,0.23728301512802685,1,0.0,0
0.06262447497284954,0.34144769141430475,20.907822526938173,9.477040276948017,0.0,0,0,2,0,1,0,260.6922987186267,0.34312914899630376,1,0.0,0
0.25362014687241474,0.05410544319642523,20.893940658066455,6.224799590071529,1.939130430068942,0,0,2,0,3,2,873.1727250927499,0.006968356148390644,1,0.0,0
0.09977623565876002,0.14023125085183905,22.481894402660203,10.30323889784949,4.206804932054469,0,0,1,0,1,0,567.4983336218359,0.06089176840249934,0,0.0,0
0.012978359719832954,0.0017781611884801324,35.62917875012946,7.322616601061452,1.246735788262858,0,0,1,0,3,2,43.66021893622953,0.4088211794764928,1,0.0,0
4.22599790123638,1.5928524162648652,190.0,0.14381003911245238,20.88306979267034,1,0,5,1,45,9,10.922573712478982,4.3390118865733145,0,0.0,1
1.9648089844321321,5.606632613026047,190.0,0.11358592453769409,12.378521054427175,1,0,15,0,60,12,3.738483943990686,4.228731604051964,0,1.0,1
0.0408296357878334,0.018895474699970567,24.94770138365403,5.64703368675767,3.1042145208197445,0,0,2,0,2,1,30.0,0.22471103642467138,1,0.0,0
3.4056351068677437,3.0630667672798437,190.0,0.22269516627409264,7.977347255880094,1,1,12,1,18,14,11.816059158312402,2.7117491132464844,0,1.0,1
0.021906459096577964,0.0020005913805245367,16.256116992420466,10.27368531897717,2.4155379938370025,0,0,1,0,1,2,91.54228298471917,0.3042334517384214,1,0.0,0
0.20661695562492036,0.19462300765945695,31.58996671177413,11.571261957622063,1.452712116794627,0,0,1,0,0,1,279.45601556350715,0.5447577474256236,1,0.0,0
0.2376727852003741,0.0013004850476878841,14.97960797587626,9.131438844593049,2.981821944438604,0,0,1,0,1,0,88.85968556455343,0.052842297355548774,1,0.0,0
0.06483279851024056,0.06553641246123547,23.09558605315771,9.520197462414545,2.8460450088894076,0,0,1,0,2,0,30.0,0.4989208222694325,1,0.0,0
0.043304489047121905,0.0423409774536902,37.93753649559159,9.986019388100154,3.1602107681070946,0,0,1,0,1,1,803.4177540382643,0.22181559416382843,1,0.0,0
0.036170984509747824,0.12978594620263756,14.668241996094917,5.723415137030296,4.422555574595944,0,0,1,0,2,2,118.20612833701661,0.18693102203712342,1,0.0,0
0.4763449574789174,0.01584284190700138,26.783873528348803,6.88733756224078,1.4607352887726353,0,0,1,0,1,0,60.07092161489232,0.3242182171382544,1,0.0,0
3.3578919235658797,5.533559695342152,0.0,0.08877408153209163,16.550326247547105,1,0,15,0,18,9,19.05875983845438,5.476787147542665,0,1.0,1
3.673046278509775,1.9132617060161135,0.05,0.12591864366389588,11.319840749574007,1,0,15,1,60,14,17.266010533941532,3.97274709518008,0,0.0,1
0.03244771654135814,0.026883178926945285,17.62439466294347,7.362921390221999,2.6063215333663163,0,0,1,0,1,0,108.21314665287542,0.08005589765880508,1,0.0,0
3.043245978106192,4.926895060553364,220.0,0.035255751543571995,15.153568853380019,0,1,7,1,60,6,12.620419333937058,2.8418513218278223,0,0.0,1
0.040376298890467045,0.12030824138050482,29.980512312089395,7.804020900808833,2.1724198520913993,0,0,1,0,1,1,71.74106515576378,0.09543331390774101,1,0.0,0
3.1070164725197693,2.8843254923568953,220.0,0.19283068842760323,13.31760496124956,0,0,6,0,25,9,12.904174364691663,3.617226498087603,0,0.0,1
0.06110629331636546,0.07052468512251381,21.837289089864818,9.428975211154468,2.3767168478693588,0,0,1,0,1,3,422.38324700123394,0.018212996918345783,1,0.0,0
0.05058359879034904,0.06499706218497518,16.723899913615668,8.989549682223396,1.8133867782713953,0,0,2,0,2,1,229.7664864611748,0.08762093311888981,1,0.0,0
1.7148196369769069,3.517835500073914,85.0,0.15839916713308697,18.748929049926726,1,0,5,0,18,11,6.200784716923734,3.4838505014875896,0,1.0,1
3.5919962611696725,2.325272321774406,220.0,0.13877060220964188,17.032744250092364,1,0,12,1,45,8,16.38104031962782,5.330763556205209,0,1.0,1
3.7872560516877094,3.1137684293040753,190.0,0.06317331163267181,13.988658446255778,0,0,8,0,45,8,11.670849023407321,3.3737015305339964,0,1.0,1
0.17928031123180466,0.04861554750009914,32.79988650370652,12.30166363013149,2.3280097179834054,0,0,2,0,1,1,792.0995244139134,0.011257237738360737,1,0.0,0
